FECHA,DIA,Tmax,Tmin,Tmed,Precip,extremo,amplitud,categoria_tmax,seco,año,mes
2004-01-01,1.0,18.0,2.5,11.1,0.0,False,15.5,Frío,True,2004,1
2004-01-02,2.0,17.4,5.7,10.6,0.0,False,11.7,Frío,True,2004,1
2004-01-03,3.0,15.1,0.8,7.9,0.0,False,14.299999999999999,Frío,True,2004,1
2004-01-04,4.0,16.2,-0.4,7.2,0.0,False,16.599999999999998,Frío,True,2004,1
2004-01-05,5.0,16.4,0.6,7.1,0.0,False,15.799999999999999,Frío,True,2004,1
2004-01-06,6.0,16.5,0.4,6.8,0.0,False,16.1,Frío,True,2004,1
2004-01-07,7.0,16.0,1.4,8.3,0.0,False,14.6,Frío,True,2004,1
2004-01-08,8.0,19.9,6.1,13.0,0.0,False,13.799999999999999,Frío,True,2004,1
2004-01-09,9.0,20.3,7.2,14.0,0.0,False,13.100000000000001,Templado,True,2004,1
2004-01-10,10.0,20.4,5.8,12.2,0.0,False,14.599999999999998,Templado,True,2004,1
2004-01-11,11.0,22.4,6.8,12.5,0.0,False,15.599999999999998,Templado,True,2004,1
2004-01-12,12.0,21.0,4.7,11.3,0.0,False,16.3,Templado,True,2004,1
2004-01-13,13.0,21.7,5.1,10.9,0.0,False,16.6,Templado,True,2004,1
2004-01-14,14.0,19.9,3.6,11.0,0.0,False,16.299999999999997,Frío,True,2004,1
2004-01-15,15.0,15.2,5.1,9.0,0.0,False,10.1,Frío,True,2004,1
2004-01-16,16.0,17.2,3.5,9.4,0.2,False,13.7,Frío,False,2004,1
2004-01-17,17.0,17.8,2.1,9.6,0.0,False,15.700000000000001,Frío,True,2004,1
2004-01-18,18.0,11.3,3.1,8.3,0.6,False,8.200000000000001,Frío,False,2004,1
2004-01-19,19.0,11.0,-2.8,4.5,0.0,False,13.8,Frío,True,2004,1
2004-01-20,20.0,12.6,-1.2,5.0,0.0,False,13.799999999999999,Frío,True,2004,1
2004-01-21,21.0,17.7,0.2,8.3,0.0,False,17.5,Frío,True,2004,1
2004-01-22,22.0,18.4,1.6,8.4,0.0,False,16.799999999999997,Frío,True,2004,1
2004-01-23,23.0,20.6,-0.5,9.6,0.0,False,21.1,Templado,True,2004,1
2004-01-24,24.0,20.7,7.1,12.9,0.0,False,13.6,Templado,True,2004,1
2004-01-25,25.0,18.8,4.9,11.5,0.0,False,13.9,Frío,True,2004,1
2004-01-26,26.0,22.0,8.4,15.2,0.0,False,13.6,Templado,True,2004,1
2004-01-27,27.0,20.1,12.9,16.0,0.0,False,7.200000000000001,Templado,True,2004,1
2004-01-28,28.0,16.8,6.3,12.4,0.0,False,10.5,Frío,True,2004,1
2004-01-29,29.0,14.6,1.0,7.2,0.0,False,13.6,Frío,True,2004,1
2004-01-30,30.0,13.8,2.8,7.4,0.0,False,11.0,Frío,True,2004,1
2004-01-31,31.0,14.8,1.6,8.3,0.0,False,13.200000000000001,Frío,True,2004,1
2004-02-01,32.0,19.6,5.9,12.4,0.0,False,13.700000000000001,Frío,True,2004,2
2004-02-02,33.0,18.4,8.7,12.8,0.0,False,9.7,Frío,True,2004,2
2004-02-03,34.0,19.4,6.1,11.5,0.0,False,13.299999999999999,Frío,True,2004,2
2004-02-04,35.0,19.5,5.3,10.5,0.2,False,14.2,Frío,False,2004,2
2004-02-05,36.0,17.3,4.7,9.4,0.0,False,12.600000000000001,Frío,True,2004,2
2004-02-06,37.0,18.0,2.5,9.2,0.4,False,15.5,Frío,False,2004,2
2004-02-07,38.0,20.9,2.9,10.5,0.0,False,18.0,Templado,True,2004,2
2004-02-08,39.0,12.0,7.2,9.3,0.0,False,4.8,Frío,True,2004,2
2004-02-09,40.0,11.8,8.3,9.7,0.0,False,3.5,Frío,True,2004,2
2004-02-10,41.0,13.7,7.5,10.1,0.0,False,6.199999999999999,Frío,True,2004,2
2004-02-11,42.0,16.4,3.7,9.4,0.0,False,12.7,Frío,True,2004,2
2004-02-12,43.0,20.7,2.4,10.8,0.0,False,18.3,Templado,True,2004,2
2004-02-13,44.0,16.8,2.2,9.2,0.0,False,14.600000000000001,Frío,True,2004,2
2004-02-14,45.0,17.7,2.5,8.6,0.0,False,15.2,Frío,True,2004,2
2004-02-15,46.0,18.2,5.2,10.0,0.0,False,13.0,Frío,True,2004,2
2004-02-16,47.0,19.9,3.5,10.7,0.0,False,16.4,Frío,True,2004,2
2004-02-17,48.0,14.1,4.7,9.4,0.0,False,9.399999999999999,Frío,True,2004,2
2004-02-18,49.0,12.8,3.5,8.0,0.0,False,9.3,Frío,True,2004,2
2004-02-19,50.0,12.4,1.1,7.2,0.0,False,11.3,Frío,True,2004,2
2004-02-20,51.0,11.6,7.5,8.6,8.0,False,4.1,Frío,False,2004,2
2004-02-21,52.0,16.3,6.9,11.1,1.4,False,9.4,Frío,False,2004,2
2004-02-22,53.0,14.9,0.8,8.9,0.0,False,14.1,Frío,True,2004,2
2004-02-23,54.0,16.6,4.1,10.6,0.0,False,12.500000000000002,Frío,True,2004,2
2004-02-24,55.0,14.3,6.0,9.7,1.0,False,8.3,Frío,False,2004,2
2004-02-25,56.0,15.9,7.3,10.4,2.4,False,8.600000000000001,Frío,False,2004,2
2004-02-26,57.0,15.3,3.6,9.7,0.0,False,11.700000000000001,Frío,True,2004,2
2004-02-27,58.0,12.5,4.2,8.8,2.0,False,8.3,Frío,False,2004,2
2004-02-28,59.0,13.4,2.0,8.1,0.0,False,11.4,Frío,True,2004,2
2004-02-29,60.0,14.1,5.2,9.7,0.0,False,8.899999999999999,Frío,True,2004,2
2004-03-01,61.0,11.2,2.9,6.8,0.0,False,8.299999999999999,Frío,True,2004,3
2004-03-02,62.0,10.2,-4.1,3.2,0.0,False,14.299999999999999,Frío,True,2004,3
2004-03-03,63.0,14.5,-4.8,4.9,0.0,False,19.3,Frío,True,2004,3
2004-03-04,64.0,18.3,0.2,9.4,0.0,False,18.1,Frío,True,2004,3
2004-03-05,65.0,24.4,6.1,15.5,0.0,False,18.299999999999997,Templado,True,2004,3
2004-03-06,66.0,22.1,8.8,15.9,0.0,False,13.3,Templado,True,2004,3
2004-03-07,67.0,18.9,5.1,11.5,0.0,False,13.799999999999999,Frío,True,2004,3
2004-03-08,68.0,20.5,4.0,12.2,0.0,False,16.5,Templado,True,2004,3
2004-03-09,69.0,23.7,9.6,12.2,0.0,False,14.1,Templado,True,2004,3
2004-03-10,70.0,21.7,6.0,14.2,0.0,False,15.7,Templado,True,2004,3
2004-03-11,71.0,22.0,10.5,16.2,0.0,False,11.5,Templado,True,2004,3
2004-03-12,72.0,24.6,6.7,15.9,0.0,False,17.900000000000002,Templado,True,2004,3
2004-03-13,73.0,15.9,8.9,12.5,1.2,False,7.0,Frío,False,2004,3
2004-03-14,74.0,14.6,9.1,11.4,2.2,False,5.5,Frío,False,2004,3
2004-03-15,75.0,15.3,10.0,12.2,4.6,False,5.300000000000001,Frío,False,2004,3
2004-03-16,76.0,11.8,9.6,10.5,12.6,False,2.200000000000001,Frío,False,2004,3
2004-03-17,77.0,15.9,10.2,11.9,1.0,False,5.700000000000001,Frío,False,2004,3
2004-03-18,78.0,15.1,8.3,11.6,0.0,False,6.799999999999999,Frío,True,2004,3
2004-03-19,79.0,16.8,7.3,11.4,0.0,False,9.5,Frío,True,2004,3
2004-03-20,80.0,19.8,7.1,13.4,0.2,False,12.700000000000001,Frío,False,2004,3
2004-03-21,81.0,24.1,7.9,15.4,0.0,False,16.200000000000003,Templado,True,2004,3
2004-03-22,82.0,18.1,6.6,12.9,0.0,False,11.500000000000002,Frío,True,2004,3
2004-03-23,83.0,16.2,4.3,10.2,0.2,False,11.899999999999999,Frío,False,2004,3
2004-03-24,84.0,17.1,3.5,10.4,0.0,False,13.600000000000001,Frío,True,2004,3
2004-03-25,85.0,13.6,7.8,9.9,0.0,False,5.8,Frío,True,2004,3
2004-03-26,86.0,9.4,6.8,8.0,8.4,False,2.6000000000000005,Muy frío,False,2004,3
2004-03-27,87.0,13.1,7.3,9.6,1.2,False,5.8,Frío,False,2004,3
2004-03-28,88.0,11.2,8.8,9.9,18.8,False,2.3999999999999986,Frío,False,2004,3
2004-03-29,89.0,15.0,6.5,10.8,30.8,False,8.5,Frío,False,2004,3
2004-03-30,90.0,16.0,6.3,11.1,0.0,False,9.7,Frío,True,2004,3
2004-03-31,91.0,18.2,4.5,11.5,0.0,False,13.7,Frío,True,2004,3
2004-04-01,92.0,17.9,5.1,12.6,0.0,False,12.799999999999999,Frío,True,2004,4
2004-04-02,93.0,17.6,7.7,13.1,0.0,False,9.900000000000002,Frío,True,2004,4
2004-04-03,94.0,17.8,3.3,11.3,0.0,False,14.5,Frío,True,2004,4
2004-04-04,95.0,21.1,5.7,13.2,0.0,False,15.400000000000002,Templado,True,2004,4
2004-04-05,96.0,21.8,5.3,14.0,0.0,False,16.5,Templado,True,2004,4
2004-04-06,97.0,24.9,6.9,15.4,0.0,False,18.0,Templado,True,2004,4
2004-04-07,98.0,24.9,8.9,16.2,0.0,False,15.999999999999998,Templado,True,2004,4
2004-04-08,99.0,19.4,10.8,13.6,0.0,False,8.599999999999998,Frío,True,2004,4
2004-04-09,100.0,12.6,8.0,9.6,36.4,False,4.6,Frío,False,2004,4
2004-04-10,101.0,10.6,4.7,7.2,19.2,False,5.8999999999999995,Frío,False,2004,4
2004-04-11,102.0,12.0,5.7,7.6,6.0,False,6.3,Frío,False,2004,4
2004-04-12,103.0,16.2,2.3,9.7,0.0,False,13.899999999999999,Frío,True,2004,4
2004-04-13,104.0,15.8,3.6,10.2,0.2,False,12.200000000000001,Frío,False,2004,4
2004-04-14,105.0,14.8,6.5,11.2,0.0,False,8.3,Frío,True,2004,4
2004-04-15,106.0,14.3,8.1,10.6,27.2,False,6.200000000000001,Frío,False,2004,4
2004-04-16,107.0,19.5,8.9,13.3,0.8,False,10.6,Frío,False,2004,4
2004-04-17,108.0,19.7,6.0,13.3,0.0,False,13.7,Frío,True,2004,4
2004-04-18,109.0,20.5,6.5,14.7,0.0,False,14.0,Templado,True,2004,4
2004-04-19,110.0,18.4,9.7,14.7,0.0,False,8.7,Frío,True,2004,4
2004-04-20,111.0,21.2,6.6,14.4,0.0,False,14.6,Templado,True,2004,4
2004-04-21,112.0,23.4,8.3,16.0,0.0,False,15.099999999999998,Templado,True,2004,4
2004-04-22,113.0,21.1,9.4,16.0,0.0,False,11.700000000000001,Templado,True,2004,4
2004-04-23,114.0,19.5,6.5,13.7,0.0,False,13.0,Frío,True,2004,4
2004-04-24,115.0,21.1,6.9,14.6,0.0,False,14.200000000000001,Templado,True,2004,4
2004-04-25,116.0,25.1,8.3,17.4,0.0,False,16.8,Templado,True,2004,4
2004-04-26,117.0,21.6,8.7,15.3,0.0,False,12.900000000000002,Templado,True,2004,4
2004-04-27,118.0,21.5,8.3,15.3,0.0,False,13.2,Templado,True,2004,4
2004-04-28,119.0,14.9,10.0,12.6,7.2,False,4.9,Frío,False,2004,4
2004-04-29,120.0,21.4,8.0,15.1,0.0,False,13.399999999999999,Templado,True,2004,4
2004-04-30,121.0,19.9,6.6,13.8,0.0,False,13.299999999999999,Frío,True,2004,4
2004-05-01,122.0,18.4,5.3,12.6,0.0,False,13.099999999999998,Frío,True,2004,5
2004-05-02,123.0,16.7,9.0,12.8,3.6,False,7.699999999999999,Frío,False,2004,5
2004-05-03,124.0,18.1,9.2,13.5,1.0,False,8.900000000000002,Frío,False,2004,5
2004-05-04,125.0,19.8,10.2,14.6,0.0,False,9.600000000000001,Frío,True,2004,5
2004-05-05,126.0,18.8,13.0,15.6,0.0,False,5.800000000000001,Frío,True,2004,5
2004-05-06,127.0,22.3,12.2,17.1,0.0,False,10.100000000000001,Templado,True,2004,5
2004-05-07,128.0,21.3,8.6,15.3,0.0,False,12.700000000000001,Templado,True,2004,5
2004-05-08,129.0,18.2,8.5,13.4,0.0,False,9.7,Frío,True,2004,5
2004-05-09,130.0,21.5,6.0,14.5,0.0,False,15.5,Templado,True,2004,5
2004-05-10,131.0,17.9,9.3,14.2,0.0,False,8.599999999999998,Frío,True,2004,5
2004-05-11,132.0,16.6,9.2,12.0,11.2,False,7.400000000000002,Frío,False,2004,5
2004-05-12,133.0,16.8,9.2,13.3,0.0,False,7.600000000000001,Frío,True,2004,5
2004-05-13,134.0,21.1,10.5,14.4,4.6,False,10.600000000000001,Templado,False,2004,5
2004-05-14,135.0,19.7,8.4,14.2,0.2,False,11.299999999999999,Frío,False,2004,5
2004-05-15,136.0,18.5,9.2,13.9,0.0,False,9.3,Frío,True,2004,5
2004-05-16,137.0,20.1,8.5,14.8,0.0,False,11.600000000000001,Templado,True,2004,5
2004-05-17,138.0,22.3,8.1,15.3,0.0,False,14.200000000000001,Templado,True,2004,5
2004-05-18,139.0,21.5,9.5,16.1,0.0,False,12.0,Templado,True,2004,5
2004-05-19,140.0,21.3,12.0,16.8,0.0,False,9.3,Templado,True,2004,5
2004-05-20,141.0,22.8,9.6,16.5,0.0,False,13.200000000000001,Templado,True,2004,5
2004-05-21,142.0,22.4,10.6,16.2,1.6,False,11.799999999999999,Templado,False,2004,5
2004-05-22,143.0,22.9,13.2,17.3,0.0,False,9.7,Templado,True,2004,5
2004-05-23,144.0,22.2,11.0,16.6,0.0,False,11.2,Templado,True,2004,5
2004-05-24,145.0,20.3,13.6,16.5,0.0,False,6.700000000000001,Templado,True,2004,5
2004-05-25,146.0,21.9,13.4,16.6,0.2,False,8.499999999999998,Templado,False,2004,5
2004-05-26,147.0,20.1,11.3,15.2,4.8,False,8.8,Templado,False,2004,5
2004-05-27,148.0,23.0,10.6,17.0,2.4,False,12.4,Templado,False,2004,5
2004-05-28,149.0,26.1,12.7,19.7,2.0,False,13.400000000000002,Templado,False,2004,5
2004-05-29,150.0,28.4,13.5,21.4,0.0,False,14.899999999999999,Templado,True,2004,5
2004-05-30,151.0,29.1,15.4,22.2,0.0,False,13.700000000000001,Templado,True,2004,5
2004-05-31,152.0,29.7,15.3,22.8,0.0,False,14.399999999999999,Templado,True,2004,5
2004-06-01,153.0,38.1,15.5,23.6,0.0,True,22.6,Caluroso,True,2004,6
2004-06-02,154.0,33.2,15.5,25.0,0.0,False,17.700000000000003,Caluroso,True,2004,6
2004-06-03,155.0,29.8,16.9,23.0,0.0,False,12.900000000000002,Templado,True,2004,6
2004-06-04,156.0,27.3,16.2,21.2,0.0,False,11.100000000000001,Templado,True,2004,6
2004-06-05,157.0,30.9,14.4,22.6,0.0,False,16.5,Caluroso,True,2004,6
2004-06-06,158.0,29.2,16.2,22.5,0.0,False,13.0,Templado,True,2004,6
2004-06-07,159.0,27.3,16.7,21.3,0.0,False,10.600000000000001,Templado,True,2004,6
2004-06-08,160.0,27.1,17.2,20.5,0.0,False,9.900000000000002,Templado,True,2004,6
2004-06-09,161.0,28.5,16.1,20.7,0.0,False,12.399999999999999,Templado,True,2004,6
2004-06-10,162.0,27.5,14.3,21.2,0.0,False,13.2,Templado,True,2004,6
2004-06-11,163.0,29.0,14.7,21.9,0.0,False,14.3,Templado,True,2004,6
2004-06-12,164.0,29.5,15.4,22.5,0.0,False,14.1,Templado,True,2004,6
2004-06-13,165.0,30.3,15.5,22.3,0.2,False,14.8,Caluroso,False,2004,6
2004-06-14,166.0,25.1,12.8,19.0,0.0,False,12.3,Templado,True,2004,6
2004-06-15,167.0,23.7,11.5,17.9,0.0,False,12.2,Templado,True,2004,6
2004-06-16,168.0,27.2,11.1,20.2,0.0,False,16.1,Templado,True,2004,6
2004-06-17,169.0,32.1,12.8,24.1,0.0,False,19.3,Caluroso,True,2004,6
2004-06-18,170.0,33.9,15.1,26.0,0.0,False,18.799999999999997,Caluroso,True,2004,6
2004-06-19,171.0,32.5,18.3,25.7,0.0,False,14.2,Caluroso,True,2004,6
2004-06-20,172.0,27.7,15.6,22.2,0.0,False,12.1,Templado,True,2004,6
2004-06-21,173.0,28.7,15.5,22.7,0.0,False,13.2,Templado,True,2004,6
2004-06-22,174.0,32.2,14.9,23.9,0.0,False,17.300000000000004,Caluroso,True,2004,6
2004-06-23,175.0,34.2,15.1,25.7,0.0,False,19.1,Caluroso,True,2004,6
2004-06-24,176.0,34.2,20.2,27.6,0.0,False,14.000000000000004,Caluroso,True,2004,6
2004-06-25,177.0,29.4,18.6,23.7,0.0,False,10.799999999999997,Templado,True,2004,6
2004-06-26,178.0,33.4,17.4,24.9,0.0,False,16.0,Caluroso,True,2004,6
2004-06-27,179.0,34.6,18.6,26.7,0.0,False,16.0,Caluroso,True,2004,6
2004-06-28,180.0,33.8,18.8,27.0,0.0,False,14.999999999999996,Caluroso,True,2004,6
2004-06-29,181.0,34.6,19.2,27.6,0.0,False,15.400000000000002,Caluroso,True,2004,6
2004-06-30,182.0,37.7,17.4,26.5,6.0,True,20.300000000000004,Caluroso,False,2004,6
2004-07-01,183.0,36.9,18.2,27.7,0.0,True,18.7,Caluroso,True,2004,7
2004-07-02,184.0,29.6,18.3,23.8,0.0,False,11.3,Templado,True,2004,7
2004-07-03,185.0,27.7,18.3,23.2,0.0,False,9.399999999999999,Templado,True,2004,7
2004-07-04,186.0,29.0,15.4,22.9,0.0,False,13.6,Templado,True,2004,7
2004-07-05,187.0,33.4,18.4,25.5,0.0,False,15.0,Caluroso,True,2004,7
2004-07-06,188.0,30.3,20.7,23.9,0.0,False,9.600000000000001,Caluroso,True,2004,7
2004-07-07,189.0,33.2,18.0,25.7,0.2,False,15.200000000000003,Caluroso,False,2004,7
2004-07-08,190.0,29.1,14.3,23.0,0.0,False,14.8,Templado,True,2004,7
2004-07-09,191.0,26.6,13.6,21.1,0.0,False,13.000000000000002,Templado,True,2004,7
2004-07-10,192.0,29.9,13.6,22.3,0.0,False,16.299999999999997,Templado,True,2004,7
2004-07-11,193.0,28.1,15.5,22.0,0.0,False,12.600000000000001,Templado,True,2004,7
2004-07-12,194.0,28.5,16.5,22.2,0.0,False,12.0,Templado,True,2004,7
2004-07-13,195.0,27.9,18.2,22.5,0.0,False,9.7,Templado,True,2004,7
2004-07-14,196.0,27.4,16.8,21.8,0.0,False,10.599999999999998,Templado,True,2004,7
2004-07-15,197.0,27.0,15.7,21.4,0.0,False,11.3,Templado,True,2004,7
2004-07-16,198.0,30.3,16.5,22.9,0.0,False,13.8,Caluroso,True,2004,7
2004-07-17,199.0,30.7,17.0,24.0,0.0,False,13.7,Caluroso,True,2004,7
2004-07-18,200.0,31.1,16.7,24.4,0.0,False,14.400000000000002,Caluroso,True,2004,7
2004-07-19,201.0,31.7,17.7,24.6,0.0,False,14.0,Caluroso,True,2004,7
2004-07-20,202.0,33.5,16.0,25.5,0.0,False,17.5,Caluroso,True,2004,7
2004-07-21,203.0,34.1,20.0,25.9,0.0,False,14.100000000000001,Caluroso,True,2004,7
2004-07-22,204.0,36.4,20.0,27.7,0.0,True,16.4,Caluroso,True,2004,7
2004-07-23,205.0,37.4,20.4,29.3,0.0,True,17.0,Caluroso,True,2004,7
2004-07-24,206.0,39.0,23.4,31.4,0.0,True,15.600000000000001,Caluroso,True,2004,7
2004-07-25,207.0,35.9,22.5,29.1,0.0,True,13.399999999999999,Caluroso,True,2004,7
2004-07-26,208.0,32.9,20.4,26.4,0.0,False,12.5,Caluroso,True,2004,7
2004-07-27,209.0,35.2,17.0,26.3,0.0,True,18.200000000000003,Caluroso,True,2004,7
2004-07-28,210.0,34.7,19.1,26.4,0.0,False,15.600000000000001,Caluroso,True,2004,7
2004-07-29,211.0,31.2,19.9,24.9,0.0,False,11.3,Caluroso,True,2004,7
2004-07-30,212.0,31.3,19.4,24.7,0.0,False,11.900000000000002,Caluroso,True,2004,7
2004-07-31,213.0,31.6,17.8,25.0,0.0,False,13.8,Caluroso,True,2004,7
2004-08-01,214.0,33.3,18.6,26.2,0.0,False,14.699999999999996,Caluroso,True,2004,8
2004-08-02,215.0,34.8,20.6,27.5,0.0,False,14.199999999999996,Caluroso,True,2004,8
2004-08-03,216.0,36.4,18.1,27.3,0.0,True,18.299999999999997,Caluroso,True,2004,8
2004-08-04,217.0,33.9,17.8,26.4,0.0,False,16.099999999999998,Caluroso,True,2004,8
2004-08-05,218.0,31.8,18.3,25.2,0.0,False,13.5,Caluroso,True,2004,8
2004-08-06,219.0,31.4,17.4,24.8,0.0,False,14.0,Caluroso,True,2004,8
2004-08-07,220.0,31.1,18.6,25.2,0.0,False,12.5,Caluroso,True,2004,8
2004-08-08,221.0,33.8,21.3,27.7,0.0,False,12.499999999999996,Caluroso,True,2004,8
2004-08-09,222.0,34.6,19.9,28.1,0.0,False,14.700000000000003,Caluroso,True,2004,8
2004-08-10,223.0,33.7,21.8,27.6,0.0,False,11.900000000000002,Caluroso,True,2004,8
2004-08-11,224.0,33.5,18.2,25.9,0.0,False,15.3,Caluroso,True,2004,8
2004-08-12,225.0,34.8,19.1,26.5,0.0,False,15.699999999999996,Caluroso,True,2004,8
2004-08-13,226.0,33.5,18.6,26.6,0.0,False,14.899999999999999,Caluroso,True,2004,8
2004-08-14,227.0,32.6,18.6,25.8,0.0,False,14.0,Caluroso,True,2004,8
2004-08-15,228.0,34.8,17.5,26.8,0.0,False,17.299999999999997,Caluroso,True,2004,8
2004-08-16,229.0,36.0,17.3,26.5,0.0,True,18.7,Caluroso,True,2004,8
2004-08-17,230.0,35.1,15.7,26.9,0.0,True,19.400000000000002,Caluroso,True,2004,8
2004-08-18,231.0,35.6,16.3,26.7,0.0,True,19.3,Caluroso,True,2004,8
2004-08-19,232.0,36.2,16.1,27.0,0.0,True,20.1,Caluroso,True,2004,8
2004-08-20,233.0,32.6,16.9,25.4,0.0,False,15.700000000000003,Caluroso,True,2004,8
2004-08-21,234.0,28.1,18.2,23.4,0.0,False,9.900000000000002,Templado,True,2004,8
2004-08-22,235.0,30.7,18.3,24.3,0.0,False,12.399999999999999,Caluroso,True,2004,8
2004-08-23,236.0,36.2,20.6,27.4,0.0,True,15.600000000000001,Caluroso,True,2004,8
2004-08-24,237.0,41.2,23.8,32.1,0.0,True,17.400000000000002,Extremo,True,2004,8
2004-08-25,238.0,37.0,21.8,28.6,0.0,True,15.2,Caluroso,True,2004,8
2004-08-26,239.0,30.6,19.8,24.8,0.0,False,10.8,Caluroso,True,2004,8
2004-08-27,240.0,31.2,20.6,24.5,0.0,False,10.599999999999998,Caluroso,True,2004,8
2004-08-28,241.0,32.1,18.8,24.4,0.0,False,13.3,Caluroso,True,2004,8
2004-08-29,242.0,30.1,21.1,24.7,0.0,False,9.0,Caluroso,True,2004,8
2004-08-30,243.0,30.7,19.6,24.9,0.0,False,11.099999999999998,Caluroso,True,2004,8
2004-08-31,244.0,30.6,19.8,24.3,0.0,False,10.8,Caluroso,True,2004,8
2004-09-01,245.0,31.9,19.3,24.5,0.0,False,12.599999999999998,Caluroso,True,2004,9
2004-09-02,246.0,29.2,16.5,22.9,0.0,False,12.7,Templado,True,2004,9
2004-09-03,247.0,27.2,16.3,22.4,0.4,False,10.899999999999999,Templado,False,2004,9
2004-09-04,248.0,31.0,23.5,26.4,0.0,False,7.5,Caluroso,True,2004,9
2004-09-05,249.0,33.0,20.1,26.8,0.0,False,12.899999999999999,Caluroso,True,2004,9
2004-09-06,250.0,33.3,17.7,25.5,0.0,False,15.599999999999998,Caluroso,True,2004,9
2004-09-07,251.0,30.4,16.1,23.1,0.0,False,14.299999999999997,Caluroso,True,2004,9
2004-09-08,252.0,31.0,19.1,24.4,0.0,False,11.899999999999999,Caluroso,True,2004,9
2004-09-09,253.0,28.1,19.8,23.5,0.0,False,8.3,Templado,True,2004,9
2004-09-10,254.0,33.3,20.2,24.9,0.0,False,13.099999999999998,Caluroso,True,2004,9
2004-09-11,255.0,35.6,18.2,26.2,0.0,True,17.400000000000002,Caluroso,True,2004,9
2004-09-12,256.0,32.5,18.1,25.3,0.0,False,14.399999999999999,Caluroso,True,2004,9
2004-09-13,257.0,31.2,17.3,24.2,0.0,False,13.899999999999999,Caluroso,True,2004,9
2004-09-14,258.0,31.5,15.1,22.1,0.0,False,16.4,Caluroso,True,2004,9
2004-09-15,259.0,28.0,14.3,21.4,0.0,False,13.7,Templado,True,2004,9
2004-09-16,260.0,26.8,18.0,21.8,0.0,False,8.8,Templado,True,2004,9
2004-09-17,261.0,26.7,16.3,20.8,0.0,False,10.399999999999999,Templado,True,2004,9
2004-09-18,262.0,28.8,15.0,20.7,0.0,False,13.8,Templado,True,2004,9
2004-09-19,263.0,29.4,14.2,21.4,0.0,False,15.2,Templado,True,2004,9
2004-09-20,264.0,29.2,15.8,21.6,0.0,False,13.399999999999999,Templado,True,2004,9
2004-09-21,265.0,31.7,15.1,22.7,0.2,False,16.6,Caluroso,False,2004,9
2004-09-22,266.0,34.6,14.7,22.8,0.0,False,19.900000000000002,Caluroso,True,2004,9
2004-09-23,267.0,32.0,15.9,22.4,0.0,False,16.1,Caluroso,True,2004,9
2004-09-24,268.0,33.1,15.6,23.9,0.0,False,17.5,Caluroso,True,2004,9
2004-09-25,269.0,28.6,17.1,21.1,0.0,False,11.5,Templado,True,2004,9
2004-09-26,270.0,24.4,12.6,19.0,0.0,False,11.799999999999999,Templado,True,2004,9
2004-09-27,271.0,26.1,11.4,18.3,0.0,False,14.700000000000001,Templado,True,2004,9
2004-09-28,272.0,26.1,12.8,18.9,0.0,False,13.3,Templado,True,2004,9
2004-09-29,273.0,28.1,12.0,20.2,0.0,False,16.1,Templado,True,2004,9
2004-09-30,274.0,29.2,11.6,20.5,0.0,False,17.6,Templado,True,2004,9
2004-10-01,275.0,28.8,13.3,20.5,0.0,False,15.5,Templado,True,2004,10
2004-10-02,276.0,28.8,12.7,20.3,0.0,False,16.1,Templado,True,2004,10
2004-10-03,277.0,27.8,12.0,19.8,0.0,False,15.8,Templado,True,2004,10
2004-10-04,278.0,27.5,16.1,21.0,0.2,False,11.399999999999999,Templado,False,2004,10
2004-10-05,279.0,29.4,13.6,21.3,0.2,False,15.799999999999999,Templado,False,2004,10
2004-10-06,280.0,31.0,14.2,21.4,0.0,False,16.8,Caluroso,True,2004,10
2004-10-07,281.0,31.2,14.4,22.3,0.0,False,16.799999999999997,Caluroso,True,2004,10
2004-10-08,282.0,30.9,15.3,22.7,0.0,False,15.599999999999998,Caluroso,True,2004,10
2004-10-09,283.0,26.7,16.8,21.9,0.0,False,9.899999999999999,Templado,True,2004,10
2004-10-10,284.0,23.8,9.4,17.6,0.0,False,14.4,Templado,True,2004,10
2004-10-11,285.0,23.0,8.3,15.5,0.0,False,14.7,Templado,True,2004,10
2004-10-12,286.0,21.5,7.4,14.1,0.0,False,14.1,Templado,True,2004,10
2004-10-13,287.0,23.6,6.7,15.3,0.0,False,16.900000000000002,Templado,True,2004,10
2004-10-14,288.0,25.0,7.7,16.2,0.0,False,17.3,Templado,True,2004,10
2004-10-15,289.0,23.4,9.4,15.7,0.0,False,13.999999999999998,Templado,True,2004,10
2004-10-16,290.0,24.1,6.8,15.2,0.0,False,17.3,Templado,True,2004,10
2004-10-17,291.0,23.6,7.3,15.2,0.0,False,16.3,Templado,True,2004,10
2004-10-18,292.0,24.3,10.0,16.3,0.0,False,14.3,Templado,True,2004,10
2004-10-19,293.0,27.3,15.5,21.4,0.0,False,11.8,Templado,True,2004,10
2004-10-20,294.0,28.5,20.2,24.1,0.0,False,8.3,Templado,True,2004,10
2004-10-21,295.0,29.0,14.6,20.3,0.2,False,14.4,Templado,False,2004,10
2004-10-22,296.0,29.2,14.6,20.9,0.0,False,14.6,Templado,True,2004,10
2004-10-23,297.0,31.5,14.4,21.9,0.0,False,17.1,Caluroso,True,2004,10
2004-10-24,298.0,33.6,13.4,22.3,0.0,False,20.200000000000003,Caluroso,True,2004,10
2004-10-25,299.0,29.4,14.5,21.1,0.4,False,14.899999999999999,Templado,False,2004,10
2004-10-26,300.0,22.1,9.4,15.6,0.0,False,12.700000000000001,Templado,True,2004,10
2004-10-27,301.0,19.3,6.2,14.4,1.0,False,13.100000000000001,Frío,False,2004,10
2004-10-28,302.0,22.9,11.6,17.5,0.0,False,11.299999999999999,Templado,True,2004,10
2004-10-29,303.0,20.8,12.5,16.3,0.0,False,8.3,Templado,True,2004,10
2004-10-30,304.0,19.7,6.9,12.6,0.0,False,12.799999999999999,Frío,True,2004,10
2004-10-31,305.0,19.0,4.4,11.3,1.8,False,14.6,Frío,False,2004,10
2004-11-01,306.0,19.2,5.4,11.3,0.0,False,13.799999999999999,Frío,True,2004,11
2004-11-02,307.0,19.3,4.1,11.2,0.0,False,15.200000000000001,Frío,True,2004,11
2004-11-03,308.0,20.3,4.7,12.8,0.0,False,15.600000000000001,Templado,True,2004,11
2004-11-04,309.0,16.7,10.2,13.2,1.0,False,6.5,Frío,False,2004,11
2004-11-05,310.0,15.3,10.8,13.3,0.6,False,4.5,Frío,False,2004,11
2004-11-06,311.0,19.4,13.6,15.9,0.2,False,5.799999999999999,Frío,False,2004,11
2004-11-07,312.0,22.9,8.3,14.7,0.4,False,14.599999999999998,Templado,False,2004,11
2004-11-08,313.0,20.7,8.6,13.8,0.2,False,12.1,Templado,False,2004,11
2004-11-09,314.0,20.7,6.9,12.9,0.2,False,13.799999999999999,Templado,False,2004,11
2004-11-10,315.0,20.5,6.9,13.6,0.0,False,13.6,Templado,True,2004,11
2004-11-11,316.0,15.7,2.6,9.6,0.0,False,13.1,Frío,True,2004,11
2004-11-12,317.0,12.8,5.0,9.8,0.0,False,7.800000000000001,Frío,True,2004,11
2004-11-13,318.0,19.9,9.2,13.9,0.0,False,10.7,Frío,True,2004,11
2004-11-14,319.0,19.8,2.0,10.2,0.0,False,17.8,Frío,True,2004,11
2004-11-15,320.0,14.4,-0.9,6.5,0.0,False,15.3,Frío,True,2004,11
2004-11-16,321.0,15.7,-1.7,6.1,0.0,False,17.4,Frío,True,2004,11
2004-11-17,322.0,16.7,-0.8,7.2,0.0,False,17.5,Frío,True,2004,11
2004-11-18,323.0,18.4,0.5,7.8,0.0,False,17.9,Frío,True,2004,11
2004-11-19,324.0,19.9,0.8,9.3,0.0,False,19.099999999999998,Frío,True,2004,11
2004-11-20,325.0,19.2,2.3,10.8,0.0,False,16.9,Frío,True,2004,11
2004-11-21,326.0,17.6,3.3,10.4,0.0,False,14.3,Frío,True,2004,11
2004-11-22,327.0,17.1,5.6,10.9,0.0,False,11.500000000000002,Frío,True,2004,11
2004-11-23,328.0,17.8,4.7,10.4,0.2,False,13.100000000000001,Frío,False,2004,11
2004-11-24,329.0,19.8,3.9,10.0,0.2,False,15.9,Frío,False,2004,11
2004-11-25,330.0,17.5,3.1,10.7,0.2,False,14.4,Frío,False,2004,11
2004-11-26,331.0,16.5,3.3,9.8,0.0,False,13.2,Frío,True,2004,11
2004-11-27,332.0,16.5,3.5,9.3,0.2,False,13.0,Frío,False,2004,11
2004-11-28,333.0,18.7,4.9,10.1,0.2,False,13.799999999999999,Frío,False,2004,11
2004-11-29,334.0,19.0,4.7,11.1,0.4,False,14.3,Frío,False,2004,11
2004-11-30,335.0,13.7,7.5,11.0,7.0,False,6.199999999999999,Frío,False,2004,11
2004-12-01,336.0,16.5,5.2,10.9,6.2,False,11.3,Frío,False,2004,12
2004-12-02,337.0,13.0,5.5,8.8,1.4,False,7.5,Frío,False,2004,12
2004-12-03,338.0,13.4,8.2,10.9,5.0,False,5.200000000000001,Frío,False,2004,12
2004-12-04,339.0,12.9,6.0,9.3,28.4,False,6.9,Frío,False,2004,12
2004-12-05,340.0,14.5,3.7,8.5,0.2,False,10.8,Frío,False,2004,12
2004-12-06,341.0,14.3,6.4,9.2,1.8,False,7.9,Frío,False,2004,12
2004-12-07,342.0,15.4,5.9,9.9,0.0,False,9.5,Frío,True,2004,12
2004-12-08,343.0,17.0,5.9,10.1,0.8,False,11.1,Frío,False,2004,12
2004-12-09,344.0,16.7,4.1,9.2,0.0,False,12.6,Frío,True,2004,12
2004-12-10,345.0,12.6,4.0,8.6,1.0,False,8.6,Frío,False,2004,12
2004-12-11,346.0,15.0,3.9,10.0,0.0,False,11.1,Frío,True,2004,12
2004-12-12,347.0,13.4,9.6,11.0,1.4,False,3.8000000000000007,Frío,False,2004,12
2004-12-13,348.0,14.8,9.9,11.9,0.0,False,4.9,Frío,True,2004,12
2004-12-14,349.0,13.7,11.2,12.0,0.0,False,2.5,Frío,True,2004,12
2004-12-15,350.0,14.4,7.7,11.8,0.0,False,6.7,Frío,True,2004,12
2004-12-16,351.0,17.0,3.6,9.2,0.0,False,13.4,Frío,True,2004,12
2004-12-17,352.0,18.5,2.5,9.6,0.2,False,16.0,Frío,False,2004,12
2004-12-18,353.0,21.6,5.3,11.7,0.0,False,16.3,Templado,True,2004,12
2004-12-19,354.0,23.1,2.4,12.0,0.0,False,20.700000000000003,Templado,True,2004,12
2004-12-20,355.0,16.2,2.6,8.8,0.0,False,13.6,Frío,True,2004,12
2004-12-21,356.0,14.3,0.1,7.0,2.0,False,14.200000000000001,Frío,False,2004,12
2004-12-22,357.0,9.0,6.1,7.6,1.0,False,2.9000000000000004,Muy frío,False,2004,12
2004-12-23,358.0,11.2,1.2,7.4,0.0,False,10.0,Frío,True,2004,12
2004-12-24,359.0,13.1,-0.5,5.3,0.0,False,13.6,Frío,True,2004,12
2004-12-25,360.0,15.3,-2.1,6.3,0.4,False,17.400000000000002,Frío,False,2004,12
2004-12-26,361.0,8.4,3.7,6.0,0.0,False,4.7,Muy frío,True,2004,12
2004-12-27,362.0,8.5,0.5,4.8,0.0,False,8.0,Muy frío,True,2004,12
2004-12-28,363.0,12.2,-4.3,5.3,0.0,False,16.5,Frío,True,2004,12
2004-12-29,364.0,16.3,1.9,10.1,0.0,False,14.4,Frío,True,2004,12
2004-12-30,365.0,12.1,-0.4,4.8,0.0,False,12.5,Frío,True,2004,12
2004-12-31,366.0,15.1,-2.3,4.8,0.0,False,17.4,Frío,True,2004,12
2005-01-01,1.0,17.3,-0.2,7.1,0.0,False,17.5,Frío,True,2005,1
2005-01-02,2.0,18.8,1.8,9.0,0.0,False,17.0,Frío,True,2005,1
2005-01-03,3.0,12.2,2.4,6.9,0.2,False,9.799999999999999,Frío,False,2005,1
2005-01-04,4.0,12.7,3.1,7.7,0.6,False,9.6,Frío,False,2005,1
2005-01-05,5.0,14.9,0.2,6.0,0.2,False,14.700000000000001,Frío,False,2005,1
2005-01-06,6.0,15.4,-0.2,6.4,0.2,False,15.6,Frío,False,2005,1
2005-01-07,7.0,14.4,0.1,5.9,0.0,False,14.3,Frío,True,2005,1
2005-01-08,8.0,16.6,-1.5,5.6,0.0,False,18.1,Frío,True,2005,1
2005-01-09,9.0,11.8,-1.0,4.5,0.2,False,12.8,Frío,False,2005,1
2005-01-10,10.0,13.1,-1.2,5.3,0.2,False,14.299999999999999,Frío,False,2005,1
2005-01-11,11.0,15.1,-0.4,5.7,0.0,False,15.5,Frío,True,2005,1
2005-01-12,12.0,14.9,-1.8,5.5,0.2,False,16.7,Frío,False,2005,1
2005-01-13,13.0,17.6,-0.8,7.5,0.2,False,18.400000000000002,Frío,False,2005,1
2005-01-14,14.0,16.6,1.7,8.0,0.0,False,14.900000000000002,Frío,True,2005,1
2005-01-15,15.0,15.7,1.7,7.6,0.2,False,14.0,Frío,False,2005,1
2005-01-16,16.0,14.9,2.2,7.8,0.2,False,12.7,Frío,False,2005,1
2005-01-17,17.0,13.2,1.3,6.6,0.2,False,11.899999999999999,Frío,False,2005,1
2005-01-18,18.0,19.4,-0.8,9.9,0.2,False,20.2,Frío,False,2005,1
2005-01-19,19.0,18.2,3.7,11.3,0.0,False,14.5,Frío,True,2005,1
2005-01-20,20.0,19.7,3.5,10.4,0.0,False,16.2,Frío,True,2005,1
2005-01-21,21.0,21.8,1.6,9.7,0.0,False,20.2,Templado,True,2005,1
2005-01-22,22.0,21.1,2.7,10.7,0.0,False,18.400000000000002,Templado,True,2005,1
2005-01-23,23.0,16.4,3.3,7.9,0.0,False,13.099999999999998,Frío,True,2005,1
2005-01-24,24.0,18.2,2.4,8.5,0.0,False,15.799999999999999,Frío,True,2005,1
2005-01-25,25.0,9.6,2.3,5.7,0.0,False,7.3,Muy frío,True,2005,1
2005-01-26,26.0,6.6,-2.4,2.6,0.0,False,9.0,Muy frío,True,2005,1
2005-01-27,27.0,5.1,-6.0,-1.2,0.0,False,11.1,Muy frío,True,2005,1
2005-01-28,28.0,9.2,-7.7,0.0,0.0,False,16.9,Muy frío,True,2005,1
2005-01-29,29.0,12.0,-3.3,4.8,0.0,False,15.3,Frío,True,2005,1
2005-01-30,30.0,8.3,-3.0,3.0,0.0,False,11.3,Muy frío,True,2005,1
2005-01-31,31.0,11.4,-5.8,2.8,0.0,False,17.2,Frío,True,2005,1
2005-02-01,32.0,13.4,-3.8,4.0,0.0,False,17.2,Frío,True,2005,2
2005-02-02,33.0,13.3,-1.5,5.8,0.0,False,14.8,Frío,True,2005,2
2005-02-03,34.0,13.7,-1.1,6.3,0.2,False,14.799999999999999,Frío,False,2005,2
2005-02-04,35.0,11.4,2.2,6.5,1.0,False,9.2,Frío,False,2005,2
2005-02-05,36.0,8.1,3.8,6.0,0.6,False,4.3,Muy frío,False,2005,2
2005-02-06,37.0,11.1,0.0,5.3,0.0,False,11.1,Frío,True,2005,2
2005-02-07,38.0,10.8,3.5,6.7,20.2,False,7.300000000000001,Frío,False,2005,2
2005-02-08,39.0,12.8,4.3,7.9,4.2,False,8.5,Frío,False,2005,2
2005-02-09,40.0,10.4,5.6,8.3,3.8,False,4.800000000000001,Frío,False,2005,2
2005-02-10,41.0,11.6,3.2,8.1,0.4,False,8.399999999999999,Frío,False,2005,2
2005-02-11,42.0,14.4,-0.1,6.4,0.2,False,14.5,Frío,False,2005,2
2005-02-12,43.0,18.0,-0.8,7.9,0.2,False,18.8,Frío,False,2005,2
2005-02-13,44.0,22.1,4.8,14.0,0.0,False,17.3,Templado,True,2005,2
2005-02-14,45.0,16.4,3.3,11.8,0.0,False,13.099999999999998,Frío,True,2005,2
2005-02-15,46.0,13.3,0.4,8.8,0.0,False,12.9,Frío,True,2005,2
2005-02-16,47.0,10.7,-0.1,5.9,0.0,False,10.799999999999999,Frío,True,2005,2
2005-02-17,48.0,11.7,-3.3,3.5,0.0,False,15.0,Frío,True,2005,2
2005-02-18,49.0,10.4,-2.4,3.7,0.0,False,12.8,Frío,True,2005,2
2005-02-19,50.0,15.0,-2.8,5.3,0.0,False,17.8,Frío,True,2005,2
2005-02-20,51.0,17.0,-1.1,8.0,0.0,False,18.1,Frío,True,2005,2
2005-02-21,52.0,13.8,0.6,5.1,0.4,False,13.200000000000001,Frío,False,2005,2
2005-02-22,53.0,14.0,-3.4,6.5,0.0,False,17.4,Frío,True,2005,2
2005-02-23,54.0,15.4,2.7,9.3,0.0,False,12.7,Frío,True,2005,2
2005-02-24,55.0,14.5,0.5,7.8,0.0,False,14.0,Frío,True,2005,2
2005-02-25,56.0,9.1,4.6,6.8,1.2,False,4.5,Muy frío,False,2005,2
2005-02-26,57.0,12.6,0.1,6.4,0.2,False,12.5,Frío,False,2005,2
2005-02-27,58.0,6.9,1.6,3.8,6.8,False,5.300000000000001,Muy frío,False,2005,2
2005-02-28,59.0,4.5,0.9,3.0,11.6,False,3.6,Muy frío,False,2005,2
2005-03-01,60.0,6.0,1.9,3.6,1.8,False,4.1,Muy frío,False,2005,3
2005-03-02,61.0,11.4,2.4,5.8,4.8,False,9.0,Frío,False,2005,3
2005-03-03,62.0,13.1,0.6,7.5,0.4,False,12.5,Frío,False,2005,3
2005-03-04,63.0,7.2,3.3,4.5,6.4,False,3.9000000000000004,Muy frío,False,2005,3
2005-03-05,64.0,13.8,-1.0,6.1,0.0,False,14.8,Frío,True,2005,3
2005-03-06,65.0,14.9,-0.9,7.8,0.0,False,15.8,Frío,True,2005,3
2005-03-07,66.0,13.5,0.6,7.0,0.0,False,12.9,Frío,True,2005,3
2005-03-08,67.0,11.9,-2.1,4.6,0.2,False,14.0,Frío,False,2005,3
2005-03-09,68.0,14.6,-1.6,6.3,0.0,False,16.2,Frío,True,2005,3
2005-03-10,69.0,16.9,1.0,8.6,0.0,False,15.899999999999999,Frío,True,2005,3
2005-03-11,70.0,17.4,4.2,10.4,0.4,False,13.2,Frío,False,2005,3
2005-03-12,71.0,14.1,7.7,9.9,0.0,False,6.3999999999999995,Frío,True,2005,3
2005-03-13,72.0,18.8,4.0,11.4,0.0,False,14.8,Frío,True,2005,3
2005-03-14,73.0,18.9,5.9,11.5,0.0,False,12.999999999999998,Frío,True,2005,3
2005-03-15,74.0,13.6,9.1,10.6,12.6,False,4.5,Frío,False,2005,3
2005-03-16,75.0,18.4,8.1,12.4,0.0,False,10.299999999999999,Frío,True,2005,3
2005-03-17,76.0,18.0,6.4,11.5,0.0,False,11.6,Frío,True,2005,3
2005-03-18,77.0,16.9,5.7,10.8,0.0,False,11.2,Frío,True,2005,3
2005-03-19,78.0,18.1,6.0,11.1,0.0,False,12.100000000000001,Frío,True,2005,3
2005-03-20,79.0,24.6,9.1,15.8,0.0,False,15.500000000000002,Templado,True,2005,3
2005-03-21,80.0,26.3,13.4,19.4,0.0,False,12.9,Templado,True,2005,3
2005-03-22,81.0,23.8,10.7,16.9,0.0,False,13.100000000000001,Templado,True,2005,3
2005-03-23,82.0,22.7,9.3,15.5,0.0,False,13.399999999999999,Templado,True,2005,3
2005-03-24,83.0,21.0,9.0,15.4,0.0,False,12.0,Templado,True,2005,3
2005-03-25,84.0,21.5,9.1,15.1,0.0,False,12.4,Templado,True,2005,3
2005-03-26,85.0,21.5,8.2,14.9,0.0,False,13.3,Templado,True,2005,3
2005-03-27,86.0,20.3,6.0,13.7,0.0,False,14.3,Templado,True,2005,3
2005-03-28,87.0,19.9,9.7,14.6,0.0,False,10.2,Frío,True,2005,3
2005-03-29,88.0,22.8,11.0,17.0,0.0,False,11.8,Templado,True,2005,3
2005-03-30,89.0,23.0,7.1,15.7,0.0,False,15.9,Templado,True,2005,3
2005-03-31,90.0,21.8,8.9,15.9,0.0,False,12.9,Templado,True,2005,3
2005-04-01,91.0,18.8,8.5,13.6,0.0,False,10.3,Frío,True,2005,4
2005-04-02,92.0,18.6,5.6,12.6,0.2,False,13.000000000000002,Frío,False,2005,4
2005-04-03,93.0,17.5,6.7,11.9,0.0,False,10.8,Frío,True,2005,4
2005-04-04,94.0,18.2,6.5,12.4,0.0,False,11.7,Frío,True,2005,4
2005-04-05,95.0,17.3,7.5,12.0,0.0,False,9.8,Frío,True,2005,4
2005-04-06,96.0,17.4,6.7,12.2,0.0,False,10.7,Frío,True,2005,4
2005-04-07,97.0,22.8,7.8,14.0,0.0,False,15.0,Templado,True,2005,4
2005-04-08,98.0,26.8,11.4,17.4,1.8,False,15.4,Templado,False,2005,4
2005-04-09,99.0,17.0,8.3,11.9,0.2,False,8.7,Frío,False,2005,4
2005-04-10,100.0,16.7,2.1,10.6,0.0,False,14.6,Frío,True,2005,4
2005-04-11,101.0,18.5,4.5,12.1,0.0,False,14.0,Frío,True,2005,4
2005-04-12,102.0,18.0,5.3,12.0,0.0,False,12.7,Frío,True,2005,4
2005-04-13,103.0,22.1,5.5,13.5,0.0,False,16.6,Templado,True,2005,4
2005-04-14,104.0,23.6,5.1,15.7,0.0,False,18.5,Templado,True,2005,4
2005-04-15,105.0,21.5,8.7,15.0,0.0,False,12.8,Templado,True,2005,4
2005-04-16,106.0,18.9,6.3,14.1,0.0,False,12.599999999999998,Frío,True,2005,4
2005-04-17,107.0,23.6,8.4,15.9,0.0,False,15.200000000000001,Templado,True,2005,4
2005-04-18,108.0,25.8,12.0,18.7,0.0,False,13.8,Templado,True,2005,4
2005-04-19,109.0,23.0,8.9,16.9,0.0,False,14.1,Templado,True,2005,4
2005-04-20,110.0,22.3,9.2,16.3,0.0,False,13.100000000000001,Templado,True,2005,4
2005-04-21,111.0,25.6,11.1,18.6,0.0,False,14.500000000000002,Templado,True,2005,4
2005-04-22,112.0,26.4,11.2,18.4,0.0,False,15.2,Templado,True,2005,4
2005-04-23,113.0,26.7,9.8,18.5,0.0,False,16.9,Templado,True,2005,4
2005-04-24,114.0,27.2,11.8,18.6,0.0,False,15.399999999999999,Templado,True,2005,4
2005-04-25,115.0,23.4,9.7,16.5,0.0,False,13.7,Templado,True,2005,4
2005-04-26,116.0,22.7,7.9,15.3,0.0,False,14.799999999999999,Templado,True,2005,4
2005-04-27,117.0,23.0,9.7,15.7,0.0,False,13.3,Templado,True,2005,4
2005-04-28,118.0,23.8,8.1,15.7,0.0,False,15.700000000000001,Templado,True,2005,4
2005-04-29,119.0,24.4,9.4,17.0,0.0,False,14.999999999999998,Templado,True,2005,4
2005-04-30,120.0,25.7,11.2,18.2,0.0,False,14.5,Templado,True,2005,4
2005-05-01,121.0,27.8,11.5,18.6,0.0,False,16.3,Templado,True,2005,5
2005-05-02,122.0,24.0,14.4,18.5,0.6,False,9.6,Templado,False,2005,5
2005-05-03,123.0,28.2,14.7,20.7,0.0,False,13.5,Templado,True,2005,5
2005-05-04,124.0,26.7,14.3,20.2,0.0,False,12.399999999999999,Templado,True,2005,5
2005-05-05,125.0,22.4,11.2,16.7,0.0,False,11.2,Templado,True,2005,5
2005-05-06,126.0,23.3,10.0,16.9,0.0,False,13.3,Templado,True,2005,5
2005-05-07,127.0,27.4,8.2,18.6,0.0,False,19.2,Templado,True,2005,5
2005-05-08,128.0,31.9,11.6,23.0,0.0,False,20.299999999999997,Caluroso,True,2005,5
2005-05-09,129.0,32.1,16.1,25.0,0.0,False,16.0,Caluroso,True,2005,5
2005-05-10,130.0,31.6,12.2,23.7,0.0,False,19.400000000000002,Caluroso,True,2005,5
2005-05-11,131.0,28.6,13.8,21.4,0.0,False,14.8,Templado,True,2005,5
2005-05-12,132.0,24.4,11.0,18.4,0.0,False,13.399999999999999,Templado,True,2005,5
2005-05-13,133.0,26.2,10.3,19.0,0.0,False,15.899999999999999,Templado,True,2005,5
2005-05-14,134.0,23.0,9.5,16.9,0.0,False,13.5,Templado,True,2005,5
2005-05-15,135.0,26.4,10.1,17.9,0.0,False,16.299999999999997,Templado,True,2005,5
2005-05-16,136.0,26.2,10.6,18.8,0.0,False,15.6,Templado,True,2005,5
2005-05-17,137.0,22.0,11.0,16.8,0.0,False,11.0,Templado,True,2005,5
2005-05-18,138.0,25.3,8.1,17.7,0.0,False,17.200000000000003,Templado,True,2005,5
2005-05-19,139.0,26.8,9.6,19.3,0.0,False,17.200000000000003,Templado,True,2005,5
2005-05-20,140.0,28.3,10.0,20.0,0.0,False,18.3,Templado,True,2005,5
2005-05-21,141.0,30.3,11.6,21.6,0.0,False,18.700000000000003,Caluroso,True,2005,5
2005-05-22,142.0,31.0,14.1,23.5,0.0,False,16.9,Caluroso,True,2005,5
2005-05-23,143.0,23.2,11.7,17.8,0.0,False,11.5,Templado,True,2005,5
2005-05-24,144.0,23.3,12.6,18.4,0.0,False,10.700000000000001,Templado,True,2005,5
2005-05-25,145.0,26.1,11.4,19.1,0.0,False,14.700000000000001,Templado,True,2005,5
2005-05-26,146.0,26.9,11.8,19.8,0.0,False,15.099999999999998,Templado,True,2005,5
2005-05-27,147.0,28.1,12.0,20.5,0.0,False,16.1,Templado,True,2005,5
2005-05-28,148.0,27.8,13.4,20.8,0.0,False,14.4,Templado,True,2005,5
2005-05-29,149.0,28.5,16.1,21.5,0.0,False,12.399999999999999,Templado,True,2005,5
2005-05-30,150.0,26.6,15.4,20.7,2.6,False,11.200000000000001,Templado,False,2005,5
2005-05-31,151.0,25.5,14.8,19.9,0.2,False,10.7,Templado,False,2005,5
2005-06-01,152.0,23.7,13.0,18.9,0.0,False,10.7,Templado,True,2005,6
2005-06-02,153.0,26.1,12.8,19.7,0.0,False,13.3,Templado,True,2005,6
2005-06-03,154.0,28.8,13.7,21.8,0.0,False,15.100000000000001,Templado,True,2005,6
2005-06-04,155.0,30.0,15.0,23.0,0.0,False,15.0,Templado,True,2005,6
2005-06-05,156.0,28.2,15.9,22.2,0.0,False,12.299999999999999,Templado,True,2005,6
2005-06-06,157.0,30.1,15.5,21.9,0.0,False,14.600000000000001,Caluroso,True,2005,6
2005-06-07,158.0,24.4,15.1,20.2,0.0,False,9.299999999999999,Templado,True,2005,6
2005-06-08,159.0,26.5,13.6,20.7,0.0,False,12.9,Templado,True,2005,6
2005-06-09,160.0,27.6,12.6,20.9,0.0,False,15.000000000000002,Templado,True,2005,6
2005-06-10,161.0,33.6,14.0,22.2,0.0,False,19.6,Caluroso,True,2005,6
2005-06-11,162.0,32.4,15.3,23.1,0.0,False,17.099999999999998,Caluroso,True,2005,6
2005-06-12,163.0,29.5,16.2,22.9,0.0,False,13.3,Templado,True,2005,6
2005-06-13,164.0,30.6,16.0,23.8,0.0,False,14.600000000000001,Caluroso,True,2005,6
2005-06-14,165.0,28.8,14.7,22.6,0.0,False,14.100000000000001,Templado,True,2005,6
2005-06-15,166.0,31.1,15.2,24.3,0.0,False,15.900000000000002,Caluroso,True,2005,6
2005-06-16,167.0,32.2,15.3,24.7,0.0,False,16.900000000000002,Caluroso,True,2005,6
2005-06-17,168.0,27.2,16.7,22.0,0.0,False,10.5,Templado,True,2005,6
2005-06-18,169.0,28.7,14.9,22.7,0.0,False,13.799999999999999,Templado,True,2005,6
2005-06-19,170.0,31.3,14.9,24.3,0.0,False,16.4,Caluroso,True,2005,6
2005-06-20,171.0,31.7,15.7,24.5,0.0,False,16.0,Caluroso,True,2005,6
2005-06-21,172.0,33.3,17.1,25.9,0.0,False,16.199999999999996,Caluroso,True,2005,6
2005-06-22,173.0,34.5,19.1,27.0,1.0,False,15.399999999999999,Caluroso,False,2005,6
2005-06-23,174.0,36.8,19.6,27.0,0.0,True,17.199999999999996,Caluroso,True,2005,6
2005-06-24,175.0,33.2,18.7,26.1,0.0,False,14.500000000000004,Caluroso,True,2005,6
2005-06-25,176.0,35.7,16.8,26.1,0.0,True,18.900000000000002,Caluroso,True,2005,6
2005-06-26,177.0,31.7,18.3,24.8,0.0,False,13.399999999999999,Caluroso,True,2005,6
2005-06-27,178.0,30.7,22.0,26.5,0.0,False,8.7,Caluroso,True,2005,6
2005-06-28,179.0,32.1,20.8,26.5,0.0,False,11.3,Caluroso,True,2005,6
2005-06-29,180.0,35.6,18.0,26.5,0.0,True,17.6,Caluroso,True,2005,6
2005-06-30,181.0,35.2,0.0,29.5,0.0,True,35.2,Caluroso,True,2005,6
2005-07-01,182.0,30.0,17.8,24.7,0.0,False,12.2,Templado,True,2005,7
2005-07-02,183.0,30.3,16.7,23.8,0.0,False,13.600000000000001,Caluroso,True,2005,7
2005-07-03,184.0,33.7,16.9,26.3,0.0,False,16.800000000000004,Caluroso,True,2005,7
2005-07-04,185.0,35.2,20.1,27.0,0.0,True,15.100000000000001,Caluroso,True,2005,7
2005-07-05,186.0,30.3,19.6,24.5,0.0,False,10.7,Caluroso,True,2005,7
2005-07-06,187.0,30.1,0.0,25.9,0.0,False,30.1,Caluroso,True,2005,7
2005-07-07,188.0,31.4,17.7,24.4,0.0,False,13.7,Caluroso,True,2005,7
2005-07-08,189.0,27.3,18.0,22.7,0.0,False,9.3,Templado,True,2005,7
2005-07-09,190.0,28.8,18.0,22.7,0.0,False,10.8,Templado,True,2005,7
2005-07-10,191.0,28.1,17.0,22.5,0.0,False,11.100000000000001,Templado,True,2005,7
2005-07-11,192.0,27.8,18.3,22.9,0.0,False,9.5,Templado,True,2005,7
2005-07-12,193.0,32.6,16.6,24.8,0.0,False,16.0,Caluroso,True,2005,7
2005-07-13,194.0,34.2,17.3,26.2,0.0,False,16.900000000000002,Caluroso,True,2005,7
2005-07-14,195.0,33.2,18.8,26.6,0.0,False,14.400000000000002,Caluroso,True,2005,7
2005-07-15,196.0,36.3,20.7,28.4,0.0,True,15.599999999999998,Caluroso,True,2005,7
2005-07-16,197.0,39.4,20.0,29.2,0.0,True,19.4,Caluroso,True,2005,7
2005-07-17,198.0,41.9,21.3,31.7,0.0,True,20.599999999999998,Extremo,True,2005,7
2005-07-18,199.0,35.4,22.3,29.1,0.0,True,13.099999999999998,Caluroso,True,2005,7
2005-07-19,200.0,32.0,19.7,25.7,0.0,False,12.3,Caluroso,True,2005,7
2005-07-20,201.0,32.5,19.3,26.0,0.0,False,13.2,Caluroso,True,2005,7
2005-07-21,202.0,35.2,19.0,27.3,0.0,True,16.200000000000003,Caluroso,True,2005,7
2005-07-22,203.0,38.0,18.0,27.4,0.0,True,20.0,Caluroso,True,2005,7
2005-07-23,204.0,35.8,17.3,26.1,0.0,True,18.499999999999996,Caluroso,True,2005,7
2005-07-24,205.0,37.7,17.5,28.0,0.0,True,20.200000000000003,Caluroso,True,2005,7
2005-07-25,206.0,37.3,18.5,28.1,0.0,True,18.799999999999997,Caluroso,True,2005,7
2005-07-26,207.0,34.3,19.3,27.1,0.0,False,14.999999999999996,Caluroso,True,2005,7
2005-07-27,208.0,35.9,15.9,26.9,0.0,True,20.0,Caluroso,True,2005,7
2005-07-28,209.0,35.9,17.8,28.6,0.0,True,18.099999999999998,Caluroso,True,2005,7
2005-07-29,210.0,33.4,20.3,27.4,0.0,False,13.099999999999998,Caluroso,True,2005,7
2005-07-30,211.0,33.5,19.4,26.3,0.0,False,14.100000000000001,Caluroso,True,2005,7
2005-07-31,212.0,29.3,18.8,24.1,0.0,False,10.5,Templado,True,2005,7
2005-08-01,213.0,30.4,21.5,24.7,0.0,False,8.899999999999999,Caluroso,True,2005,8
2005-08-02,214.0,29.3,19.6,23.8,0.0,False,9.7,Templado,True,2005,8
2005-08-03,215.0,27.9,18.6,23.2,0.0,False,9.299999999999997,Templado,True,2005,8
2005-08-04,216.0,28.0,17.3,23.0,0.0,False,10.7,Templado,True,2005,8
2005-08-05,217.0,31.5,16.3,23.7,0.0,False,15.2,Caluroso,True,2005,8
2005-08-06,218.0,35.0,17.5,25.8,0.0,False,17.5,Caluroso,True,2005,8
2005-08-07,219.0,38.5,17.8,28.2,0.0,True,20.7,Caluroso,True,2005,8
2005-08-08,220.0,41.5,21.1,29.4,0.0,True,20.4,Extremo,True,2005,8
2005-08-09,221.0,37.5,21.9,28.0,0.2,True,15.600000000000001,Caluroso,False,2005,8
2005-08-10,222.0,35.1,20.0,27.8,0.0,True,15.100000000000001,Caluroso,True,2005,8
2005-08-11,223.0,30.7,17.5,24.7,0.0,False,13.2,Caluroso,True,2005,8
2005-08-12,224.0,29.8,18.1,24.0,0.0,False,11.7,Templado,True,2005,8
2005-08-13,225.0,30.6,18.4,23.9,0.0,False,12.200000000000003,Caluroso,True,2005,8
2005-08-14,226.0,33.2,16.9,25.4,0.0,False,16.300000000000004,Caluroso,True,2005,8
2005-08-15,227.0,30.7,18.2,24.5,0.0,False,12.5,Caluroso,True,2005,8
2005-08-16,228.0,30.5,19.4,24.3,0.0,False,11.100000000000001,Caluroso,True,2005,8
2005-08-17,229.0,30.4,18.4,24.0,0.0,False,12.0,Caluroso,True,2005,8
2005-08-18,230.0,36.2,20.0,25.9,0.2,True,16.200000000000003,Caluroso,False,2005,8
2005-08-19,231.0,28.9,19.4,23.9,0.6,False,9.5,Templado,False,2005,8
2005-08-20,232.0,30.7,20.9,24.7,0.2,False,9.8,Caluroso,False,2005,8
2005-08-21,,,,,,False,,,False,2005,8
2005-08-22,234.0,28.4,13.2,20.6,0.0,False,15.2,Templado,True,2005,8
2005-08-23,235.0,30.1,12.8,22.5,0.0,False,17.3,Caluroso,True,2005,8
2005-08-24,236.0,33.6,15.0,24.2,0.0,False,18.6,Caluroso,True,2005,8
2005-08-25,237.0,35.6,15.0,25.5,0.0,True,20.6,Caluroso,True,2005,8
2005-08-26,238.0,36.0,16.8,25.9,0.0,True,19.2,Caluroso,True,2005,8
2005-08-27,239.0,35.1,15.5,25.8,0.0,True,19.6,Caluroso,True,2005,8
2005-08-28,240.0,31.9,18.6,24.3,0.0,False,13.299999999999997,Caluroso,True,2005,8
2005-08-29,241.0,28.7,19.2,23.5,0.0,False,9.5,Templado,True,2005,8
2005-08-30,242.0,29.7,16.9,23.0,0.0,False,12.8,Templado,True,2005,8
2005-08-31,243.0,30.3,17.5,23.0,0.0,False,12.8,Caluroso,True,2005,8
2005-09-01,244.0,30.3,18.4,23.3,0.0,False,11.900000000000002,Caluroso,True,2005,9
2005-09-02,245.0,30.2,16.3,23.1,0.0,False,13.899999999999999,Caluroso,True,2005,9
2005-09-03,246.0,31.4,16.5,23.9,0.0,False,14.899999999999999,Caluroso,True,2005,9
2005-09-04,247.0,33.6,17.9,25.1,0.0,False,15.700000000000003,Caluroso,True,2005,9
2005-09-05,248.0,37.3,18.4,28.1,0.0,True,18.9,Caluroso,True,2005,9
2005-09-06,249.0,30.2,21.0,25.4,0.0,False,9.2,Caluroso,True,2005,9
2005-09-07,250.0,24.4,14.8,19.2,7.0,False,9.599999999999998,Templado,False,2005,9
2005-09-08,251.0,27.8,12.4,20.2,0.2,False,15.4,Templado,False,2005,9
2005-09-09,252.0,29.7,13.7,22.1,0.0,False,16.0,Templado,True,2005,9
2005-09-10,253.0,30.3,16.6,23.5,0.0,False,13.7,Caluroso,True,2005,9
2005-09-11,254.0,26.6,14.2,20.6,0.0,False,12.400000000000002,Templado,True,2005,9
2005-09-12,255.0,26.9,12.2,20.1,0.0,False,14.7,Templado,True,2005,9
2005-09-13,256.0,24.2,15.2,19.1,0.0,False,9.0,Templado,True,2005,9
2005-09-14,257.0,24.7,15.1,20.1,0.0,False,9.6,Templado,True,2005,9
2005-09-15,258.0,28.0,15.2,21.9,0.0,False,12.8,Templado,True,2005,9
2005-09-16,259.0,31.1,13.6,21.3,1.0,False,17.5,Caluroso,False,2005,9
2005-09-17,260.0,27.7,13.5,19.0,6.0,False,14.2,Templado,False,2005,9
2005-09-18,261.0,23.8,14.4,17.8,2.0,False,9.4,Templado,False,2005,9
2005-09-19,262.0,25.5,10.2,17.8,0.0,False,15.3,Templado,True,2005,9
2005-09-20,263.0,27.4,11.5,18.7,0.2,False,15.899999999999999,Templado,False,2005,9
2005-09-21,264.0,27.7,11.9,19.0,0.0,False,15.799999999999999,Templado,True,2005,9
2005-09-22,265.0,27.0,12.4,19.4,0.0,False,14.6,Templado,True,2005,9
2005-09-23,266.0,26.0,13.6,18.9,0.0,False,12.4,Templado,True,2005,9
2005-09-24,267.0,27.2,13.1,19.5,0.0,False,14.1,Templado,True,2005,9
2005-09-25,268.0,28.6,11.6,19.7,0.2,False,17.0,Templado,False,2005,9
2005-09-26,269.0,23.0,14.3,18.6,0.0,False,8.7,Templado,True,2005,9
2005-09-27,270.0,23.7,11.4,17.9,0.0,False,12.299999999999999,Templado,True,2005,9
2005-09-28,271.0,24.5,13.5,19.5,0.0,False,11.0,Templado,True,2005,9
2005-09-29,272.0,28.0,13.4,20.3,0.0,False,14.6,Templado,True,2005,9
2005-09-30,273.0,27.3,12.8,19.6,0.0,False,14.5,Templado,True,2005,9
2005-10-01,274.0,27.6,13.0,19.6,0.0,False,14.600000000000001,Templado,True,2005,10
2005-10-02,275.0,24.6,14.0,18.4,0.0,False,10.600000000000001,Templado,True,2005,10
2005-10-03,276.0,20.3,14.1,17.3,0.2,False,6.200000000000001,Templado,False,2005,10
2005-10-04,277.0,22.6,12.0,16.6,0.0,False,10.600000000000001,Templado,True,2005,10
2005-10-05,278.0,24.7,9.1,16.7,0.0,False,15.6,Templado,True,2005,10
2005-10-06,279.0,24.1,10.4,16.7,0.2,False,13.700000000000001,Templado,False,2005,10
2005-10-07,280.0,22.6,9.8,16.4,0.0,False,12.8,Templado,True,2005,10
2005-10-08,281.0,24.1,12.0,17.5,0.0,False,12.100000000000001,Templado,True,2005,10
2005-10-09,282.0,24.2,12.0,17.7,0.0,False,12.2,Templado,True,2005,10
2005-10-10,283.0,23.9,14.3,17.9,3.6,False,9.599999999999998,Templado,False,2005,10
2005-10-11,284.0,23.6,14.4,18.0,0.6,False,9.200000000000001,Templado,False,2005,10
2005-10-12,285.0,26.6,12.1,19.6,0.2,False,14.500000000000002,Templado,False,2005,10
2005-10-13,286.0,22.5,12.2,18.0,0.0,False,10.3,Templado,True,2005,10
2005-10-14,287.0,20.0,8.6,13.8,0.0,False,11.4,Frío,True,2005,10
2005-10-15,288.0,21.9,7.3,14.0,0.0,False,14.599999999999998,Templado,True,2005,10
2005-10-16,289.0,20.0,9.9,15.5,0.0,False,10.1,Frío,True,2005,10
2005-10-17,290.0,21.9,15.4,18.3,0.0,False,6.499999999999998,Templado,True,2005,10
2005-10-18,291.0,20.9,15.5,17.3,0.0,False,5.399999999999999,Templado,True,2005,10
2005-10-19,292.0,24.2,11.2,17.3,0.0,False,13.0,Templado,True,2005,10
2005-10-20,293.0,25.4,8.1,16.5,0.0,False,17.299999999999997,Templado,True,2005,10
2005-10-21,294.0,26.1,11.0,17.9,0.0,False,15.100000000000001,Templado,True,2005,10
2005-10-22,295.0,26.4,9.9,17.0,0.0,False,16.5,Templado,True,2005,10
2005-10-23,296.0,24.8,11.2,17.0,0.0,False,13.600000000000001,Templado,True,2005,10
2005-10-24,297.0,22.4,9.7,15.4,0.0,False,12.7,Templado,True,2005,10
2005-10-25,298.0,22.8,8.5,14.9,0.0,False,14.3,Templado,True,2005,10
2005-10-26,299.0,21.1,8.0,14.6,0.0,False,13.100000000000001,Templado,True,2005,10
2005-10-27,300.0,26.5,8.7,17.5,0.0,False,17.8,Templado,True,2005,10
2005-10-28,301.0,25.2,15.0,18.9,0.6,False,10.2,Templado,False,2005,10
2005-10-29,302.0,27.5,12.9,19.1,0.2,False,14.6,Templado,False,2005,10
2005-10-30,303.0,28.8,14.6,20.3,0.0,False,14.200000000000001,Templado,True,2005,10
2005-10-31,304.0,23.6,11.0,18.6,0.2,False,12.600000000000001,Templado,False,2005,10
2005-11-01,305.0,22.6,9.0,15.1,0.0,False,13.600000000000001,Templado,True,2005,11
2005-11-02,306.0,24.8,8.3,15.6,0.0,False,16.5,Templado,True,2005,11
2005-11-03,307.0,25.4,8.1,15.5,0.0,False,17.299999999999997,Templado,True,2005,11
2005-11-04,308.0,21.9,10.4,15.4,0.0,False,11.499999999999998,Templado,True,2005,11
2005-11-05,309.0,18.6,5.7,11.9,0.0,False,12.900000000000002,Frío,True,2005,11
2005-11-06,310.0,18.4,3.7,10.6,0.0,False,14.7,Frío,True,2005,11
2005-11-07,311.0,20.4,3.8,11.4,0.0,False,16.599999999999998,Templado,True,2005,11
2005-11-08,312.0,21.7,5.3,13.1,0.0,False,16.4,Templado,True,2005,11
2005-11-09,313.0,17.8,7.3,12.7,0.0,False,10.5,Frío,True,2005,11
2005-11-10,314.0,13.2,7.3,10.6,0.4,False,5.8999999999999995,Frío,False,2005,11
2005-11-11,315.0,13.7,7.1,10.7,1.4,False,6.6,Frío,False,2005,11
2005-11-12,316.0,16.6,7.7,10.8,4.0,False,8.900000000000002,Frío,False,2005,11
2005-11-13,317.0,14.9,6.7,9.7,1.0,False,8.2,Frío,False,2005,11
2005-11-14,318.0,14.1,3.0,8.6,7.4,False,11.1,Frío,False,2005,11
2005-11-15,319.0,13.4,0.7,7.4,1.2,False,12.700000000000001,Frío,False,2005,11
2005-11-16,320.0,17.6,4.7,10.2,0.0,False,12.900000000000002,Frío,True,2005,11
2005-11-17,321.0,19.3,3.7,10.4,0.0,False,15.600000000000001,Frío,True,2005,11
2005-11-18,322.0,17.2,5.9,10.6,0.0,False,11.299999999999999,Frío,True,2005,11
2005-11-19,323.0,16.0,5.5,10.8,0.2,False,10.5,Frío,False,2005,11
2005-11-20,324.0,16.1,10.2,13.2,0.0,False,5.900000000000002,Frío,True,2005,11
2005-11-21,325.0,17.4,12.0,14.2,2.0,False,5.399999999999999,Frío,False,2005,11
2005-11-22,326.0,18.5,10.6,13.3,0.4,False,7.9,Frío,False,2005,11
2005-11-23,327.0,12.5,4.1,9.9,5.4,False,8.4,Frío,False,2005,11
2005-11-24,328.0,14.3,2.6,8.1,0.2,False,11.700000000000001,Frío,False,2005,11
2005-11-25,329.0,17.3,1.0,9.5,0.2,False,16.3,Frío,False,2005,11
2005-11-26,330.0,13.0,6.7,10.1,0.0,False,6.3,Frío,True,2005,11
2005-11-27,331.0,14.1,3.2,8.0,0.0,False,10.899999999999999,Frío,True,2005,11
2005-11-28,332.0,13.9,-0.6,6.2,0.0,False,14.5,Frío,True,2005,11
2005-11-29,333.0,12.5,3.3,8.0,0.0,False,9.2,Frío,True,2005,11
2005-11-30,334.0,14.4,-0.5,5.8,0.0,False,14.9,Frío,True,2005,11
2005-12-01,335.0,15.1,-1.8,6.2,0.0,False,16.9,Frío,True,2005,12
2005-12-02,336.0,17.1,4.7,12.5,0.0,False,12.400000000000002,Frío,True,2005,12
2005-12-03,337.0,20.1,7.3,13.8,0.0,False,12.8,Templado,True,2005,12
2005-12-04,338.0,18.6,3.2,11.7,0.0,False,15.400000000000002,Frío,True,2005,12
2005-12-05,339.0,21.4,8.1,13.6,0.0,False,13.299999999999999,Templado,True,2005,12
2005-12-06,340.0,16.4,4.2,9.9,0.0,False,12.2,Frío,True,2005,12
2005-12-07,341.0,15.1,2.6,8.8,0.0,False,12.5,Frío,True,2005,12
2005-12-08,342.0,16.9,2.5,8.6,0.0,False,14.399999999999999,Frío,True,2005,12
2005-12-09,343.0,19.2,3.8,10.0,0.0,False,15.399999999999999,Frío,True,2005,12
2005-12-10,344.0,13.2,1.9,7.7,0.0,False,11.299999999999999,Frío,True,2005,12
2005-12-11,345.0,13.2,0.3,7.4,0.0,False,12.899999999999999,Frío,True,2005,12
2005-12-12,346.0,12.8,-1.6,5.0,0.2,False,14.4,Frío,False,2005,12
2005-12-13,347.0,12.2,-1.8,4.1,0.0,False,14.0,Frío,True,2005,12
2005-12-14,348.0,11.7,-0.6,5.4,0.0,False,12.299999999999999,Frío,True,2005,12
2005-12-15,349.0,13.5,0.6,6.3,0.0,False,12.9,Frío,True,2005,12
2005-12-16,350.0,14.4,0.1,5.9,0.0,False,14.3,Frío,True,2005,12
2005-12-17,351.0,16.4,-1.4,7.0,0.2,False,17.799999999999997,Frío,False,2005,12
2005-12-18,352.0,14.0,2.4,7.6,0.0,False,11.6,Frío,True,2005,12
2005-12-19,353.0,9.6,2.4,7.7,7.4,False,7.199999999999999,Muy frío,False,2005,12
2005-12-20,354.0,8.9,7.3,8.2,0.6,False,1.6000000000000005,Muy frío,False,2005,12
2005-12-21,355.0,9.4,7.4,8.3,0.4,False,2.0,Muy frío,False,2005,12
2005-12-22,,,,,,False,,,False,2005,12
2005-12-23,357.0,12.3,2.4,6.8,0.0,False,9.9,Frío,True,2005,12
2005-12-24,358.0,13.8,2.0,7.4,0.2,False,11.8,Frío,False,2005,12
2005-12-25,359.0,14.7,2.2,8.2,0.0,False,12.5,Frío,True,2005,12
2005-12-26,360.0,17.3,4.4,10.4,0.2,False,12.9,Frío,False,2005,12
2005-12-27,361.0,16.1,4.4,12.0,0.0,False,11.700000000000001,Frío,True,2005,12
2005-12-28,362.0,15.5,2.7,9.7,0.0,False,12.8,Frío,True,2005,12
2005-12-29,363.0,12.5,2.4,7.1,0.0,False,10.1,Frío,True,2005,12
2005-12-30,364.0,18.7,5.4,11.0,0.0,False,13.299999999999999,Frío,True,2005,12
2005-12-31,365.0,15.6,4.4,10.0,0.0,False,11.2,Frío,True,2005,12
2006-01-01,1.0,15.4,3.4,11.9,0.0,False,12.0,Frío,True,2006,1
2006-01-02,2.0,15.5,0.0,7.3,0.0,False,15.5,Frío,True,2006,1
2006-01-03,3.0,14.5,0.0,6.4,0.0,False,14.5,Frío,True,2006,1
2006-01-04,4.0,12.7,-0.6,5.0,0.0,False,13.299999999999999,Frío,True,2006,1
2006-01-05,5.0,13.9,-0.4,5.7,0.0,False,14.3,Frío,True,2006,1
2006-01-06,6.0,11.8,0.6,6.2,9.4,False,11.200000000000001,Frío,False,2006,1
2006-01-07,7.0,10.3,5.3,7.2,19.0,False,5.000000000000001,Frío,False,2006,1
2006-01-08,8.0,11.0,3.2,7.3,0.2,False,7.8,Frío,False,2006,1
2006-01-09,9.0,12.8,0.8,6.7,0.2,False,12.0,Frío,False,2006,1
2006-01-10,10.0,9.7,5.1,6.5,5.4,False,4.6,Muy frío,False,2006,1
2006-01-11,11.0,11.0,3.6,7.7,8.6,False,7.4,Frío,False,2006,1
2006-01-12,12.0,11.1,0.3,5.3,0.2,False,10.799999999999999,Frío,False,2006,1
2006-01-13,13.0,11.8,0.6,6.2,0.2,False,11.200000000000001,Frío,False,2006,1
2006-01-14,14.0,9.5,1.8,6.3,0.0,False,7.7,Muy frío,True,2006,1
2006-01-15,15.0,11.6,3.4,7.2,0.0,False,8.2,Frío,True,2006,1
2006-01-16,16.0,9.4,4.1,6.7,8.0,False,5.300000000000001,Muy frío,False,2006,1
2006-01-17,17.0,12.9,4.6,8.4,0.2,False,8.3,Frío,False,2006,1
2006-01-18,18.0,15.1,2.1,8.2,0.2,False,13.0,Frío,False,2006,1
2006-01-19,19.0,14.2,5.6,9.8,0.2,False,8.6,Frío,False,2006,1
2006-01-20,20.0,14.2,5.1,9.4,0.0,False,9.1,Frío,True,2006,1
2006-01-21,21.0,14.0,2.1,8.2,0.0,False,11.9,Frío,True,2006,1
2006-01-22,22.0,14.3,3.9,8.6,0.2,False,10.4,Frío,False,2006,1
2006-01-23,23.0,11.4,3.9,7.8,0.0,False,7.5,Frío,True,2006,1
2006-01-24,24.0,10.8,2.2,6.6,0.2,False,8.600000000000001,Frío,False,2006,1
2006-01-25,25.0,8.1,5.6,6.7,1.4,False,2.5,Muy frío,False,2006,1
2006-01-26,26.0,10.4,4.5,7.2,0.6,False,5.9,Frío,False,2006,1
2006-01-27,27.0,10.2,2.0,6.7,3.2,False,8.2,Frío,False,2006,1
2006-01-28,,,,,,False,,,False,2006,1
2006-01-29,29.0,8.0,-0.7,2.4,1.0,False,8.7,Muy frío,False,2006,1
2006-01-30,30.0,13.3,1.1,6.9,1.0,False,12.200000000000001,Frío,False,2006,1
2006-01-31,31.0,14.4,7.1,10.3,0.2,False,7.300000000000001,Frío,False,2006,1
2006-02-01,32.0,16.0,3.7,9.3,0.0,False,12.3,Frío,True,2006,2
2006-02-02,33.0,16.3,2.7,8.3,0.2,False,13.600000000000001,Frío,False,2006,2
2006-02-03,34.0,11.8,3.6,6.9,1.0,False,8.200000000000001,Frío,False,2006,2
2006-02-04,35.0,14.4,3.9,9.0,0.4,False,10.5,Frío,False,2006,2
2006-02-05,36.0,9.8,3.7,7.5,0.0,False,6.1000000000000005,Muy frío,True,2006,2
2006-02-06,37.0,13.2,4.8,8.7,0.0,False,8.399999999999999,Frío,True,2006,2
2006-02-07,38.0,13.2,1.8,6.7,0.0,False,11.399999999999999,Frío,True,2006,2
2006-02-08,39.0,16.3,2.0,7.5,0.2,False,14.3,Frío,False,2006,2
2006-02-09,40.0,19.4,0.0,9.3,0.0,False,19.4,Frío,True,2006,2
2006-02-10,41.0,18.4,7.6,12.4,0.0,False,10.799999999999999,Frío,True,2006,2
2006-02-11,42.0,11.6,7.6,9.4,0.4,False,4.0,Frío,False,2006,2
2006-02-12,43.0,10.5,2.9,7.9,3.0,False,7.6,Frío,False,2006,2
2006-02-13,44.0,16.6,0.4,7.7,0.2,False,16.200000000000003,Frío,False,2006,2
2006-02-14,45.0,17.2,4.4,9.1,0.2,False,12.799999999999999,Frío,False,2006,2
2006-02-15,46.0,18.0,2.4,9.3,0.2,False,15.6,Frío,False,2006,2
2006-02-16,,,,,,False,,,False,2006,2
2006-02-17,48.0,17.8,7.4,12.6,0.0,False,10.4,Frío,True,2006,2
2006-02-18,49.0,18.6,3.5,10.9,0.0,False,15.100000000000001,Frío,True,2006,2
2006-02-19,50.0,13.5,7.4,10.4,0.6,False,6.1,Frío,False,2006,2
2006-02-20,51.0,12.8,5.9,9.0,0.0,False,6.9,Frío,True,2006,2
2006-02-21,52.0,13.7,0.6,7.8,0.0,False,13.1,Frío,True,2006,2
2006-02-22,53.0,11.0,1.2,5.3,9.4,False,9.8,Frío,False,2006,2
2006-02-23,54.0,11.6,-0.4,6.3,0.2,False,12.0,Frío,False,2006,2
2006-02-24,55.0,11.7,2.0,5.9,0.2,False,9.7,Frío,False,2006,2
2006-02-25,56.0,12.2,1.9,7.9,0.0,False,10.299999999999999,Frío,True,2006,2
2006-02-26,57.0,13.0,5.0,8.1,0.2,False,8.0,Frío,False,2006,2
2006-02-27,58.0,14.9,2.8,9.0,0.0,False,12.100000000000001,Frío,True,2006,2
2006-02-28,59.0,13.2,1.7,7.5,0.0,False,11.5,Frío,True,2006,2
2006-03-01,60.0,12.5,3.4,7.6,0.0,False,9.1,Frío,True,2006,3
2006-03-02,61.0,16.8,-0.6,8.4,0.0,False,17.400000000000002,Frío,True,2006,3
2006-03-03,62.0,17.0,2.1,9.1,0.0,False,14.9,Frío,True,2006,3
2006-03-04,63.0,19.8,2.9,11.3,0.2,False,16.900000000000002,Frío,False,2006,3
2006-03-05,64.0,11.1,7.0,8.9,0.2,False,4.1,Frío,False,2006,3
2006-03-06,65.0,15.0,2.6,9.6,0.0,False,12.4,Frío,True,2006,3
2006-03-07,66.0,19.6,0.0,9.9,0.0,False,19.6,Frío,True,2006,3
2006-03-08,67.0,23.3,5.3,13.8,0.0,False,18.0,Templado,True,2006,3
2006-03-09,68.0,23.8,5.5,14.8,0.0,False,18.3,Templado,True,2006,3
2006-03-10,69.0,21.7,10.6,15.9,0.0,False,11.1,Templado,True,2006,3
2006-03-11,70.0,24.8,9.3,16.9,0.0,False,15.5,Templado,True,2006,3
2006-03-12,71.0,23.4,6.8,15.2,0.0,False,16.599999999999998,Templado,True,2006,3
2006-03-13,72.0,21.5,4.7,12.7,0.0,False,16.8,Templado,True,2006,3
2006-03-14,73.0,18.1,6.4,11.7,0.0,False,11.700000000000001,Frío,True,2006,3
2006-03-15,74.0,21.8,4.5,11.9,0.0,False,17.3,Templado,True,2006,3
2006-03-16,75.0,23.4,5.5,13.7,0.0,False,17.9,Templado,True,2006,3
2006-03-17,76.0,17.1,10.0,12.3,0.0,False,7.100000000000001,Frío,True,2006,3
2006-03-18,77.0,14.7,7.9,11.2,1.2,False,6.799999999999999,Frío,False,2006,3
2006-03-19,78.0,19.4,5.3,12.3,0.2,False,14.099999999999998,Frío,False,2006,3
2006-03-20,79.0,15.5,5.8,10.9,0.4,False,9.7,Frío,False,2006,3
2006-03-21,80.0,18.0,5.1,11.1,0.0,False,12.9,Frío,True,2006,3
2006-03-22,81.0,18.4,6.9,13.6,0.0,False,11.499999999999998,Frío,True,2006,3
2006-03-23,82.0,21.2,7.9,14.2,0.0,False,13.299999999999999,Templado,True,2006,3
2006-03-24,83.0,22.9,7.3,15.6,0.0,False,15.599999999999998,Templado,True,2006,3
2006-03-25,84.0,22.7,7.2,15.2,0.0,False,15.5,Templado,True,2006,3
2006-03-26,85.0,26.5,7.6,16.6,0.0,False,18.9,Templado,True,2006,3
2006-03-27,86.0,30.4,8.5,19.7,0.0,False,21.9,Caluroso,True,2006,3
2006-03-28,87.0,22.5,8.7,16.8,0.0,False,13.8,Templado,True,2006,3
2006-03-29,88.0,24.9,7.6,15.8,0.0,False,17.299999999999997,Templado,True,2006,3
2006-03-30,89.0,26.2,9.1,17.4,0.0,False,17.1,Templado,True,2006,3
2006-03-31,90.0,28.4,9.9,18.1,0.0,False,18.5,Templado,True,2006,3
2006-04-01,91.0,28.9,10.7,18.6,0.0,False,18.2,Templado,True,2006,4
2006-04-02,92.0,24.4,12.5,18.4,0.0,False,11.899999999999999,Templado,True,2006,4
2006-04-03,93.0,22.9,9.8,16.7,0.0,False,13.099999999999998,Templado,True,2006,4
2006-04-04,94.0,24.8,10.6,17.5,0.0,False,14.200000000000001,Templado,True,2006,4
2006-04-05,95.0,22.4,8.8,17.0,0.0,False,13.599999999999998,Templado,True,2006,4
2006-04-06,96.0,22.3,7.2,15.9,0.0,False,15.100000000000001,Templado,True,2006,4
2006-04-07,97.0,21.8,7.4,14.9,0.0,False,14.4,Templado,True,2006,4
2006-04-08,98.0,22.2,8.5,15.1,0.0,False,13.7,Templado,True,2006,4
2006-04-09,99.0,22.3,7.0,14.9,0.0,False,15.3,Templado,True,2006,4
2006-04-10,100.0,24.5,7.9,15.9,0.0,False,16.6,Templado,True,2006,4
2006-04-11,101.0,18.8,12.0,14.1,0.0,False,6.800000000000001,Frío,True,2006,4
2006-04-12,102.0,22.2,10.7,15.3,0.0,False,11.5,Templado,True,2006,4
2006-04-13,103.0,20.8,9.1,14.1,0.0,False,11.700000000000001,Templado,True,2006,4
2006-04-14,104.0,21.5,8.9,15.0,0.0,False,12.6,Templado,True,2006,4
2006-04-15,105.0,24.6,12.5,17.1,0.2,False,12.100000000000001,Templado,False,2006,4
2006-04-16,106.0,22.5,11.6,16.6,0.0,False,10.9,Templado,True,2006,4
2006-04-17,107.0,19.8,6.8,12.5,2.0,False,13.0,Frío,False,2006,4
2006-04-18,108.0,18.7,6.1,13.1,0.0,False,12.6,Frío,True,2006,4
2006-04-19,109.0,21.7,9.1,14.6,0.4,False,12.6,Templado,False,2006,4
2006-04-20,110.0,23.0,7.9,15.8,0.2,False,15.1,Templado,False,2006,4
2006-04-21,111.0,24.8,7.3,16.5,0.0,False,17.5,Templado,True,2006,4
2006-04-22,112.0,19.0,10.3,13.6,27.6,False,8.7,Frío,False,2006,4
2006-04-23,113.0,20.3,11.8,17.0,0.0,False,8.5,Templado,True,2006,4
2006-04-24,114.0,18.4,12.4,15.7,0.0,False,5.999999999999998,Frío,True,2006,4
2006-04-25,115.0,23.1,11.0,16.5,0.0,False,12.100000000000001,Templado,True,2006,4
2006-04-26,116.0,23.8,9.6,17.0,0.0,False,14.200000000000001,Templado,True,2006,4
2006-04-27,117.0,26.8,10.2,18.1,0.0,False,16.6,Templado,True,2006,4
2006-04-28,118.0,17.4,10.4,14.2,28.0,False,6.999999999999998,Frío,False,2006,4
2006-04-29,119.0,21.5,8.7,15.3,0.2,False,12.8,Templado,False,2006,4
2006-04-30,120.0,24.8,10.8,17.3,0.2,False,14.0,Templado,False,2006,4
2006-05-01,121.0,23.6,11.0,17.2,0.0,False,12.600000000000001,Templado,True,2006,5
2006-05-02,122.0,23.7,10.7,17.5,5.0,False,13.0,Templado,False,2006,5
2006-05-03,123.0,18.1,12.2,14.8,23.2,False,5.900000000000002,Frío,False,2006,5
2006-05-04,124.0,18.1,12.9,15.0,4.6,False,5.200000000000001,Frío,False,2006,5
2006-05-05,125.0,19.2,12.0,15.2,0.2,False,7.199999999999999,Frío,False,2006,5
2006-05-06,126.0,21.3,9.7,15.6,0.0,False,11.600000000000001,Templado,True,2006,5
2006-05-07,127.0,23.2,11.0,17.1,0.2,False,12.2,Templado,False,2006,5
2006-05-08,128.0,23.9,10.9,18.0,0.0,False,12.999999999999998,Templado,True,2006,5
2006-05-09,129.0,20.3,12.7,16.5,0.0,False,7.600000000000001,Templado,True,2006,5
2006-05-10,130.0,21.4,13.8,16.5,0.0,False,7.599999999999998,Templado,True,2006,5
2006-05-11,,,,,,False,,,False,2006,5
2006-05-12,132.0,24.8,12.6,18.0,0.0,False,12.200000000000001,Templado,True,2006,5
2006-05-13,133.0,25.3,13.1,18.2,0.0,False,12.200000000000001,Templado,True,2006,5
2006-05-14,134.0,23.4,14.4,18.2,0.0,False,8.999999999999998,Templado,True,2006,5
2006-05-15,135.0,27.3,14.1,20.1,0.0,False,13.200000000000001,Templado,True,2006,5
2006-05-16,136.0,30.0,16.9,21.4,0.0,False,13.100000000000001,Templado,True,2006,5
2006-05-17,137.0,35.3,16.0,24.5,0.0,True,19.299999999999997,Caluroso,True,2006,5
2006-05-18,138.0,35.2,17.1,26.7,0.0,True,18.1,Caluroso,True,2006,5
2006-05-19,139.0,27.7,16.7,22.9,0.0,False,11.0,Templado,True,2006,5
2006-05-20,140.0,29.2,13.7,20.9,0.0,False,15.5,Templado,True,2006,5
2006-05-21,141.0,30.3,13.4,21.8,0.0,False,16.9,Caluroso,True,2006,5
2006-05-22,142.0,30.0,14.2,22.1,0.0,False,15.8,Templado,True,2006,5
2006-05-23,143.0,26.5,12.9,20.1,0.0,False,13.6,Templado,True,2006,5
2006-05-24,144.0,20.1,10.6,16.7,0.2,False,9.500000000000002,Templado,False,2006,5
2006-05-25,145.0,20.9,9.8,15.7,0.0,False,11.099999999999998,Templado,True,2006,5
2006-05-26,146.0,23.0,13.0,18.1,0.4,False,10.0,Templado,False,2006,5
2006-05-27,147.0,25.6,15.9,20.3,0.2,False,9.700000000000001,Templado,False,2006,5
2006-05-28,148.0,29.1,14.6,22.1,0.0,False,14.500000000000002,Templado,True,2006,5
2006-05-29,149.0,33.4,15.8,24.4,0.0,False,17.599999999999998,Caluroso,True,2006,5
2006-05-30,150.0,29.0,16.6,22.2,0.0,False,12.399999999999999,Templado,True,2006,5
2006-05-31,151.0,19.5,13.6,16.9,26.8,False,5.9,Frío,False,2006,5
2006-06-01,152.0,18.4,11.5,14.5,7.2,False,6.899999999999999,Frío,False,2006,6
2006-06-02,153.0,25.9,9.3,18.3,0.0,False,16.599999999999998,Templado,True,2006,6
2006-06-03,154.0,20.4,11.8,15.8,0.0,False,8.599999999999998,Templado,True,2006,6
2006-06-04,155.0,22.4,9.3,16.3,0.0,False,13.099999999999998,Templado,True,2006,6
2006-06-05,156.0,26.3,9.0,18.3,0.0,False,17.3,Templado,True,2006,6
2006-06-06,157.0,27.9,10.6,20.6,0.0,False,17.299999999999997,Templado,True,2006,6
2006-06-07,158.0,31.3,14.0,23.3,0.0,False,17.3,Caluroso,True,2006,6
2006-06-08,159.0,28.8,16.4,22.6,0.0,False,12.400000000000002,Templado,True,2006,6
2006-06-09,160.0,28.7,17.0,21.7,3.0,False,11.7,Templado,False,2006,6
2006-06-10,161.0,23.5,14.7,18.7,0.0,False,8.8,Templado,True,2006,6
2006-06-11,162.0,24.8,13.2,20.1,0.0,False,11.600000000000001,Templado,True,2006,6
2006-06-12,163.0,26.3,18.3,21.3,0.0,False,8.0,Templado,True,2006,6
2006-06-13,164.0,26.0,19.2,21.8,0.0,False,6.800000000000001,Templado,True,2006,6
2006-06-14,,,,,,False,,,False,2006,6
2006-06-15,166.0,27.9,16.5,21.8,0.0,False,11.399999999999999,Templado,True,2006,6
2006-06-16,167.0,30.7,16.6,23.8,0.0,False,14.099999999999998,Caluroso,True,2006,6
2006-06-17,168.0,27.7,15.5,21.1,0.0,False,12.2,Templado,True,2006,6
2006-06-18,169.0,28.6,14.7,21.7,0.0,False,13.900000000000002,Templado,True,2006,6
2006-06-19,170.0,27.8,15.3,21.9,0.0,False,12.5,Templado,True,2006,6
2006-06-20,171.0,30.8,15.5,22.7,0.0,False,15.3,Caluroso,True,2006,6
2006-06-21,172.0,30.7,17.6,24.3,0.0,False,13.099999999999998,Caluroso,True,2006,6
2006-06-22,173.0,33.4,17.4,25.6,0.0,False,16.0,Caluroso,True,2006,6
2006-06-23,174.0,31.5,16.9,24.8,0.0,False,14.600000000000001,Caluroso,True,2006,6
2006-06-24,175.0,32.8,17.9,24.9,0.0,False,14.899999999999999,Caluroso,True,2006,6
2006-06-25,176.0,34.7,17.4,26.3,0.0,False,17.300000000000004,Caluroso,True,2006,6
2006-06-26,177.0,31.3,16.3,24.4,0.0,False,15.0,Caluroso,True,2006,6
2006-06-27,178.0,30.0,17.1,23.1,0.0,False,12.899999999999999,Templado,True,2006,6
2006-06-28,179.0,31.8,17.7,24.3,0.0,False,14.100000000000001,Caluroso,True,2006,6
2006-06-29,180.0,31.7,17.1,25.0,0.0,False,14.599999999999998,Caluroso,True,2006,6
2006-06-30,181.0,31.1,17.2,24.4,0.0,False,13.900000000000002,Caluroso,True,2006,6
2006-07-01,182.0,32.1,16.7,24.4,0.0,False,15.400000000000002,Caluroso,True,2006,7
2006-07-02,183.0,36.1,17.4,25.6,0.0,True,18.700000000000003,Caluroso,True,2006,7
2006-07-03,184.0,37.1,16.3,26.3,0.0,True,20.8,Caluroso,True,2006,7
2006-07-04,185.0,35.9,18.0,26.9,0.0,True,17.9,Caluroso,True,2006,7
2006-07-05,186.0,33.8,15.3,25.5,0.0,False,18.499999999999996,Caluroso,True,2006,7
2006-07-06,187.0,31.2,17.1,25.0,0.0,False,14.099999999999998,Caluroso,True,2006,7
2006-07-07,188.0,29.6,18.1,23.4,0.0,False,11.5,Templado,True,2006,7
2006-07-08,189.0,30.1,17.2,23.8,0.0,False,12.900000000000002,Caluroso,True,2006,7
2006-07-09,190.0,34.2,18.4,26.9,0.0,False,15.800000000000004,Caluroso,True,2006,7
2006-07-10,191.0,36.1,18.8,28.4,0.0,True,17.3,Caluroso,True,2006,7
2006-07-11,192.0,34.5,18.9,26.8,0.0,False,15.600000000000001,Caluroso,True,2006,7
2006-07-12,193.0,31.6,19.4,25.5,0.0,False,12.200000000000003,Caluroso,True,2006,7
2006-07-13,194.0,31.5,18.6,25.6,0.0,False,12.899999999999999,Caluroso,True,2006,7
2006-07-14,195.0,30.8,19.4,25.7,0.0,False,11.400000000000002,Caluroso,True,2006,7
2006-07-15,196.0,31.9,18.3,25.7,0.0,False,13.599999999999998,Caluroso,True,2006,7
2006-07-16,197.0,31.8,18.8,25.8,0.0,False,13.0,Caluroso,True,2006,7
2006-07-17,198.0,32.8,18.3,26.2,0.0,False,14.499999999999996,Caluroso,True,2006,7
2006-07-18,199.0,32.9,17.9,25.7,0.0,False,15.0,Caluroso,True,2006,7
2006-07-19,200.0,32.7,21.0,26.4,0.0,False,11.700000000000003,Caluroso,True,2006,7
2006-07-20,201.0,33.0,18.8,25.9,0.0,False,14.2,Caluroso,True,2006,7
2006-07-21,202.0,33.8,19.5,26.7,0.0,False,14.299999999999997,Caluroso,True,2006,7
2006-07-22,203.0,38.0,18.6,28.8,0.0,True,19.4,Caluroso,True,2006,7
2006-07-23,204.0,32.9,20.4,26.1,0.0,False,12.5,Caluroso,True,2006,7
2006-07-24,205.0,34.3,18.5,26.2,0.0,False,15.799999999999997,Caluroso,True,2006,7
2006-07-25,206.0,36.1,16.9,27.0,0.0,True,19.200000000000003,Caluroso,True,2006,7
2006-07-26,207.0,35.2,17.5,26.5,0.0,True,17.700000000000003,Caluroso,True,2006,7
2006-07-27,208.0,37.2,19.2,27.5,0.0,True,18.000000000000004,Caluroso,True,2006,7
2006-07-28,209.0,35.6,18.2,26.7,0.0,True,17.400000000000002,Caluroso,True,2006,7
2006-07-29,210.0,33.7,17.3,25.7,0.0,False,16.400000000000002,Caluroso,True,2006,7
2006-07-30,211.0,36.1,19.1,27.6,0.0,True,17.0,Caluroso,True,2006,7
2006-07-31,212.0,38.3,19.0,28.4,0.0,True,19.299999999999997,Caluroso,True,2006,7
2006-08-01,213.0,37.1,20.8,29.0,0.0,True,16.3,Caluroso,True,2006,8
2006-08-02,214.0,35.8,19.0,27.1,0.0,True,16.799999999999997,Caluroso,True,2006,8
2006-08-03,215.0,37.7,18.3,28.4,0.0,True,19.400000000000002,Caluroso,True,2006,8
2006-08-04,216.0,31.1,22.2,25.9,0.0,False,8.900000000000002,Caluroso,True,2006,8
2006-08-05,217.0,31.9,21.1,25.9,0.0,False,10.799999999999997,Caluroso,True,2006,8
2006-08-06,218.0,31.5,19.8,24.7,0.0,False,11.7,Caluroso,True,2006,8
2006-08-07,219.0,30.9,19.6,24.5,0.0,False,11.299999999999997,Caluroso,True,2006,8
2006-08-08,220.0,31.3,18.0,23.9,0.0,False,13.3,Caluroso,True,2006,8
2006-08-09,221.0,29.2,17.8,23.6,0.0,False,11.399999999999999,Templado,True,2006,8
2006-08-10,222.0,32.4,17.1,24.7,0.0,False,15.299999999999997,Caluroso,True,2006,8
2006-08-11,223.0,33.1,16.9,25.5,0.0,False,16.200000000000003,Caluroso,True,2006,8
2006-08-12,224.0,38.6,17.6,27.9,0.0,True,21.0,Caluroso,True,2006,8
2006-08-13,225.0,28.8,19.6,24.1,0.0,False,9.2,Templado,True,2006,8
2006-08-14,226.0,33.1,17.7,24.7,0.0,False,15.400000000000002,Caluroso,True,2006,8
2006-08-15,227.0,33.5,17.8,25.9,0.0,False,15.7,Caluroso,True,2006,8
2006-08-16,228.0,31.7,14.6,23.9,0.0,False,17.1,Caluroso,True,2006,8
2006-08-17,229.0,28.5,16.2,22.2,0.0,False,12.3,Templado,True,2006,8
2006-08-18,230.0,29.8,15.3,22.4,0.0,False,14.5,Templado,True,2006,8
2006-08-19,231.0,29.5,13.8,22.1,0.0,False,15.7,Templado,True,2006,8
2006-08-20,232.0,29.2,15.2,22.7,0.0,False,14.0,Templado,True,2006,8
2006-08-21,233.0,28.9,20.2,24.0,0.0,False,8.7,Templado,True,2006,8
2006-08-22,234.0,29.8,17.3,23.6,0.0,False,12.5,Templado,True,2006,8
2006-08-23,235.0,31.1,15.7,23.2,0.0,False,15.400000000000002,Caluroso,True,2006,8
2006-08-24,236.0,33.4,17.1,24.5,0.0,False,16.299999999999997,Caluroso,True,2006,8
2006-08-25,237.0,31.2,17.1,23.5,0.0,False,14.099999999999998,Caluroso,True,2006,8
2006-08-26,238.0,31.0,16.3,23.9,0.0,False,14.7,Caluroso,True,2006,8
2006-08-27,239.0,31.1,18.4,23.7,0.0,False,12.700000000000003,Caluroso,True,2006,8
2006-08-28,240.0,32.9,16.7,24.6,0.0,False,16.2,Caluroso,True,2006,8
2006-08-29,241.0,37.1,17.5,27.6,0.0,True,19.6,Caluroso,True,2006,8
2006-08-30,242.0,31.5,17.1,24.5,0.0,False,14.399999999999999,Caluroso,True,2006,8
2006-08-31,243.0,29.0,17.5,23.2,0.0,False,11.5,Templado,True,2006,8
2006-09-01,244.0,33.8,15.3,24.0,0.0,False,18.499999999999996,Caluroso,True,2006,9
2006-09-02,245.0,36.3,17.4,25.7,0.0,True,18.9,Caluroso,True,2006,9
2006-09-03,246.0,30.5,19.7,24.1,0.0,False,10.8,Caluroso,True,2006,9
2006-09-04,247.0,29.4,18.4,23.2,0.0,False,11.0,Templado,True,2006,9
2006-09-05,248.0,29.4,16.2,22.6,0.0,False,13.2,Templado,True,2006,9
2006-09-06,249.0,30.4,19.0,24.0,0.0,False,11.399999999999999,Caluroso,True,2006,9
2006-09-07,250.0,29.5,17.3,23.4,0.0,False,12.2,Templado,True,2006,9
2006-09-08,251.0,31.0,15.9,23.9,0.0,False,15.1,Caluroso,True,2006,9
2006-09-09,252.0,31.5,18.4,24.1,0.0,False,13.100000000000001,Caluroso,True,2006,9
2006-09-10,253.0,29.8,18.8,23.5,0.0,False,11.0,Templado,True,2006,9
2006-09-11,254.0,28.2,16.6,21.6,8.4,False,11.599999999999998,Templado,False,2006,9
2006-09-12,255.0,26.2,14.9,19.5,26.8,False,11.299999999999999,Templado,False,2006,9
2006-09-13,256.0,26.1,14.4,20.2,0.2,False,11.700000000000001,Templado,False,2006,9
2006-09-14,257.0,26.0,14.2,19.7,3.4,False,11.8,Templado,False,2006,9
2006-09-15,258.0,24.0,13.4,19.2,0.0,False,10.6,Templado,True,2006,9
2006-09-16,259.0,25.3,13.0,19.1,0.0,False,12.3,Templado,True,2006,9
2006-09-17,260.0,28.0,11.6,19.8,0.0,False,16.4,Templado,True,2006,9
2006-09-18,261.0,30.7,13.6,21.9,0.0,False,17.1,Caluroso,True,2006,9
2006-09-19,262.0,30.0,14.9,21.8,0.0,False,15.1,Templado,True,2006,9
2006-09-20,263.0,25.6,15.5,20.2,0.0,False,10.100000000000001,Templado,True,2006,9
2006-09-21,264.0,27.7,15.2,21.2,0.0,False,12.5,Templado,True,2006,9
2006-09-22,265.0,27.9,17.3,21.8,0.0,False,10.599999999999998,Templado,True,2006,9
2006-09-23,266.0,23.6,14.9,18.9,12.8,False,8.700000000000001,Templado,False,2006,9
2006-09-24,267.0,26.1,12.8,19.9,0.0,False,13.3,Templado,True,2006,9
2006-09-25,268.0,29.0,14.1,22.0,0.0,False,14.9,Templado,True,2006,9
2006-09-26,269.0,27.4,14.7,20.6,0.0,False,12.7,Templado,True,2006,9
2006-09-27,270.0,30.1,12.5,20.3,0.0,False,17.6,Caluroso,True,2006,9
2006-09-28,271.0,29.7,13.8,21.6,0.0,False,15.899999999999999,Templado,True,2006,9
2006-09-29,272.0,27.0,15.2,20.9,0.0,False,11.8,Templado,True,2006,9
2006-09-30,273.0,28.8,13.8,20.9,0.0,False,15.0,Templado,True,2006,9
2006-10-01,274.0,31.7,14.2,22.1,0.0,False,17.5,Caluroso,True,2006,10
2006-10-02,275.0,32.1,16.0,22.8,0.0,False,16.1,Caluroso,True,2006,10
2006-10-03,276.0,32.2,15.0,23.7,0.0,False,17.200000000000003,Caluroso,True,2006,10
2006-10-04,277.0,24.2,15.1,19.4,0.0,False,9.1,Templado,True,2006,10
2006-10-05,278.0,24.7,11.3,17.5,0.0,False,13.399999999999999,Templado,True,2006,10
2006-10-06,279.0,24.7,9.7,16.6,0.0,False,15.0,Templado,True,2006,10
2006-10-07,280.0,27.8,10.8,19.0,0.0,False,17.0,Templado,True,2006,10
2006-10-08,281.0,26.8,12.3,19.1,0.0,False,14.5,Templado,True,2006,10
2006-10-09,282.0,23.4,11.8,17.8,0.0,False,11.599999999999998,Templado,True,2006,10
2006-10-10,283.0,24.2,12.4,18.3,0.0,False,11.799999999999999,Templado,True,2006,10
2006-10-11,284.0,27.5,12.8,19.0,0.0,False,14.7,Templado,True,2006,10
2006-10-12,285.0,23.3,12.8,17.6,0.0,False,10.5,Templado,True,2006,10
2006-10-13,286.0,23.3,11.2,16.6,0.0,False,12.100000000000001,Templado,True,2006,10
2006-10-14,287.0,23.2,9.5,16.4,0.0,False,13.7,Templado,True,2006,10
2006-10-15,288.0,21.5,12.0,16.5,0.0,False,9.5,Templado,True,2006,10
2006-10-16,289.0,21.9,12.7,17.5,0.0,False,9.2,Templado,True,2006,10
2006-10-17,290.0,23.2,10.9,17.1,0.0,False,12.299999999999999,Templado,True,2006,10
2006-10-18,291.0,23.9,14.0,18.4,0.2,False,9.899999999999999,Templado,False,2006,10
2006-10-19,292.0,21.0,12.4,17.3,0.0,False,8.6,Templado,True,2006,10
2006-10-20,293.0,25.4,10.8,18.0,0.0,False,14.599999999999998,Templado,True,2006,10
2006-10-21,294.0,24.8,14.5,20.1,0.0,False,10.3,Templado,True,2006,10
2006-10-22,295.0,27.4,10.0,19.9,0.0,False,17.4,Templado,True,2006,10
2006-10-23,296.0,26.5,12.3,19.7,0.0,False,14.2,Templado,True,2006,10
2006-10-24,297.0,26.6,12.8,19.3,0.0,False,13.8,Templado,True,2006,10
2006-10-25,298.0,26.5,13.6,19.7,0.0,False,12.9,Templado,True,2006,10
2006-10-26,299.0,21.9,14.1,17.8,5.6,False,7.799999999999999,Templado,False,2006,10
2006-10-27,300.0,19.5,13.9,16.1,1.4,False,5.6,Frío,False,2006,10
2006-10-28,301.0,23.5,14.9,18.7,0.0,False,8.6,Templado,True,2006,10
2006-10-29,302.0,28.3,11.8,19.1,0.0,False,16.5,Templado,True,2006,10
2006-10-30,303.0,28.8,10.4,18.0,0.0,False,18.4,Templado,True,2006,10
2006-10-31,304.0,30.2,12.0,19.4,0.0,False,18.2,Caluroso,True,2006,10
2006-11-01,305.0,27.2,12.6,19.7,0.0,False,14.6,Templado,True,2006,11
2006-11-02,306.0,21.9,15.0,18.3,0.4,False,6.899999999999999,Templado,False,2006,11
2006-11-03,307.0,19.3,13.8,15.5,9.0,False,5.5,Frío,False,2006,11
2006-11-04,308.0,16.9,13.4,14.8,0.2,False,3.4999999999999982,Frío,False,2006,11
2006-11-05,309.0,17.3,13.6,15.1,0.2,False,3.700000000000001,Frío,False,2006,11
2006-11-06,310.0,15.1,12.8,14.2,2.0,False,2.299999999999999,Frío,False,2006,11
2006-11-07,311.0,19.6,13.8,15.8,14.2,False,5.800000000000001,Frío,False,2006,11
2006-11-08,312.0,17.4,13.1,15.2,6.4,False,4.299999999999999,Frío,False,2006,11
2006-11-09,313.0,18.2,9.2,14.0,4.0,False,9.0,Frío,False,2006,11
2006-11-10,314.0,19.2,8.5,13.0,0.0,False,10.7,Frío,True,2006,11
2006-11-11,315.0,19.5,5.1,11.8,0.2,False,14.4,Frío,False,2006,11
2006-11-12,316.0,21.4,3.6,11.8,0.2,False,17.799999999999997,Templado,False,2006,11
2006-11-13,317.0,20.1,6.1,12.1,0.0,False,14.000000000000002,Templado,True,2006,11
2006-11-14,318.0,19.6,5.9,11.8,0.2,False,13.700000000000001,Frío,False,2006,11
2006-11-15,319.0,18.9,5.3,11.4,0.2,False,13.599999999999998,Frío,False,2006,11
2006-11-16,320.0,20.2,8.1,14.0,0.4,False,12.1,Templado,False,2006,11
2006-11-17,321.0,17.8,5.3,12.2,1.8,False,12.5,Frío,False,2006,11
2006-11-18,322.0,19.6,2.8,10.0,0.2,False,16.8,Frío,False,2006,11
2006-11-19,323.0,19.8,3.6,10.5,0.0,False,16.2,Frío,True,2006,11
2006-11-20,324.0,21.5,4.4,11.8,0.0,False,17.1,Templado,True,2006,11
2006-11-21,325.0,20.9,5.4,13.5,0.0,False,15.499999999999998,Templado,True,2006,11
2006-11-22,326.0,21.5,8.9,16.2,0.0,False,12.6,Templado,True,2006,11
2006-11-23,327.0,19.4,6.8,12.3,0.0,False,12.599999999999998,Frío,True,2006,11
2006-11-24,328.0,19.8,4.5,12.9,0.0,False,15.3,Frío,True,2006,11
2006-11-25,329.0,20.4,9.3,14.5,0.0,False,11.099999999999998,Templado,True,2006,11
2006-11-26,330.0,18.0,6.8,13.2,0.0,False,11.2,Frío,True,2006,11
2006-11-27,331.0,18.8,5.0,10.6,0.2,False,13.8,Frío,False,2006,11
2006-11-28,332.0,18.0,5.5,11.1,0.2,False,12.5,Frío,False,2006,11
2006-11-29,333.0,17.4,7.0,11.6,0.0,False,10.399999999999999,Frío,True,2006,11
2006-11-30,334.0,15.6,6.5,11.7,0.0,False,9.1,Frío,True,2006,11
2006-12-01,335.0,17.0,9.5,12.7,0.2,False,7.5,Frío,False,2006,12
2006-12-02,336.0,17.0,7.7,11.8,2.6,False,9.3,Frío,False,2006,12
2006-12-03,337.0,18.3,7.4,11.7,0.0,False,10.9,Frío,True,2006,12
2006-12-04,338.0,21.9,7.9,13.1,0.0,False,13.999999999999998,Templado,True,2006,12
2006-12-05,339.0,20.3,5.3,12.8,2.8,False,15.0,Templado,False,2006,12
2006-12-06,340.0,15.4,4.7,10.8,0.2,False,10.7,Frío,False,2006,12
2006-12-07,341.0,16.9,3.5,11.0,0.0,False,13.399999999999999,Frío,True,2006,12
2006-12-08,342.0,19.6,7.5,12.4,0.0,False,12.100000000000001,Frío,True,2006,12
2006-12-09,343.0,13.8,1.2,7.7,0.0,False,12.600000000000001,Frío,True,2006,12
2006-12-10,344.0,12.2,-0.5,6.5,0.0,False,12.7,Frío,True,2006,12
2006-12-11,345.0,11.2,7.9,9.8,0.0,False,3.299999999999999,Frío,True,2006,12
2006-12-12,346.0,13.3,7.3,10.2,0.0,False,6.000000000000001,Frío,True,2006,12
2006-12-13,347.0,13.9,3.9,9.3,0.0,False,10.0,Frío,True,2006,12
2006-12-14,348.0,13.9,6.0,10.0,0.0,False,7.9,Frío,True,2006,12
2006-12-15,349.0,14.4,3.9,8.7,0.4,False,10.5,Frío,False,2006,12
2006-12-16,350.0,16.9,2.4,8.2,0.2,False,14.499999999999998,Frío,False,2006,12
2006-12-17,351.0,17.2,1.2,7.7,0.0,False,16.0,Frío,True,2006,12
2006-12-18,352.0,17.5,1.4,9.0,0.2,False,16.1,Frío,False,2006,12
2006-12-19,353.0,8.9,0.9,5.3,1.2,False,8.0,Muy frío,False,2006,12
2006-12-20,354.0,11.4,0.3,4.9,0.0,False,11.1,Frío,True,2006,12
2006-12-21,355.0,13.1,-0.1,6.0,0.4,False,13.2,Frío,False,2006,12
2006-12-22,356.0,12.0,-0.8,6.0,0.0,False,12.8,Frío,True,2006,12
2006-12-23,357.0,7.8,1.5,5.5,1.2,False,6.3,Muy frío,False,2006,12
2006-12-24,358.0,13.5,0.6,6.1,0.0,False,12.9,Frío,True,2006,12
2006-12-25,359.0,13.3,-0.2,7.2,0.0,False,13.5,Frío,True,2006,12
2006-12-26,360.0,14.2,1.6,7.8,0.0,False,12.6,Frío,True,2006,12
2006-12-27,361.0,13.0,1.6,6.9,0.0,False,11.4,Frío,True,2006,12
2006-12-28,362.0,13.4,2.6,8.0,0.2,False,10.8,Frío,False,2006,12
2006-12-29,363.0,16.2,0.4,7.2,0.2,False,15.799999999999999,Frío,False,2006,12
2006-12-30,364.0,16.5,0.6,7.6,0.0,False,15.9,Frío,True,2006,12
2006-12-31,365.0,18.6,2.6,9.0,0.2,False,16.0,Frío,False,2006,12
2007-01-01,1.0,18.8,1.9,8.7,0.0,False,16.900000000000002,Frío,True,2007,1
2007-01-02,2.0,19.0,2.0,9.4,0.0,False,17.0,Frío,True,2007,1
2007-01-03,3.0,20.6,1.0,8.8,0.0,False,19.6,Templado,True,2007,1
2007-01-04,4.0,21.4,1.3,9.4,0.0,False,20.099999999999998,Templado,True,2007,1
2007-01-05,5.0,18.8,1.3,9.6,0.0,False,17.5,Frío,True,2007,1
2007-01-06,6.0,17.1,1.2,8.4,0.0,False,15.900000000000002,Frío,True,2007,1
2007-01-07,7.0,17.2,1.2,7.7,0.2,False,16.0,Frío,False,2007,1
2007-01-08,8.0,18.4,2.0,8.4,0.0,False,16.4,Frío,True,2007,1
2007-01-09,9.0,18.4,1.5,8.2,0.2,False,16.9,Frío,False,2007,1
2007-01-10,10.0,18.2,0.6,7.6,0.0,False,17.599999999999998,Frío,True,2007,1
2007-01-11,11.0,16.7,2.4,8.1,0.0,False,14.299999999999999,Frío,True,2007,1
2007-01-12,12.0,19.2,0.2,8.0,0.2,False,19.0,Frío,False,2007,1
2007-01-13,13.0,21.1,0.3,8.3,0.0,False,20.8,Templado,True,2007,1
2007-01-14,14.0,17.4,1.0,8.7,0.0,False,16.4,Frío,True,2007,1
2007-01-15,15.0,13.5,2.6,7.9,0.0,False,10.9,Frío,True,2007,1
2007-01-16,16.0,16.5,1.0,7.5,0.0,False,15.5,Frío,True,2007,1
2007-01-17,17.0,18.2,1.5,8.1,0.2,False,16.7,Frío,False,2007,1
2007-01-18,18.0,20.4,1.4,9.3,0.0,False,19.0,Templado,True,2007,1
2007-01-19,19.0,24.0,3.8,12.2,0.0,False,20.2,Templado,True,2007,1
2007-01-20,20.0,22.7,4.6,12.0,0.0,False,18.1,Templado,True,2007,1
2007-01-21,21.0,20.4,4.9,11.3,0.0,False,15.499999999999998,Templado,True,2007,1
2007-01-22,22.0,17.0,7.3,11.2,0.0,False,9.7,Frío,True,2007,1
2007-01-23,23.0,13.3,6.1,9.4,0.0,False,7.200000000000001,Frío,True,2007,1
2007-01-24,24.0,12.3,-1.8,5.7,0.0,False,14.100000000000001,Frío,True,2007,1
2007-01-25,25.0,12.0,-3.9,4.2,6.0,False,15.9,Frío,False,2007,1
2007-01-26,26.0,6.1,0.6,2.9,9.4,False,5.5,Muy frío,False,2007,1
2007-01-27,27.0,6.9,0.8,3.9,21.4,False,6.1000000000000005,Muy frío,False,2007,1
2007-01-28,28.0,8.7,5.3,7.1,2.8,False,3.3999999999999995,Muy frío,False,2007,1
2007-01-29,29.0,11.2,8.5,9.5,5.4,False,2.6999999999999993,Frío,False,2007,1
2007-01-30,30.0,13.4,4.0,8.0,0.2,False,9.4,Frío,False,2007,1
2007-01-31,31.0,12.2,2.2,6.3,0.2,False,10.0,Frío,False,2007,1
2007-02-01,32.0,13.4,0.7,6.6,0.2,False,12.700000000000001,Frío,False,2007,2
2007-02-02,33.0,11.1,3.0,7.7,1.4,False,8.1,Frío,False,2007,2
2007-02-03,34.0,11.2,7.6,9.7,1.6,False,3.5999999999999996,Frío,False,2007,2
2007-02-04,35.0,14.1,7.6,9.9,1.8,False,6.5,Frío,False,2007,2
2007-02-05,36.0,13.7,4.3,9.3,0.0,False,9.399999999999999,Frío,True,2007,2
2007-02-06,37.0,15.5,2.2,8.6,0.2,False,13.3,Frío,False,2007,2
2007-02-07,38.0,17.6,3.5,11.0,0.2,False,14.100000000000001,Frío,False,2007,2
2007-02-08,39.0,17.0,6.2,12.8,0.0,False,10.8,Frío,True,2007,2
2007-02-09,40.0,20.1,8.6,15.2,0.0,False,11.500000000000002,Templado,True,2007,2
2007-02-10,41.0,21.4,10.5,16.8,0.0,False,10.899999999999999,Templado,True,2007,2
2007-02-11,42.0,21.7,9.0,15.6,0.0,False,12.7,Templado,True,2007,2
2007-02-12,43.0,21.9,10.8,16.2,0.0,False,11.099999999999998,Templado,True,2007,2
2007-02-13,44.0,23.0,8.3,14.7,0.0,False,14.7,Templado,True,2007,2
2007-02-14,45.0,25.0,5.9,14.0,0.0,False,19.1,Templado,True,2007,2
2007-02-15,46.0,20.6,3.4,11.6,0.0,False,17.200000000000003,Templado,True,2007,2
2007-02-16,47.0,21.7,7.4,14.2,0.0,False,14.299999999999999,Templado,True,2007,2
2007-02-17,48.0,15.7,5.7,11.1,0.0,False,10.0,Frío,True,2007,2
2007-02-18,49.0,16.9,3.5,11.1,0.0,False,13.399999999999999,Frío,True,2007,2
2007-02-19,50.0,16.5,5.2,11.1,0.0,False,11.3,Frío,True,2007,2
2007-02-20,51.0,12.2,7.7,9.3,1.4,False,4.499999999999999,Frío,False,2007,2
2007-02-21,52.0,13.5,6.5,9.3,0.8,False,7.0,Frío,False,2007,2
2007-02-22,53.0,16.8,3.8,10.1,0.0,False,13.0,Frío,True,2007,2
2007-02-23,54.0,19.3,5.9,13.4,0.0,False,13.4,Frío,True,2007,2
2007-02-24,55.0,20.9,8.6,14.6,0.0,False,12.299999999999999,Templado,True,2007,2
2007-02-25,56.0,21.3,5.1,13.6,0.0,False,16.200000000000003,Templado,True,2007,2
2007-02-26,57.0,19.6,5.5,13.3,0.0,False,14.100000000000001,Frío,True,2007,2
2007-02-27,58.0,21.9,3.9,11.7,0.0,False,18.0,Templado,True,2007,2
2007-02-28,59.0,23.2,5.6,13.7,0.0,False,17.6,Templado,True,2007,2
2007-03-01,60.0,24.1,7.5,15.4,0.0,False,16.6,Templado,True,2007,3
2007-03-02,61.0,23.8,6.4,14.3,0.0,False,17.4,Templado,True,2007,3
2007-03-03,62.0,27.7,6.9,16.8,0.0,False,20.799999999999997,Templado,True,2007,3
2007-03-04,63.0,26.0,7.7,16.5,0.0,False,18.3,Templado,True,2007,3
2007-03-05,64.0,19.6,6.9,14.0,0.0,False,12.700000000000001,Frío,True,2007,3
2007-03-06,65.0,18.2,5.7,12.0,0.0,False,12.5,Frío,True,2007,3
2007-03-07,66.0,22.8,11.6,16.9,0.0,False,11.200000000000001,Templado,True,2007,3
2007-03-08,67.0,15.7,7.1,12.4,0.0,False,8.6,Frío,True,2007,3
2007-03-09,68.0,18.2,2.6,10.8,0.0,False,15.6,Frío,True,2007,3
2007-03-10,69.0,21.7,6.7,13.6,0.0,False,15.0,Templado,True,2007,3
2007-03-11,70.0,15.8,3.0,9.5,0.0,False,12.8,Frío,True,2007,3
2007-03-12,71.0,18.2,0.4,9.3,0.0,False,17.8,Frío,True,2007,3
2007-03-13,72.0,14.6,3.6,9.1,0.0,False,11.0,Frío,True,2007,3
2007-03-14,73.0,15.7,2.3,9.6,0.0,False,13.399999999999999,Frío,True,2007,3
2007-03-15,74.0,16.8,2.6,10.2,0.0,False,14.200000000000001,Frío,True,2007,3
2007-03-16,75.0,18.4,3.7,11.0,0.0,False,14.7,Frío,True,2007,3
2007-03-17,76.0,16.6,4.6,10.2,0.0,False,12.000000000000002,Frío,True,2007,3
2007-03-18,77.0,19.4,2.3,11.0,0.0,False,17.099999999999998,Frío,True,2007,3
2007-03-19,78.0,23.2,5.2,15.8,0.2,False,18.0,Templado,False,2007,3
2007-03-20,79.0,14.1,6.5,10.4,0.0,False,7.6,Frío,True,2007,3
2007-03-21,80.0,13.1,4.7,8.5,0.0,False,8.399999999999999,Frío,True,2007,3
2007-03-22,81.0,13.3,2.2,7.6,0.0,False,11.100000000000001,Frío,True,2007,3
2007-03-23,82.0,18.9,0.6,10.5,0.0,False,18.299999999999997,Frío,True,2007,3
2007-03-24,83.0,19.6,3.3,11.8,0.0,False,16.3,Frío,True,2007,3
2007-03-25,84.0,18.3,4.6,11.9,0.0,False,13.700000000000001,Frío,True,2007,3
2007-03-26,85.0,16.5,7.8,11.9,0.2,False,8.7,Frío,False,2007,3
2007-03-27,86.0,12.9,8.6,10.2,3.8,False,4.300000000000001,Frío,False,2007,3
2007-03-28,87.0,13.6,5.9,8.5,15.0,False,7.699999999999999,Frío,False,2007,3
2007-03-29,88.0,15.4,5.6,10.8,0.2,False,9.8,Frío,False,2007,3
2007-03-30,89.0,19.1,3.0,11.7,0.0,False,16.1,Frío,True,2007,3
2007-03-31,90.0,18.8,5.4,12.1,0.0,False,13.4,Frío,True,2007,3
2007-04-01,91.0,16.3,7.5,11.0,1.2,False,8.8,Frío,False,2007,4
2007-04-02,92.0,15.6,2.2,9.6,0.0,False,13.399999999999999,Frío,True,2007,4
2007-04-03,93.0,16.6,1.8,10.5,0.0,False,14.8,Frío,True,2007,4
2007-04-04,94.0,16.3,3.7,10.8,0.0,False,12.600000000000001,Frío,True,2007,4
2007-04-05,95.0,11.2,7.9,8.9,3.4,False,3.299999999999999,Frío,False,2007,4
2007-04-06,96.0,9.6,4.9,7.5,8.2,False,4.699999999999999,Muy frío,False,2007,4
2007-04-07,97.0,15.9,5.3,9.8,0.4,False,10.600000000000001,Frío,False,2007,4
2007-04-08,98.0,15.2,4.1,9.9,0.0,False,11.1,Frío,True,2007,4
2007-04-09,99.0,17.5,7.3,11.8,1.6,False,10.2,Frío,False,2007,4
2007-04-10,100.0,15.3,8.3,11.2,0.0,False,7.0,Frío,True,2007,4
2007-04-11,101.0,14.3,8.6,11.5,0.2,False,5.700000000000001,Frío,False,2007,4
2007-04-12,102.0,16.4,9.6,11.9,0.8,False,6.799999999999999,Frío,False,2007,4
2007-04-13,103.0,18.1,8.7,13.5,0.2,False,9.400000000000002,Frío,False,2007,4
2007-04-14,104.0,21.3,7.3,13.3,3.4,False,14.0,Templado,False,2007,4
2007-04-15,105.0,18.4,8.2,12.9,0.4,False,10.2,Frío,False,2007,4
2007-04-16,106.0,18.2,8.3,13.0,0.4,False,9.899999999999999,Frío,False,2007,4
2007-04-17,107.0,19.2,9.2,14.3,0.0,False,10.0,Frío,True,2007,4
2007-04-18,108.0,15.6,12.0,13.7,4.8,False,3.5999999999999996,Frío,False,2007,4
2007-04-19,,,,,,False,,,False,2007,4
2007-04-20,110.0,20.5,8.3,14.2,0.0,False,12.2,Templado,True,2007,4
2007-04-21,111.0,16.2,11.7,14.1,1.4,False,4.5,Frío,False,2007,4
2007-04-22,112.0,19.0,10.6,14.9,5.8,False,8.4,Frío,False,2007,4
2007-04-23,113.0,23.1,10.6,18.1,0.0,False,12.500000000000002,Templado,True,2007,4
2007-04-24,114.0,23.6,9.3,16.9,0.0,False,14.3,Templado,True,2007,4
2007-04-25,115.0,22.0,8.5,15.4,0.0,False,13.5,Templado,True,2007,4
2007-04-26,116.0,21.7,8.0,15.4,0.0,False,13.7,Templado,True,2007,4
2007-04-27,117.0,18.7,10.4,14.0,3.8,False,8.299999999999999,Frío,False,2007,4
2007-04-28,118.0,19.7,9.2,14.8,0.0,False,10.5,Frío,True,2007,4
2007-04-29,119.0,21.8,8.8,15.5,0.2,False,13.0,Templado,False,2007,4
2007-04-30,120.0,24.5,8.8,17.2,0.0,False,15.7,Templado,True,2007,4
2007-05-01,121.0,19.3,8.1,13.8,0.0,False,11.200000000000001,Frío,True,2007,5
2007-05-02,122.0,17.2,7.0,12.8,3.0,False,10.2,Frío,False,2007,5
2007-05-03,123.0,20.0,6.1,13.6,0.0,False,13.9,Frío,True,2007,5
2007-05-04,124.0,21.3,7.4,14.6,0.0,False,13.9,Templado,True,2007,5
2007-05-05,125.0,22.5,10.2,16.4,0.0,False,12.3,Templado,True,2007,5
2007-05-06,126.0,21.0,6.9,15.1,0.0,False,14.1,Templado,True,2007,5
2007-05-07,127.0,26.3,7.8,17.7,0.0,False,18.5,Templado,True,2007,5
2007-05-08,128.0,27.6,11.2,20.3,0.0,False,16.400000000000002,Templado,True,2007,5
2007-05-09,129.0,30.2,11.0,21.4,0.0,False,19.2,Caluroso,True,2007,5
2007-05-10,130.0,30.8,12.6,22.0,0.0,False,18.200000000000003,Caluroso,True,2007,5
2007-05-11,131.0,32.2,11.8,22.5,0.0,False,20.400000000000002,Caluroso,True,2007,5
2007-05-12,132.0,32.3,13.9,23.2,0.0,False,18.4,Caluroso,True,2007,5
2007-05-13,133.0,31.2,12.7,23.6,0.0,False,18.5,Caluroso,True,2007,5
2007-05-14,134.0,24.9,13.0,19.5,0.0,False,11.899999999999999,Templado,True,2007,5
2007-05-15,135.0,22.0,9.9,16.6,0.0,False,12.1,Templado,True,2007,5
2007-05-16,136.0,25.3,8.8,17.6,0.0,False,16.5,Templado,True,2007,5
2007-05-17,137.0,26.3,11.4,19.2,0.0,False,14.9,Templado,True,2007,5
2007-05-18,138.0,29.8,12.3,22.3,0.0,False,17.5,Templado,True,2007,5
2007-05-19,139.0,27.3,13.2,20.8,0.0,False,14.100000000000001,Templado,True,2007,5
2007-05-20,140.0,24.8,15.2,19.8,0.0,False,9.600000000000001,Templado,True,2007,5
2007-05-21,141.0,28.6,13.5,20.5,0.0,False,15.100000000000001,Templado,True,2007,5
2007-05-22,142.0,22.7,15.2,18.2,1.4,False,7.5,Templado,False,2007,5
2007-05-23,143.0,22.5,15.1,18.9,1.8,False,7.4,Templado,False,2007,5
2007-05-24,144.0,25.8,14.6,19.6,0.0,False,11.200000000000001,Templado,True,2007,5
2007-05-25,145.0,24.4,12.9,18.3,1.6,False,11.499999999999998,Templado,False,2007,5
2007-05-26,146.0,24.4,10.2,18.6,0.0,False,14.2,Templado,True,2007,5
2007-05-27,147.0,26.6,12.0,20.6,0.0,False,14.600000000000001,Templado,True,2007,5
2007-05-28,148.0,24.0,12.4,19.8,0.0,False,11.6,Templado,True,2007,5
2007-05-29,149.0,27.1,10.8,19.6,0.0,False,16.3,Templado,True,2007,5
2007-05-30,150.0,30.2,12.9,22.4,0.0,False,17.299999999999997,Caluroso,True,2007,5
2007-05-31,151.0,30.2,13.5,23.3,0.0,False,16.7,Caluroso,True,2007,5
2007-06-01,152.0,25.1,14.5,19.8,0.0,False,10.600000000000001,Templado,True,2007,6
2007-06-02,153.0,25.6,12.5,19.0,0.0,False,13.100000000000001,Templado,True,2007,6
2007-06-03,154.0,26.0,11.6,19.1,0.0,False,14.4,Templado,True,2007,6
2007-06-04,155.0,25.4,12.7,19.9,0.0,False,12.7,Templado,True,2007,6
2007-06-05,156.0,24.8,13.4,19.2,0.0,False,11.4,Templado,True,2007,6
2007-06-06,157.0,25.5,12.4,19.2,0.0,False,13.1,Templado,True,2007,6
2007-06-07,158.0,27.4,12.9,20.4,0.0,False,14.499999999999998,Templado,True,2007,6
2007-06-08,159.0,30.2,13.2,22.6,0.0,False,17.0,Caluroso,True,2007,6
2007-06-09,160.0,28.8,15.5,22.0,0.0,False,13.3,Templado,True,2007,6
2007-06-10,161.0,29.0,14.9,21.9,0.0,False,14.1,Templado,True,2007,6
2007-06-11,162.0,30.5,14.6,23.1,0.0,False,15.9,Caluroso,True,2007,6
2007-06-12,163.0,31.9,15.5,23.0,0.0,False,16.4,Caluroso,True,2007,6
2007-06-13,164.0,32.1,14.0,24.1,0.0,False,18.1,Caluroso,True,2007,6
2007-06-14,165.0,33.1,15.3,25.7,0.0,False,17.8,Caluroso,True,2007,6
2007-06-15,166.0,29.8,19.5,24.4,0.0,False,10.3,Templado,True,2007,6
2007-06-16,167.0,32.3,16.1,24.4,0.0,False,16.199999999999996,Caluroso,True,2007,6
2007-06-17,168.0,33.7,18.9,26.1,0.0,False,14.800000000000004,Caluroso,True,2007,6
2007-06-18,169.0,30.7,18.4,24.9,0.0,False,12.3,Caluroso,True,2007,6
2007-06-19,170.0,33.9,16.1,26.0,0.0,False,17.799999999999997,Caluroso,True,2007,6
2007-06-20,171.0,32.3,14.0,24.9,0.0,False,18.299999999999997,Caluroso,True,2007,6
2007-06-21,172.0,29.3,15.7,23.3,0.0,False,13.600000000000001,Templado,True,2007,6
2007-06-22,173.0,30.2,15.9,23.3,0.0,False,14.299999999999999,Caluroso,True,2007,6
2007-06-23,174.0,27.7,15.1,22.0,0.0,False,12.6,Templado,True,2007,6
2007-06-24,175.0,30.1,15.1,23.0,0.0,False,15.000000000000002,Caluroso,True,2007,6
2007-06-25,176.0,36.6,15.1,27.8,0.0,True,21.5,Caluroso,True,2007,6
2007-06-26,,,,,,False,,,False,2007,6
2007-06-27,178.0,26.9,16.8,21.5,0.0,False,10.099999999999998,Templado,True,2007,6
2007-06-28,179.0,26.8,17.2,21.9,0.0,False,9.600000000000001,Templado,True,2007,6
2007-06-29,180.0,30.2,15.1,23.4,0.0,False,15.1,Caluroso,True,2007,6
2007-06-30,181.0,31.9,15.9,24.4,0.0,False,15.999999999999998,Caluroso,True,2007,6
2007-07-01,182.0,33.5,14.5,24.9,0.0,False,19.0,Caluroso,True,2007,7
2007-07-02,183.0,30.9,18.3,25.0,0.0,False,12.599999999999998,Caluroso,True,2007,7
2007-07-03,184.0,33.7,16.2,25.5,0.0,False,17.500000000000004,Caluroso,True,2007,7
2007-07-04,185.0,36.5,18.5,27.9,0.0,True,18.0,Caluroso,True,2007,7
2007-07-05,186.0,27.7,18.7,23.1,0.0,False,9.0,Templado,True,2007,7
2007-07-06,187.0,28.2,16.9,22.8,0.0,False,11.3,Templado,True,2007,7
2007-07-07,188.0,30.3,15.9,23.6,0.0,False,14.4,Caluroso,True,2007,7
2007-07-08,189.0,35.4,17.3,25.6,0.0,True,18.099999999999998,Caluroso,True,2007,7
2007-07-09,190.0,31.0,19.2,24.9,0.0,False,11.8,Caluroso,True,2007,7
2007-07-10,191.0,28.4,18.1,23.5,0.0,False,10.299999999999997,Templado,True,2007,7
2007-07-11,192.0,29.8,15.5,22.8,0.0,False,14.3,Templado,True,2007,7
2007-07-12,193.0,29.4,18.0,23.4,0.0,False,11.399999999999999,Templado,True,2007,7
2007-07-13,194.0,31.3,15.8,24.4,0.0,False,15.5,Caluroso,True,2007,7
2007-07-14,195.0,31.0,15.6,24.2,0.0,False,15.4,Caluroso,True,2007,7
2007-07-15,196.0,28.2,18.3,23.4,0.0,False,9.899999999999999,Templado,True,2007,7
2007-07-16,197.0,33.2,18.2,25.2,0.0,False,15.000000000000004,Caluroso,True,2007,7
2007-07-17,198.0,36.7,16.1,26.8,0.0,True,20.6,Caluroso,True,2007,7
2007-07-18,199.0,34.0,16.9,26.1,0.0,False,17.1,Caluroso,True,2007,7
2007-07-19,200.0,34.2,17.7,25.7,0.0,False,16.500000000000004,Caluroso,True,2007,7
2007-07-20,201.0,33.5,15.1,24.9,0.0,False,18.4,Caluroso,True,2007,7
2007-07-21,202.0,32.2,13.8,23.9,0.0,False,18.400000000000002,Caluroso,True,2007,7
2007-07-22,203.0,32.6,16.1,24.5,0.0,False,16.5,Caluroso,True,2007,7
2007-07-23,204.0,36.4,13.4,25.9,0.0,True,23.0,Caluroso,True,2007,7
2007-07-24,205.0,31.5,18.7,25.2,0.0,False,12.8,Caluroso,True,2007,7
2007-07-25,206.0,31.7,17.1,24.1,0.0,False,14.599999999999998,Caluroso,True,2007,7
2007-07-26,207.0,32.9,18.5,25.4,0.0,False,14.399999999999999,Caluroso,True,2007,7
2007-07-27,208.0,34.4,19.2,27.0,0.0,False,15.2,Caluroso,True,2007,7
2007-07-28,209.0,36.5,19.0,27.7,0.0,True,17.5,Caluroso,True,2007,7
2007-07-29,210.0,33.5,19.4,26.1,0.0,False,14.100000000000001,Caluroso,True,2007,7
2007-07-30,211.0,33.8,17.9,26.1,0.0,False,15.899999999999999,Caluroso,True,2007,7
2007-07-31,212.0,36.7,17.9,26.7,0.0,True,18.800000000000004,Caluroso,True,2007,7
2007-08-01,213.0,39.1,18.8,28.7,0.0,True,20.3,Caluroso,True,2007,8
2007-08-02,214.0,37.6,17.1,26.9,0.0,True,20.5,Caluroso,True,2007,8
2007-08-03,215.0,30.1,20.0,24.7,0.0,False,10.100000000000001,Caluroso,True,2007,8
2007-08-04,216.0,33.7,19.2,26.2,0.0,False,14.500000000000004,Caluroso,True,2007,8
2007-08-05,217.0,35.9,18.5,27.2,0.0,True,17.4,Caluroso,True,2007,8
2007-08-06,218.0,31.4,19.0,25.3,0.0,False,12.399999999999999,Caluroso,True,2007,8
2007-08-07,219.0,28.5,17.9,23.6,0.0,False,10.600000000000001,Templado,True,2007,8
2007-08-08,220.0,30.1,17.5,24.1,0.0,False,12.600000000000001,Caluroso,True,2007,8
2007-08-09,221.0,30.3,17.3,24.3,0.0,False,13.0,Caluroso,True,2007,8
2007-08-10,222.0,30.9,20.4,24.8,0.0,False,10.5,Caluroso,True,2007,8
2007-08-11,223.0,34.6,17.1,26.0,0.0,False,17.5,Caluroso,True,2007,8
2007-08-12,224.0,34.9,17.1,26.8,0.0,False,17.799999999999997,Caluroso,True,2007,8
2007-08-13,225.0,31.4,16.5,24.2,0.0,False,14.899999999999999,Caluroso,True,2007,8
2007-08-14,226.0,33.4,15.5,24.9,0.0,False,17.9,Caluroso,True,2007,8
2007-08-15,227.0,35.0,15.8,25.2,0.0,False,19.2,Caluroso,True,2007,8
2007-08-16,228.0,31.7,18.6,25.3,0.0,False,13.099999999999998,Caluroso,True,2007,8
2007-08-17,229.0,28.6,19.7,23.8,0.0,False,8.900000000000002,Templado,True,2007,8
2007-08-18,230.0,30.8,18.8,24.1,0.0,False,12.0,Caluroso,True,2007,8
2007-08-19,231.0,32.3,16.7,24.6,0.0,False,15.599999999999998,Caluroso,True,2007,8
2007-08-20,232.0,29.7,20.2,24.1,0.0,False,9.5,Templado,True,2007,8
2007-08-21,233.0,30.3,17.8,24.1,0.0,False,12.5,Caluroso,True,2007,8
2007-08-22,234.0,26.1,16.7,20.7,1.0,False,9.400000000000002,Templado,False,2007,8
2007-08-23,235.0,25.6,14.6,20.3,0.2,False,11.000000000000002,Templado,False,2007,8
2007-08-24,236.0,24.7,19.0,21.7,0.0,False,5.699999999999999,Templado,True,2007,8
2007-08-25,237.0,27.5,21.7,23.7,1.0,False,5.800000000000001,Templado,False,2007,8
2007-08-26,238.0,32.3,21.4,26.2,0.0,False,10.899999999999999,Caluroso,True,2007,8
2007-08-27,239.0,34.2,21.1,27.5,0.0,False,13.100000000000001,Caluroso,True,2007,8
2007-08-28,240.0,37.9,19.6,28.6,0.0,True,18.299999999999997,Caluroso,True,2007,8
2007-08-29,241.0,37.9,18.6,28.3,0.0,True,19.299999999999997,Caluroso,True,2007,8
2007-08-30,242.0,31.2,15.5,24.0,0.0,False,15.7,Caluroso,True,2007,8
2007-08-31,243.0,27.0,18.0,22.3,0.0,False,9.0,Templado,True,2007,8
2007-09-01,244.0,25.9,18.5,21.6,0.0,False,7.399999999999999,Templado,True,2007,9
2007-09-02,245.0,27.4,14.7,21.6,0.0,False,12.7,Templado,True,2007,9
2007-09-03,246.0,28.7,14.0,21.7,0.0,False,14.7,Templado,True,2007,9
2007-09-04,247.0,30.3,14.7,22.4,0.0,False,15.600000000000001,Caluroso,True,2007,9
2007-09-05,248.0,26.1,16.1,21.1,0.0,False,10.0,Templado,True,2007,9
2007-09-06,249.0,25.7,16.2,21.1,0.0,False,9.5,Templado,True,2007,9
2007-09-07,250.0,27.6,13.8,20.7,0.0,False,13.8,Templado,True,2007,9
2007-09-08,251.0,28.4,13.8,20.8,0.0,False,14.599999999999998,Templado,True,2007,9
2007-09-09,252.0,28.5,13.9,20.5,0.0,False,14.6,Templado,True,2007,9
2007-09-10,253.0,27.3,15.5,21.6,0.2,False,11.8,Templado,False,2007,9
2007-09-11,254.0,25.9,16.7,21.7,1.8,False,9.2,Templado,False,2007,9
2007-09-12,255.0,22.6,15.5,19.9,0.2,False,7.100000000000001,Templado,False,2007,9
2007-09-13,256.0,26.3,14.7,20.8,0.0,False,11.600000000000001,Templado,True,2007,9
2007-09-14,257.0,28.6,15.4,21.1,0.0,False,13.200000000000001,Templado,True,2007,9
2007-09-15,258.0,27.4,15.7,21.0,0.0,False,11.7,Templado,True,2007,9
2007-09-16,259.0,26.7,16.1,21.3,0.0,False,10.599999999999998,Templado,True,2007,9
2007-09-17,260.0,31.9,15.5,22.0,0.0,False,16.4,Caluroso,True,2007,9
2007-09-18,261.0,30.6,12.6,21.5,0.0,False,18.0,Caluroso,True,2007,9
2007-09-19,262.0,25.5,14.9,20.7,0.0,False,10.6,Templado,True,2007,9
2007-09-20,263.0,25.5,18.4,20.9,0.0,False,7.100000000000001,Templado,True,2007,9
2007-09-21,264.0,22.7,14.1,18.2,60.0,False,8.6,Templado,False,2007,9
2007-09-22,265.0,25.7,12.4,18.3,0.2,False,13.299999999999999,Templado,False,2007,9
2007-09-23,266.0,23.7,14.4,18.8,0.2,False,9.299999999999999,Templado,False,2007,9
2007-09-24,267.0,26.0,14.0,19.9,0.2,False,12.0,Templado,False,2007,9
2007-09-25,268.0,30.0,14.1,21.6,0.0,False,15.9,Templado,True,2007,9
2007-09-26,269.0,24.3,15.1,19.1,0.0,False,9.200000000000001,Templado,True,2007,9
2007-09-27,270.0,27.0,15.3,20.3,0.0,False,11.7,Templado,True,2007,9
2007-09-28,271.0,23.0,15.7,19.0,0.8,False,7.300000000000001,Templado,False,2007,9
2007-09-29,272.0,26.9,14.2,20.4,0.4,False,12.7,Templado,False,2007,9
2007-09-30,273.0,28.0,13.2,20.2,0.0,False,14.8,Templado,True,2007,9
2007-10-01,274.0,27.9,14.7,20.1,0.2,False,13.2,Templado,False,2007,10
2007-10-02,275.0,21.3,14.2,18.2,0.4,False,7.100000000000001,Templado,False,2007,10
2007-10-03,276.0,24.6,14.7,18.9,8.0,False,9.900000000000002,Templado,False,2007,10
2007-10-04,277.0,24.0,13.0,17.6,0.0,False,11.0,Templado,True,2007,10
2007-10-05,278.0,25.3,11.0,17.8,0.0,False,14.3,Templado,True,2007,10
2007-10-06,279.0,26.3,12.0,18.7,0.0,False,14.3,Templado,True,2007,10
2007-10-07,280.0,27.0,12.4,19.3,0.0,False,14.6,Templado,True,2007,10
2007-10-08,281.0,26.6,13.3,19.7,0.0,False,13.3,Templado,True,2007,10
2007-10-09,282.0,24.2,14.9,18.9,0.0,False,9.299999999999999,Templado,True,2007,10
2007-10-10,283.0,25.1,13.7,18.7,0.2,False,11.400000000000002,Templado,False,2007,10
2007-10-11,284.0,19.0,10.8,14.5,0.8,False,8.2,Frío,False,2007,10
2007-10-12,285.0,20.3,8.8,15.1,0.0,False,11.5,Templado,True,2007,10
2007-10-13,286.0,21.6,10.7,15.8,0.0,False,10.900000000000002,Templado,True,2007,10
2007-10-14,287.0,21.5,11.8,16.9,0.0,False,9.7,Templado,True,2007,10
2007-10-15,288.0,21.3,13.1,17.1,0.0,False,8.200000000000001,Templado,True,2007,10
2007-10-16,289.0,21.2,11.8,16.2,3.0,False,9.399999999999999,Templado,False,2007,10
2007-10-17,290.0,23.4,9.9,16.3,0.2,False,13.499999999999998,Templado,False,2007,10
2007-10-18,291.0,20.7,10.2,15.2,6.0,False,10.5,Templado,False,2007,10
2007-10-19,292.0,17.5,12.0,15.0,39.6,False,5.5,Frío,False,2007,10
2007-10-20,293.0,21.9,9.8,15.0,0.2,False,12.099999999999998,Templado,False,2007,10
2007-10-21,294.0,20.5,9.6,14.9,0.2,False,10.9,Templado,False,2007,10
2007-10-22,295.0,24.1,9.3,16.0,0.2,False,14.8,Templado,False,2007,10
2007-10-23,296.0,25.2,10.0,16.6,0.0,False,15.2,Templado,True,2007,10
2007-10-24,297.0,18.0,11.8,14.1,2.4,False,6.199999999999999,Frío,False,2007,10
2007-10-25,298.0,18.4,8.6,12.9,0.0,False,9.799999999999999,Frío,True,2007,10
2007-10-26,299.0,19.5,7.1,13.5,0.0,False,12.4,Frío,True,2007,10
2007-10-27,300.0,15.5,11.2,13.2,0.0,False,4.300000000000001,Frío,True,2007,10
2007-10-28,301.0,18.0,12.6,14.6,2.0,False,5.4,Frío,False,2007,10
2007-10-29,302.0,21.1,9.1,14.5,0.2,False,12.000000000000002,Templado,False,2007,10
2007-10-30,303.0,22.1,6.5,13.2,0.0,False,15.600000000000001,Templado,True,2007,10
2007-10-31,304.0,16.4,5.1,11.1,0.0,False,11.299999999999999,Frío,True,2007,10
2007-11-01,305.0,18.2,2.9,10.4,0.0,False,15.299999999999999,Frío,True,2007,11
2007-11-02,306.0,18.1,5.1,12.0,0.0,False,13.000000000000002,Frío,True,2007,11
2007-11-03,307.0,17.4,7.1,11.8,0.0,False,10.299999999999999,Frío,True,2007,11
2007-11-04,308.0,19.1,4.4,11.3,0.0,False,14.700000000000001,Frío,True,2007,11
2007-11-05,309.0,22.1,4.3,12.4,0.2,False,17.8,Templado,False,2007,11
2007-11-06,310.0,19.1,8.6,12.7,0.0,False,10.500000000000002,Frío,True,2007,11
2007-11-07,311.0,18.6,7.3,12.0,0.4,False,11.3,Frío,False,2007,11
2007-11-08,312.0,21.3,3.4,11.0,0.2,False,17.900000000000002,Templado,False,2007,11
2007-11-09,313.0,21.4,6.0,13.0,0.0,False,15.399999999999999,Templado,True,2007,11
2007-11-10,314.0,17.5,6.7,12.8,0.0,False,10.8,Frío,True,2007,11
2007-11-11,315.0,20.5,4.4,11.0,0.2,False,16.1,Templado,False,2007,11
2007-11-12,316.0,21.6,4.0,12.5,0.2,False,17.6,Templado,False,2007,11
2007-11-13,317.0,17.8,9.0,13.0,0.0,False,8.8,Frío,True,2007,11
2007-11-14,318.0,21.9,4.1,11.8,0.0,False,17.799999999999997,Templado,True,2007,11
2007-11-15,319.0,18.2,4.1,10.4,0.0,False,14.1,Frío,True,2007,11
2007-11-16,320.0,16.4,1.7,8.3,0.0,False,14.7,Frío,True,2007,11
2007-11-17,321.0,15.9,1.8,7.7,0.0,False,14.1,Frío,True,2007,11
2007-11-18,322.0,17.2,1.8,8.1,0.2,False,15.399999999999999,Frío,False,2007,11
2007-11-19,323.0,18.5,2.6,11.4,0.0,False,15.9,Frío,True,2007,11
2007-11-20,324.0,23.6,7.5,16.1,0.0,False,16.1,Templado,True,2007,11
2007-11-21,325.0,17.9,9.8,14.7,0.4,False,8.099999999999998,Frío,False,2007,11
2007-11-22,326.0,16.5,5.7,11.0,1.6,False,10.8,Frío,False,2007,11
2007-11-23,327.0,16.9,3.0,9.3,0.2,False,13.899999999999999,Frío,False,2007,11
2007-11-24,328.0,12.6,4.9,9.3,7.0,False,7.699999999999999,Frío,False,2007,11
2007-11-25,329.0,12.7,6.1,10.5,0.6,False,6.6,Frío,False,2007,11
2007-11-26,330.0,14.5,3.0,9.8,0.0,False,11.5,Frío,True,2007,11
2007-11-27,331.0,14.8,2.2,7.8,0.0,False,12.600000000000001,Frío,True,2007,11
2007-11-28,332.0,16.4,1.4,7.7,0.2,False,14.999999999999998,Frío,False,2007,11
2007-11-29,333.0,17.0,1.2,7.8,0.0,False,15.8,Frío,True,2007,11
2007-11-30,334.0,17.0,2.3,8.3,0.0,False,14.7,Frío,True,2007,11
2007-12-01,335.0,17.8,1.0,8.1,0.2,False,16.8,Frío,False,2007,12
2007-12-02,336.0,16.7,2.0,8.4,0.2,False,14.7,Frío,False,2007,12
2007-12-03,337.0,19.8,1.3,9.3,0.2,False,18.5,Frío,False,2007,12
2007-12-04,338.0,19.2,4.4,10.1,0.0,False,14.799999999999999,Frío,True,2007,12
2007-12-05,339.0,19.4,2.4,9.3,0.2,False,17.0,Frío,False,2007,12
2007-12-06,340.0,20.0,2.4,9.8,0.0,False,17.6,Frío,True,2007,12
2007-12-07,341.0,18.8,3.7,11.0,0.0,False,15.100000000000001,Frío,True,2007,12
2007-12-08,342.0,21.4,6.0,11.7,0.0,False,15.399999999999999,Templado,True,2007,12
2007-12-09,343.0,23.0,7.3,15.5,0.0,False,15.7,Templado,True,2007,12
2007-12-10,344.0,19.5,2.3,9.5,0.0,False,17.2,Frío,True,2007,12
2007-12-11,345.0,16.6,-0.6,6.9,0.0,False,17.200000000000003,Frío,True,2007,12
2007-12-12,346.0,15.3,-0.8,6.8,0.2,False,16.1,Frío,False,2007,12
2007-12-13,347.0,13.5,2.6,8.2,0.0,False,10.9,Frío,True,2007,12
2007-12-14,348.0,11.6,2.3,6.7,0.0,False,9.3,Frío,True,2007,12
2007-12-15,349.0,14.3,-1.6,5.6,0.2,False,15.9,Frío,False,2007,12
2007-12-16,350.0,8.6,-0.1,4.9,0.0,False,8.7,Muy frío,True,2007,12
2007-12-17,351.0,10.8,1.4,6.1,0.0,False,9.4,Frío,True,2007,12
2007-12-18,352.0,10.9,1.6,6.9,0.0,False,9.3,Frío,True,2007,12
2007-12-19,353.0,10.6,7.9,9.5,0.0,False,2.6999999999999993,Frío,True,2007,12
2007-12-20,,,,,,False,,,False,2007,12
2007-12-21,355.0,14.7,5.9,10.7,0.0,False,8.799999999999999,Frío,True,2007,12
2007-12-22,356.0,13.0,8.2,10.5,0.4,False,4.800000000000001,Frío,False,2007,12
2007-12-23,357.0,13.3,8.5,10.8,0.8,False,4.800000000000001,Frío,False,2007,12
2007-12-24,358.0,15.3,5.5,10.4,5.0,False,9.8,Frío,False,2007,12
2007-12-25,359.0,14.3,1.0,7.3,0.2,False,13.3,Frío,False,2007,12
2007-12-26,360.0,12.6,3.8,7.3,30.2,False,8.8,Frío,False,2007,12
2007-12-27,361.0,11.4,1.4,8.0,0.0,False,10.0,Frío,True,2007,12
2007-12-28,362.0,13.9,-1.0,5.4,0.2,False,14.9,Frío,False,2007,12
2007-12-29,363.0,13.8,-0.4,5.3,0.2,False,14.200000000000001,Frío,False,2007,12
2007-12-30,364.0,15.5,0.0,6.2,0.2,False,15.5,Frío,False,2007,12
2007-12-31,365.0,14.7,0.1,6.3,0.0,False,14.6,Frío,True,2007,12
2008-01-01,1.0,12.5,-1.1,4.9,0.2,False,13.6,Frío,False,2008,1
2008-01-02,2.0,14.4,0.5,7.3,0.2,False,13.9,Frío,False,2008,1
2008-01-03,3.0,13.3,2.1,7.9,8.2,False,11.200000000000001,Frío,False,2008,1
2008-01-04,4.0,13.6,0.0,5.9,0.0,False,13.6,Frío,True,2008,1
2008-01-05,5.0,17.1,-0.7,6.9,0.2,False,17.8,Frío,False,2008,1
2008-01-06,6.0,20.4,4.7,11.2,0.0,False,15.7,Templado,True,2008,1
2008-01-07,7.0,19.8,3.2,10.5,0.2,False,16.6,Frío,False,2008,1
2008-01-08,8.0,12.0,6.1,9.3,0.2,False,5.9,Frío,False,2008,1
2008-01-09,9.0,15.0,7.6,10.8,0.0,False,7.4,Frío,True,2008,1
2008-01-10,10.0,15.9,7.3,10.6,0.0,False,8.600000000000001,Frío,True,2008,1
2008-01-11,11.0,16.6,2.9,10.6,0.0,False,13.700000000000001,Frío,True,2008,1
2008-01-12,12.0,15.1,0.9,7.9,0.0,False,14.2,Frío,True,2008,1
2008-01-13,13.0,15.0,-0.7,6.1,0.2,False,15.7,Frío,False,2008,1
2008-01-14,14.0,14.0,1.5,7.4,0.4,False,12.5,Frío,False,2008,1
2008-01-15,15.0,15.5,0.1,8.1,0.0,False,15.4,Frío,True,2008,1
2008-01-16,16.0,19.1,4.8,12.7,0.0,False,14.3,Frío,True,2008,1
2008-01-17,17.0,19.8,1.4,10.0,0.0,False,18.400000000000002,Frío,True,2008,1
2008-01-18,18.0,21.2,4.3,11.5,0.0,False,16.9,Templado,True,2008,1
2008-01-19,19.0,18.4,4.3,10.6,0.0,False,14.099999999999998,Frío,True,2008,1
2008-01-20,20.0,18.9,4.1,10.8,0.0,False,14.799999999999999,Frío,True,2008,1
2008-01-21,21.0,20.0,3.4,10.2,0.0,False,16.6,Frío,True,2008,1
2008-01-22,22.0,23.0,4.5,11.8,0.0,False,18.5,Templado,True,2008,1
2008-01-23,23.0,15.9,3.4,9.5,0.0,False,12.5,Frío,True,2008,1
2008-01-24,24.0,15.1,1.6,7.7,0.0,False,13.5,Frío,True,2008,1
2008-01-25,25.0,13.4,3.1,8.3,0.2,False,10.3,Frío,False,2008,1
2008-01-26,26.0,12.1,0.8,6.6,0.0,False,11.299999999999999,Frío,True,2008,1
2008-01-27,27.0,12.8,1.0,7.1,0.2,False,11.8,Frío,False,2008,1
2008-01-28,28.0,15.7,0.0,7.4,0.0,False,15.7,Frío,True,2008,1
2008-01-29,29.0,15.6,1.2,7.7,0.2,False,14.4,Frío,False,2008,1
2008-01-30,30.0,19.0,1.3,8.7,0.0,False,17.7,Frío,True,2008,1
2008-01-31,31.0,14.9,1.0,7.9,0.0,False,13.9,Frío,True,2008,1
2008-02-01,32.0,15.7,-0.4,7.7,0.2,False,16.099999999999998,Frío,False,2008,2
2008-02-02,33.0,16.1,3.3,9.0,0.0,False,12.8,Frío,True,2008,2
2008-02-03,34.0,15.3,1.6,8.0,0.0,False,13.700000000000001,Frío,True,2008,2
2008-02-04,35.0,19.1,2.4,9.8,0.2,False,16.700000000000003,Frío,False,2008,2
2008-02-05,36.0,17.7,2.1,9.2,0.0,False,15.6,Frío,True,2008,2
2008-02-06,37.0,19.2,2.2,9.5,0.2,False,17.0,Frío,False,2008,2
2008-02-07,38.0,16.1,2.4,8.9,0.0,False,13.700000000000001,Frío,True,2008,2
2008-02-08,39.0,15.5,2.9,9.1,0.0,False,12.6,Frío,True,2008,2
2008-02-09,40.0,14.7,4.0,9.4,0.0,False,10.7,Frío,True,2008,2
2008-02-10,41.0,13.5,4.7,8.7,0.0,False,8.8,Frío,True,2008,2
2008-02-11,42.0,12.6,4.4,8.6,0.0,False,8.2,Frío,True,2008,2
2008-02-12,43.0,12.2,6.7,8.9,0.0,False,5.499999999999999,Frío,True,2008,2
2008-02-13,44.0,10.5,7.2,8.7,0.0,False,3.3,Frío,True,2008,2
2008-02-14,45.0,13.5,8.5,10.9,2.4,False,5.0,Frío,False,2008,2
2008-02-15,46.0,16.1,7.6,11.5,0.0,False,8.500000000000002,Frío,True,2008,2
2008-02-16,47.0,12.6,5.1,9.0,0.0,False,7.5,Frío,True,2008,2
2008-02-17,48.0,11.1,7.3,9.4,0.0,False,3.8,Frío,True,2008,2
2008-02-18,49.0,12.6,8.1,10.3,0.4,False,4.5,Frío,False,2008,2
2008-02-19,50.0,13.0,6.9,9.5,8.4,False,6.1,Frío,False,2008,2
2008-02-20,51.0,18.4,4.3,11.5,0.8,False,14.099999999999998,Frío,False,2008,2
2008-02-21,52.0,13.3,8.7,11.0,0.2,False,4.600000000000001,Frío,False,2008,2
2008-02-22,53.0,12.7,5.9,9.9,0.0,False,6.799999999999999,Frío,True,2008,2
2008-02-23,54.0,14.6,8.7,10.8,3.6,False,5.9,Frío,False,2008,2
2008-02-24,55.0,13.7,7.8,9.9,7.4,False,5.8999999999999995,Frío,False,2008,2
2008-02-25,56.0,16.7,6.8,11.1,0.6,False,9.899999999999999,Frío,False,2008,2
2008-02-26,57.0,19.3,6.3,12.1,0.2,False,13.0,Frío,False,2008,2
2008-02-27,58.0,20.2,6.4,12.7,0.0,False,13.799999999999999,Templado,True,2008,2
2008-02-28,59.0,18.5,6.3,11.1,0.4,False,12.2,Frío,False,2008,2
2008-02-29,60.0,18.1,5.4,11.3,0.2,False,12.700000000000001,Frío,False,2008,2
2008-03-01,61.0,19.7,4.5,11.7,0.0,False,15.2,Frío,True,2008,3
2008-03-02,62.0,21.2,6.0,12.6,0.2,False,15.2,Templado,False,2008,3
2008-03-03,63.0,23.3,3.6,13.3,0.0,False,19.7,Templado,True,2008,3
2008-03-04,64.0,18.2,8.5,12.8,0.0,False,9.7,Frío,True,2008,3
2008-03-05,65.0,12.7,1.1,7.3,0.0,False,11.6,Frío,True,2008,3
2008-03-06,66.0,13.1,-3.3,5.6,0.0,False,16.4,Frío,True,2008,3
2008-03-07,67.0,20.6,0.9,13.2,0.0,False,19.700000000000003,Templado,True,2008,3
2008-03-08,68.0,19.9,4.3,13.5,0.0,False,15.599999999999998,Frío,True,2008,3
2008-03-09,69.0,20.2,2.1,11.2,0.0,False,18.099999999999998,Templado,True,2008,3
2008-03-10,70.0,17.2,3.9,12.1,0.0,False,13.299999999999999,Frío,True,2008,3
2008-03-11,71.0,24.9,8.9,16.2,0.0,False,15.999999999999998,Templado,True,2008,3
2008-03-12,72.0,25.4,6.2,16.1,0.0,False,19.2,Templado,True,2008,3
2008-03-13,73.0,23.1,9.2,15.4,0.0,False,13.900000000000002,Templado,True,2008,3
2008-03-14,74.0,25.0,7.7,15.5,0.0,False,17.3,Templado,True,2008,3
2008-03-15,75.0,26.3,9.2,17.2,0.0,False,17.1,Templado,True,2008,3
2008-03-16,76.0,23.8,7.2,14.5,0.0,False,16.6,Templado,True,2008,3
2008-03-17,77.0,23.2,6.1,15.3,0.0,False,17.1,Templado,True,2008,3
2008-03-18,78.0,20.7,6.3,14.1,0.0,False,14.399999999999999,Templado,True,2008,3
2008-03-19,79.0,18.3,4.4,11.8,0.0,False,13.9,Frío,True,2008,3
2008-03-20,80.0,10.2,7.9,8.9,12.4,False,2.299999999999999,Frío,False,2008,3
2008-03-21,81.0,16.6,5.9,10.7,1.6,False,10.700000000000001,Frío,False,2008,3
2008-03-22,82.0,21.4,4.7,13.2,0.2,False,16.7,Templado,False,2008,3
2008-03-23,83.0,12.3,4.9,8.8,0.0,False,7.4,Frío,True,2008,3
2008-03-24,84.0,18.2,2.1,10.8,0.0,False,16.099999999999998,Frío,True,2008,3
2008-03-25,85.0,20.2,2.3,11.8,0.0,False,17.9,Templado,True,2008,3
2008-03-26,86.0,22.5,4.6,14.4,0.0,False,17.9,Templado,True,2008,3
2008-03-27,87.0,19.2,10.4,14.6,0.0,False,8.799999999999999,Frío,True,2008,3
2008-03-28,88.0,24.4,7.1,16.3,0.0,False,17.299999999999997,Templado,True,2008,3
2008-03-29,89.0,20.2,7.3,13.7,0.0,False,12.899999999999999,Templado,True,2008,3
2008-03-30,90.0,22.1,5.3,15.1,0.0,False,16.8,Templado,True,2008,3
2008-03-31,91.0,20.5,7.1,14.2,0.0,False,13.4,Templado,True,2008,3
2008-04-01,92.0,21.2,5.5,13.1,0.0,False,15.7,Templado,True,2008,4
2008-04-02,93.0,20.5,3.8,12.4,0.0,False,16.7,Templado,True,2008,4
2008-04-03,94.0,24.3,4.5,14.8,0.0,False,19.8,Templado,True,2008,4
2008-04-04,95.0,19.3,7.3,12.9,0.0,False,12.0,Frío,True,2008,4
2008-04-05,96.0,20.8,4.5,12.9,0.0,False,16.3,Templado,True,2008,4
2008-04-06,97.0,27.7,6.6,17.7,0.0,False,21.1,Templado,True,2008,4
2008-04-07,98.0,25.2,8.1,16.7,0.0,False,17.1,Templado,True,2008,4
2008-04-08,99.0,18.8,12.0,16.1,0.0,False,6.800000000000001,Frío,True,2008,4
2008-04-09,100.0,23.9,16.8,20.1,0.0,False,7.099999999999998,Templado,True,2008,4
2008-04-10,101.0,23.0,13.4,18.0,0.2,False,9.6,Templado,False,2008,4
2008-04-11,102.0,19.0,9.0,13.2,0.0,False,10.0,Frío,True,2008,4
2008-04-12,103.0,17.8,2.8,11.2,0.0,False,15.0,Frío,True,2008,4
2008-04-13,104.0,20.5,4.6,13.0,0.0,False,15.9,Templado,True,2008,4
2008-04-14,105.0,21.3,4.4,13.2,0.0,False,16.9,Templado,True,2008,4
2008-04-15,106.0,18.7,6.1,12.7,0.0,False,12.6,Frío,True,2008,4
2008-04-16,107.0,18.9,7.7,12.5,0.0,False,11.2,Frío,True,2008,4
2008-04-17,108.0,22.9,8.9,16.1,0.0,False,13.999999999999998,Templado,True,2008,4
2008-04-18,109.0,20.0,8.5,15.3,2.2,False,11.5,Frío,False,2008,4
2008-04-19,110.0,17.8,3.5,13.1,0.0,False,14.3,Frío,True,2008,4
2008-04-20,111.0,18.1,8.6,13.7,1.2,False,9.500000000000002,Frío,False,2008,4
2008-04-21,112.0,19.7,11.3,15.0,0.0,False,8.399999999999999,Frío,True,2008,4
2008-04-22,113.0,22.8,6.1,15.4,0.0,False,16.700000000000003,Templado,True,2008,4
2008-04-23,114.0,24.2,7.7,16.8,0.0,False,16.5,Templado,True,2008,4
2008-04-24,115.0,26.7,9.9,19.2,0.0,False,16.799999999999997,Templado,True,2008,4
2008-04-25,116.0,23.2,9.6,17.4,0.0,False,13.6,Templado,True,2008,4
2008-04-26,117.0,25.5,9.2,17.4,0.0,False,16.3,Templado,True,2008,4
2008-04-27,118.0,25.4,8.5,16.7,0.0,False,16.9,Templado,True,2008,4
2008-04-28,119.0,26.3,7.7,18.4,0.0,False,18.6,Templado,True,2008,4
2008-04-29,120.0,22.4,10.6,17.4,0.0,False,11.799999999999999,Templado,True,2008,4
2008-04-30,121.0,22.9,8.1,16.3,0.0,False,14.799999999999999,Templado,True,2008,4
2008-05-01,122.0,21.8,7.8,15.0,0.0,False,14.0,Templado,True,2008,5
2008-05-02,123.0,23.9,9.4,16.3,0.0,False,14.499999999999998,Templado,True,2008,5
2008-05-03,124.0,24.0,10.8,16.9,0.0,False,13.2,Templado,True,2008,5
2008-05-04,125.0,25.7,10.4,18.3,0.0,False,15.299999999999999,Templado,True,2008,5
2008-05-05,126.0,25.8,10.6,19.1,0.0,False,15.200000000000001,Templado,True,2008,5
2008-05-06,127.0,25.6,11.0,18.8,0.0,False,14.600000000000001,Templado,True,2008,5
2008-05-07,128.0,24.3,15.3,19.8,0.0,False,9.0,Templado,True,2008,5
2008-05-08,129.0,17.4,10.9,13.8,30.6,False,6.499999999999998,Frío,False,2008,5
2008-05-09,130.0,20.7,10.1,15.0,12.8,False,10.6,Templado,False,2008,5
2008-05-10,131.0,19.0,8.5,14.0,0.0,False,10.5,Frío,True,2008,5
2008-05-11,132.0,18.5,9.2,13.8,0.6,False,9.3,Frío,False,2008,5
2008-05-12,133.0,20.6,6.7,14.2,0.2,False,13.900000000000002,Templado,False,2008,5
2008-05-13,134.0,22.8,8.9,16.2,0.2,False,13.9,Templado,False,2008,5
2008-05-14,135.0,24.9,10.4,17.4,0.0,False,14.499999999999998,Templado,True,2008,5
2008-05-15,136.0,22.2,11.6,17.0,0.0,False,10.6,Templado,True,2008,5
2008-05-16,137.0,24.0,8.3,16.9,0.0,False,15.7,Templado,True,2008,5
2008-05-17,138.0,24.0,11.2,16.6,1.0,False,12.8,Templado,False,2008,5
2008-05-18,139.0,22.0,12.0,16.5,0.2,False,10.0,Templado,False,2008,5
2008-05-19,140.0,21.3,10.8,16.0,0.6,False,10.5,Templado,False,2008,5
2008-05-20,141.0,23.6,10.2,17.4,0.0,False,13.400000000000002,Templado,True,2008,5
2008-05-21,142.0,25.9,9.1,18.6,0.0,False,16.799999999999997,Templado,True,2008,5
2008-05-22,143.0,27.2,12.3,20.1,0.0,False,14.899999999999999,Templado,True,2008,5
2008-05-23,144.0,28.4,14.7,22.2,0.0,False,13.7,Templado,True,2008,5
2008-05-24,145.0,25.6,15.0,20.0,0.0,False,10.600000000000001,Templado,True,2008,5
2008-05-25,146.0,21.6,13.7,17.4,0.0,False,7.900000000000002,Templado,True,2008,5
2008-05-26,147.0,20.4,12.0,16.5,0.0,False,8.399999999999999,Templado,True,2008,5
2008-05-27,148.0,21.5,10.6,15.8,0.0,False,10.9,Templado,True,2008,5
2008-05-28,149.0,22.1,9.6,16.2,0.2,False,12.500000000000002,Templado,False,2008,5
2008-05-29,150.0,25.2,9.3,17.9,0.0,False,15.899999999999999,Templado,True,2008,5
2008-05-30,151.0,25.8,12.5,20.0,0.0,False,13.3,Templado,True,2008,5
2008-05-31,152.0,23.4,13.6,17.9,0.2,False,9.799999999999999,Templado,False,2008,5
2008-06-01,153.0,21.9,11.7,17.7,0.0,False,10.2,Templado,True,2008,6
2008-06-02,154.0,25.9,11.9,19.5,0.0,False,13.999999999999998,Templado,True,2008,6
2008-06-03,155.0,25.9,12.9,19.3,0.0,False,12.999999999999998,Templado,True,2008,6
2008-06-04,156.0,26.0,12.4,19.2,0.0,False,13.6,Templado,True,2008,6
2008-06-05,157.0,29.7,11.8,21.4,0.0,False,17.9,Templado,True,2008,6
2008-06-06,158.0,24.4,13.2,19.0,0.0,False,11.2,Templado,True,2008,6
2008-06-07,159.0,25.7,11.7,19.1,0.0,False,14.0,Templado,True,2008,6
2008-06-08,160.0,23.9,12.2,17.9,0.0,False,11.7,Templado,True,2008,6
2008-06-09,161.0,21.4,14.3,17.4,0.0,False,7.099999999999998,Templado,True,2008,6
2008-06-10,162.0,24.4,12.7,18.9,0.0,False,11.7,Templado,True,2008,6
2008-06-11,163.0,24.4,13.2,18.5,0.2,False,11.2,Templado,False,2008,6
2008-06-12,164.0,25.8,11.7,19.6,1.2,False,14.100000000000001,Templado,False,2008,6
2008-06-13,165.0,28.6,12.9,22.0,0.0,False,15.700000000000001,Templado,True,2008,6
2008-06-14,166.0,33.0,12.8,24.4,0.0,False,20.2,Caluroso,True,2008,6
2008-06-15,167.0,33.0,14.9,24.4,0.0,False,18.1,Caluroso,True,2008,6
2008-06-16,168.0,33.5,14.5,25.5,0.0,False,19.0,Caluroso,True,2008,6
2008-06-17,169.0,28.1,14.5,22.2,0.0,False,13.600000000000001,Templado,True,2008,6
2008-06-18,170.0,28.2,15.0,21.5,0.0,False,13.2,Templado,True,2008,6
2008-06-19,171.0,29.9,14.4,23.0,0.0,False,15.499999999999998,Templado,True,2008,6
2008-06-20,172.0,30.0,14.5,22.9,0.0,False,15.5,Templado,True,2008,6
2008-06-21,173.0,30.1,15.5,23.4,0.0,False,14.600000000000001,Caluroso,True,2008,6
2008-06-22,174.0,31.6,15.6,24.2,0.0,False,16.0,Caluroso,True,2008,6
2008-06-23,175.0,30.9,18.0,24.1,0.0,False,12.899999999999999,Caluroso,True,2008,6
2008-06-24,176.0,33.4,14.3,25.1,0.0,False,19.099999999999998,Caluroso,True,2008,6
2008-06-25,177.0,32.1,18.4,25.8,0.0,False,13.700000000000003,Caluroso,True,2008,6
2008-06-26,178.0,31.3,17.7,24.9,0.0,False,13.600000000000001,Caluroso,True,2008,6
2008-06-27,179.0,32.3,16.8,24.8,0.0,False,15.499999999999996,Caluroso,True,2008,6
2008-06-28,180.0,31.3,17.5,24.0,0.0,False,13.8,Caluroso,True,2008,6
2008-06-29,181.0,31.2,16.8,24.3,0.0,False,14.399999999999999,Caluroso,True,2008,6
2008-06-30,182.0,33.7,17.1,24.4,1.4,False,16.6,Caluroso,False,2008,6
2008-07-01,183.0,34.7,15.3,25.3,0.0,False,19.400000000000002,Caluroso,True,2008,7
2008-07-02,184.0,36.2,14.6,25.9,0.0,True,21.6,Caluroso,True,2008,7
2008-07-03,185.0,36.2,16.1,26.6,0.0,True,20.1,Caluroso,True,2008,7
2008-07-04,186.0,30.6,17.5,24.1,0.0,False,13.100000000000001,Caluroso,True,2008,7
2008-07-05,187.0,35.2,17.8,25.6,0.0,True,17.400000000000002,Caluroso,True,2008,7
2008-07-06,188.0,36.2,17.3,28.6,0.0,True,18.900000000000002,Caluroso,True,2008,7
2008-07-07,189.0,31.9,17.8,25.8,0.0,False,14.099999999999998,Caluroso,True,2008,7
2008-07-08,190.0,29.3,17.0,23.3,0.0,False,12.3,Templado,True,2008,7
2008-07-09,191.0,30.8,17.2,23.9,0.0,False,13.600000000000001,Caluroso,True,2008,7
2008-07-10,192.0,33.6,17.6,24.7,0.0,False,16.0,Caluroso,True,2008,7
2008-07-11,193.0,36.8,16.0,26.8,0.0,True,20.799999999999997,Caluroso,True,2008,7
2008-07-12,194.0,35.8,18.8,27.2,0.0,True,16.999999999999996,Caluroso,True,2008,7
2008-07-13,195.0,28.2,18.9,22.8,0.0,False,9.3,Templado,True,2008,7
2008-07-14,196.0,24.7,18.2,20.6,3.2,False,6.5,Templado,False,2008,7
2008-07-15,197.0,25.0,17.1,20.8,0.0,False,7.899999999999999,Templado,True,2008,7
2008-07-16,198.0,24.5,17.3,20.7,5.6,False,7.199999999999999,Templado,False,2008,7
2008-07-17,199.0,31.0,17.0,23.2,0.0,False,14.0,Caluroso,True,2008,7
2008-07-18,200.0,30.1,16.9,23.3,0.0,False,13.200000000000003,Caluroso,True,2008,7
2008-07-19,201.0,31.0,18.6,24.6,0.0,False,12.399999999999999,Caluroso,True,2008,7
2008-07-20,202.0,35.8,17.4,26.6,0.0,True,18.4,Caluroso,True,2008,7
2008-07-21,203.0,30.9,19.4,25.0,0.0,False,11.5,Caluroso,True,2008,7
2008-07-22,204.0,29.6,17.5,23.1,0.0,False,12.100000000000001,Templado,True,2008,7
2008-07-23,205.0,34.4,17.3,24.9,0.0,False,17.099999999999998,Caluroso,True,2008,7
2008-07-24,206.0,35.8,19.2,27.2,0.0,True,16.599999999999998,Caluroso,True,2008,7
2008-07-25,207.0,36.2,17.8,27.2,0.0,True,18.400000000000002,Caluroso,True,2008,7
2008-07-26,208.0,34.5,20.2,27.8,0.0,False,14.3,Caluroso,True,2008,7
2008-07-27,209.0,34.7,19.7,27.5,0.0,False,15.000000000000004,Caluroso,True,2008,7
2008-07-28,210.0,35.2,19.2,27.0,0.0,True,16.000000000000004,Caluroso,True,2008,7
2008-07-29,211.0,32.6,18.5,25.4,0.0,False,14.100000000000001,Caluroso,True,2008,7
2008-07-30,212.0,32.9,17.3,25.6,0.0,False,15.599999999999998,Caluroso,True,2008,7
2008-07-31,213.0,36.1,17.9,26.9,0.0,True,18.200000000000003,Caluroso,True,2008,7
2008-08-01,214.0,35.9,19.7,28.4,0.0,True,16.2,Caluroso,True,2008,8
2008-08-02,215.0,29.6,19.8,24.9,0.0,False,9.8,Templado,True,2008,8
2008-08-03,216.0,31.4,17.3,24.9,0.0,False,14.099999999999998,Caluroso,True,2008,8
2008-08-04,217.0,35.1,18.8,27.2,0.0,True,16.3,Caluroso,True,2008,8
2008-08-05,218.0,36.0,20.4,27.8,0.0,True,15.600000000000001,Caluroso,True,2008,8
2008-08-06,219.0,37.7,19.7,28.1,0.0,True,18.000000000000004,Caluroso,True,2008,8
2008-08-07,220.0,38.3,18.1,28.0,0.0,True,20.199999999999996,Caluroso,True,2008,8
2008-08-08,221.0,31.1,17.3,25.6,0.0,False,13.8,Caluroso,True,2008,8
2008-08-09,222.0,31.4,19.2,24.9,0.0,False,12.2,Caluroso,True,2008,8
2008-08-10,223.0,34.0,18.6,25.8,0.0,False,15.399999999999999,Caluroso,True,2008,8
2008-08-11,224.0,36.0,16.9,26.4,0.0,True,19.1,Caluroso,True,2008,8
2008-08-12,225.0,39.3,16.6,28.4,0.0,True,22.699999999999996,Caluroso,True,2008,8
2008-08-13,226.0,33.9,22.5,27.3,0.0,False,11.399999999999999,Caluroso,True,2008,8
2008-08-14,227.0,33.0,19.2,25.6,0.0,False,13.8,Caluroso,True,2008,8
2008-08-15,228.0,30.8,18.1,24.4,0.0,False,12.7,Caluroso,True,2008,8
2008-08-16,229.0,30.5,14.5,22.9,0.0,False,16.0,Caluroso,True,2008,8
2008-08-17,230.0,32.2,19.3,25.9,0.0,False,12.900000000000002,Caluroso,True,2008,8
2008-08-18,231.0,31.9,18.5,24.7,0.0,False,13.399999999999999,Caluroso,True,2008,8
2008-08-19,232.0,32.3,17.8,24.5,0.0,False,14.499999999999996,Caluroso,True,2008,8
2008-08-20,233.0,29.4,16.9,23.7,0.0,False,12.5,Templado,True,2008,8
2008-08-21,234.0,30.5,17.7,23.8,0.0,False,12.8,Caluroso,True,2008,8
2008-08-22,235.0,33.4,20.0,25.1,0.0,False,13.399999999999999,Caluroso,True,2008,8
2008-08-23,236.0,30.1,20.2,24.3,0.0,False,9.900000000000002,Caluroso,True,2008,8
2008-08-24,237.0,30.5,17.6,23.9,0.0,False,12.899999999999999,Caluroso,True,2008,8
2008-08-25,238.0,31.5,16.7,23.8,0.0,False,14.8,Caluroso,True,2008,8
2008-08-26,239.0,30.2,16.2,23.4,0.0,False,14.0,Caluroso,True,2008,8
2008-08-27,240.0,28.7,16.1,22.7,0.0,False,12.599999999999998,Templado,True,2008,8
2008-08-28,241.0,28.2,16.3,22.3,0.0,False,11.899999999999999,Templado,True,2008,8
2008-08-29,242.0,29.0,15.4,21.9,0.0,False,13.6,Templado,True,2008,8
2008-08-30,243.0,30.0,14.0,22.8,0.0,False,16.0,Templado,True,2008,8
2008-08-31,244.0,31.9,13.7,23.8,0.0,False,18.2,Caluroso,True,2008,8
2008-09-01,245.0,30.8,15.9,23.5,0.0,False,14.9,Caluroso,True,2008,9
2008-09-02,246.0,31.5,15.5,23.1,0.0,False,16.0,Caluroso,True,2008,9
2008-09-03,247.0,34.0,15.1,25.6,0.0,False,18.9,Caluroso,True,2008,9
2008-09-04,248.0,34.6,17.7,26.8,0.0,False,16.900000000000002,Caluroso,True,2008,9
2008-09-05,249.0,33.3,14.1,25.0,0.0,False,19.199999999999996,Caluroso,True,2008,9
2008-09-06,250.0,32.1,12.8,24.3,0.0,False,19.3,Caluroso,True,2008,9
2008-09-07,251.0,27.6,17.7,22.5,0.0,False,9.900000000000002,Templado,True,2008,9
2008-09-08,252.0,27.4,19.1,22.3,0.0,False,8.299999999999997,Templado,True,2008,9
2008-09-09,253.0,29.6,18.2,24.2,0.0,False,11.400000000000002,Templado,True,2008,9
2008-09-10,254.0,28.0,15.8,21.7,21.8,False,12.2,Templado,False,2008,9
2008-09-11,255.0,30.6,16.0,23.0,0.0,False,14.600000000000001,Caluroso,True,2008,9
2008-09-12,256.0,27.9,17.7,21.6,0.0,False,10.2,Templado,True,2008,9
2008-09-13,257.0,25.5,15.0,19.9,0.0,False,10.5,Templado,True,2008,9
2008-09-14,258.0,26.8,13.4,19.2,0.0,False,13.4,Templado,True,2008,9
2008-09-15,259.0,29.8,11.6,20.8,0.2,False,18.200000000000003,Templado,False,2008,9
2008-09-16,260.0,28.6,13.3,21.0,0.0,False,15.3,Templado,True,2008,9
2008-09-17,261.0,28.5,15.0,20.1,1.2,False,13.5,Templado,False,2008,9
2008-09-18,262.0,28.6,13.3,20.7,0.0,False,15.3,Templado,True,2008,9
2008-09-19,263.0,28.1,17.4,21.7,0.0,False,10.700000000000003,Templado,True,2008,9
2008-09-20,264.0,28.0,16.3,21.4,0.0,False,11.7,Templado,True,2008,9
2008-09-21,265.0,31.0,15.3,22.0,2.4,False,15.7,Caluroso,False,2008,9
2008-09-22,266.0,28.7,16.5,21.9,0.0,False,12.2,Templado,True,2008,9
2008-09-23,267.0,22.3,16.3,18.5,1.0,False,6.0,Templado,False,2008,9
2008-09-24,268.0,25.2,15.1,18.9,3.0,False,10.1,Templado,False,2008,9
2008-09-25,269.0,22.7,12.8,15.9,15.8,False,9.899999999999999,Templado,False,2008,9
2008-09-26,270.0,21.0,12.6,16.1,5.4,False,8.4,Templado,False,2008,9
2008-09-27,271.0,17.6,13.3,15.3,13.4,False,4.300000000000001,Frío,False,2008,9
2008-09-28,272.0,18.4,14.5,16.4,0.2,False,3.8999999999999986,Frío,False,2008,9
2008-09-29,273.0,20.5,13.7,16.9,0.0,False,6.800000000000001,Templado,True,2008,9
2008-09-30,274.0,21.6,10.9,16.2,0.0,False,10.700000000000001,Templado,True,2008,9
2008-10-01,275.0,23.9,7.9,15.6,0.0,False,15.999999999999998,Templado,True,2008,10
2008-10-02,276.0,26.2,10.0,17.2,0.2,False,16.2,Templado,False,2008,10
2008-10-03,277.0,25.5,10.3,17.3,0.0,False,15.2,Templado,True,2008,10
2008-10-04,278.0,19.6,10.2,15.0,0.0,False,9.400000000000002,Frío,True,2008,10
2008-10-05,279.0,23.3,8.1,15.2,0.2,False,15.200000000000001,Templado,False,2008,10
2008-10-06,280.0,25.8,9.4,16.9,0.2,False,16.4,Templado,False,2008,10
2008-10-07,281.0,25.4,9.2,16.9,0.2,False,16.2,Templado,False,2008,10
2008-10-08,282.0,21.5,12.4,16.1,1.8,False,9.1,Templado,False,2008,10
2008-10-09,283.0,15.5,9.9,13.4,12.8,False,5.6,Frío,False,2008,10
2008-10-10,284.0,19.7,14.6,17.7,66.2,False,5.1,Frío,False,2008,10
2008-10-11,285.0,20.0,16.7,18.3,3.0,False,3.3000000000000007,Frío,False,2008,10
2008-10-12,286.0,25.0,14.6,19.2,0.0,False,10.4,Templado,True,2008,10
2008-10-13,287.0,22.7,11.5,16.6,0.2,False,11.2,Templado,False,2008,10
2008-10-14,288.0,20.1,11.6,15.7,13.0,False,8.500000000000002,Templado,False,2008,10
2008-10-15,289.0,22.9,10.1,15.6,0.2,False,12.799999999999999,Templado,False,2008,10
2008-10-16,290.0,25.3,9.4,16.2,0.0,False,15.9,Templado,True,2008,10
2008-10-17,291.0,25.6,11.8,17.8,0.2,False,13.8,Templado,False,2008,10
2008-10-18,292.0,23.8,12.1,17.0,0.0,False,11.700000000000001,Templado,True,2008,10
2008-10-19,293.0,20.9,10.6,15.8,1.4,False,10.299999999999999,Templado,False,2008,10
2008-10-20,294.0,21.3,12.6,17.5,0.2,False,8.700000000000001,Templado,False,2008,10
2008-10-21,295.0,23.2,10.0,16.2,0.2,False,13.2,Templado,False,2008,10
2008-10-22,296.0,22.1,7.8,15.1,0.2,False,14.3,Templado,False,2008,10
2008-10-23,297.0,17.1,13.6,15.0,0.2,False,3.5000000000000018,Frío,False,2008,10
2008-10-24,298.0,21.0,12.1,15.9,0.4,False,8.9,Templado,False,2008,10
2008-10-25,299.0,20.3,13.3,16.6,0.4,False,7.0,Templado,False,2008,10
2008-10-26,300.0,18.7,14.3,16.8,0.6,False,4.399999999999999,Frío,False,2008,10
2008-10-27,301.0,21.3,10.7,16.6,0.0,False,10.600000000000001,Templado,True,2008,10
2008-10-28,302.0,19.4,9.1,12.6,0.0,False,10.299999999999999,Frío,True,2008,10
2008-10-29,303.0,15.7,3.9,10.2,0.0,False,11.799999999999999,Frío,True,2008,10
2008-10-30,304.0,18.4,2.8,10.6,0.0,False,15.599999999999998,Frío,True,2008,10
2008-10-31,305.0,16.8,3.9,11.9,0.4,False,12.9,Frío,False,2008,10
2008-11-01,306.0,15.7,7.1,10.9,14.0,False,8.6,Frío,False,2008,11
2008-11-02,307.0,15.9,5.5,10.4,3.8,False,10.4,Frío,False,2008,11
2008-11-03,308.0,14.4,3.2,8.2,0.2,False,11.2,Frío,False,2008,11
2008-11-04,309.0,14.9,5.9,9.9,0.0,False,9.0,Frío,True,2008,11
2008-11-05,310.0,16.9,3.6,9.7,0.0,False,13.299999999999999,Frío,True,2008,11
2008-11-06,311.0,18.1,2.2,9.8,0.0,False,15.900000000000002,Frío,True,2008,11
2008-11-07,312.0,18.6,3.1,10.1,0.0,False,15.500000000000002,Frío,True,2008,11
2008-11-08,313.0,18.1,4.4,10.6,0.2,False,13.700000000000001,Frío,False,2008,11
2008-11-09,314.0,17.6,4.1,10.1,0.2,False,13.500000000000002,Frío,False,2008,11
2008-11-10,315.0,18.1,3.1,9.8,0.2,False,15.000000000000002,Frío,False,2008,11
2008-11-11,316.0,17.6,3.4,10.0,0.2,False,14.200000000000001,Frío,False,2008,11
2008-11-12,317.0,20.0,4.3,11.7,0.0,False,15.7,Frío,True,2008,11
2008-11-13,318.0,17.9,2.3,9.3,0.0,False,15.599999999999998,Frío,True,2008,11
2008-11-14,319.0,15.7,1.2,7.0,0.0,False,14.5,Frío,True,2008,11
2008-11-15,320.0,16.3,-0.6,7.3,0.0,False,16.900000000000002,Frío,True,2008,11
2008-11-16,321.0,16.8,2.2,8.7,0.0,False,14.600000000000001,Frío,True,2008,11
2008-11-17,322.0,19.2,1.7,8.9,0.2,False,17.5,Frío,False,2008,11
2008-11-18,323.0,19.8,1.6,10.0,0.0,False,18.2,Frío,True,2008,11
2008-11-19,324.0,14.5,6.9,10.8,0.0,False,7.6,Frío,True,2008,11
2008-11-20,325.0,12.3,9.2,10.6,0.0,False,3.1000000000000014,Frío,True,2008,11
2008-11-21,326.0,16.7,5.7,11.2,0.0,False,11.0,Frío,True,2008,11
2008-11-22,327.0,19.4,3.7,10.0,0.0,False,15.7,Frío,True,2008,11
2008-11-23,328.0,18.1,4.7,11.0,0.0,False,13.400000000000002,Frío,True,2008,11
2008-11-24,329.0,20.3,3.9,12.5,0.0,False,16.400000000000002,Templado,True,2008,11
2008-11-25,330.0,14.5,2.4,8.7,0.0,False,12.1,Frío,True,2008,11
2008-11-26,331.0,10.5,-1.2,4.9,0.0,False,11.7,Frío,True,2008,11
2008-11-27,332.0,10.8,0.3,5.7,0.0,False,10.5,Frío,True,2008,11
2008-11-28,333.0,13.3,-0.8,7.8,0.0,False,14.100000000000001,Frío,True,2008,11
2008-11-29,334.0,11.4,1.9,8.1,0.4,False,9.5,Frío,False,2008,11
2008-11-30,335.0,11.1,2.6,6.4,0.0,False,8.5,Frío,True,2008,11
2008-12-01,336.0,11.0,0.0,6.6,0.0,False,11.0,Frío,True,2008,12
2008-12-02,337.0,10.4,-1.8,4.8,0.0,False,12.200000000000001,Frío,True,2008,12
2008-12-03,338.0,12.0,-1.1,6.5,0.0,False,13.1,Frío,True,2008,12
2008-12-04,339.0,14.5,0.9,8.6,0.0,False,13.6,Frío,True,2008,12
2008-12-05,340.0,18.6,9.9,14.6,0.0,False,8.700000000000001,Frío,True,2008,12
2008-12-06,341.0,20.1,5.5,11.6,0.0,False,14.600000000000001,Templado,True,2008,12
2008-12-07,342.0,16.2,6.7,10.1,0.0,False,9.5,Frío,True,2008,12
2008-12-08,343.0,11.1,5.0,8.2,0.0,False,6.1,Frío,True,2008,12
2008-12-09,344.0,13.6,2.4,7.7,0.0,False,11.2,Frío,True,2008,12
2008-12-10,345.0,11.8,3.0,7.0,0.0,False,8.8,Frío,True,2008,12
2008-12-11,346.0,12.6,0.7,6.2,0.0,False,11.9,Frío,True,2008,12
2008-12-12,347.0,11.6,-1.6,3.8,0.0,False,13.2,Frío,True,2008,12
2008-12-13,348.0,10.9,-2.3,5.3,0.0,False,13.2,Frío,True,2008,12
2008-12-14,349.0,11.7,2.4,7.2,0.0,False,9.299999999999999,Frío,True,2008,12
2008-12-15,350.0,9.5,-1.0,4.5,0.0,False,10.5,Muy frío,True,2008,12
2008-12-16,351.0,13.2,-1.8,5.0,0.0,False,15.0,Frío,True,2008,12
2008-12-17,352.0,16.7,0.0,7.2,0.0,False,16.7,Frío,True,2008,12
2008-12-18,353.0,16.8,0.6,7.7,0.0,False,16.2,Frío,True,2008,12
2008-12-19,354.0,15.9,0.0,6.3,0.0,False,15.9,Frío,True,2008,12
2008-12-20,355.0,16.2,0.1,6.9,0.0,False,16.099999999999998,Frío,True,2008,12
2008-12-21,356.0,19.6,0.9,8.5,0.0,False,18.700000000000003,Frío,True,2008,12
2008-12-22,357.0,15.0,2.1,8.4,0.0,False,12.9,Frío,True,2008,12
2008-12-23,358.0,13.0,1.4,6.4,0.0,False,11.6,Frío,True,2008,12
2008-12-24,359.0,10.6,2.4,6.6,0.0,False,8.2,Frío,True,2008,12
2008-12-25,360.0,13.2,-0.3,6.0,0.0,False,13.5,Frío,True,2008,12
2008-12-26,361.0,13.8,-0.4,5.7,0.0,False,14.200000000000001,Frío,True,2008,12
2008-12-27,362.0,8.7,4.6,7.0,0.0,False,4.1,Muy frío,True,2008,12
2008-12-28,363.0,10.2,5.9,7.9,0.0,False,4.299999999999999,Frío,True,2008,12
2008-12-29,364.0,14.5,6.0,9.2,0.0,False,8.5,Frío,True,2008,12
2008-12-30,365.0,13.0,3.3,8.0,0.0,False,9.7,Frío,True,2008,12
2008-12-31,366.0,12.4,4.3,8.4,0.0,False,8.100000000000001,Frío,True,2008,12
2009-01-01,1.0,14.2,3.0,7.8,0.0,False,11.2,Frío,True,2009,1
2009-01-02,2.0,15.1,5.9,10.0,0.0,False,9.2,Frío,True,2009,1
2009-01-03,3.0,14.2,4.7,9.1,0.0,False,9.5,Frío,True,2009,1
2009-01-04,4.0,10.5,3.4,6.8,2.4,False,7.1,Frío,False,2009,1
2009-01-05,5.0,11.8,1.4,6.4,0.0,False,10.4,Frío,True,2009,1
2009-01-06,6.0,12.1,0.5,5.8,0.0,False,11.6,Frío,True,2009,1
2009-01-07,7.0,6.4,2.9,4.3,0.2,False,3.5000000000000004,Muy frío,False,2009,1
2009-01-08,8.0,5.3,1.2,3.1,3.6,False,4.1,Muy frío,False,2009,1
2009-01-09,9.0,8.8,-2.6,3.0,1.6,False,11.4,Muy frío,False,2009,1
2009-01-10,10.0,4.3,-3.9,0.8,1.8,False,8.2,Muy frío,False,2009,1
2009-01-11,11.0,9.8,3.0,6.3,5.8,False,6.800000000000001,Muy frío,False,2009,1
2009-01-12,12.0,12.9,-0.4,6.5,0.0,False,13.3,Frío,True,2009,1
2009-01-13,13.0,14.2,-1.6,5.6,0.0,False,15.799999999999999,Frío,True,2009,1
2009-01-14,14.0,14.7,-0.5,6.1,0.0,False,15.2,Frío,True,2009,1
2009-01-15,15.0,13.6,-1.8,4.9,0.2,False,15.4,Frío,False,2009,1
2009-01-16,16.0,10.0,2.4,6.3,0.0,False,7.6,Muy frío,True,2009,1
2009-01-17,17.0,13.4,0.0,6.2,0.0,False,13.4,Frío,True,2009,1
2009-01-18,18.0,15.5,-1.1,6.5,0.2,False,16.6,Frío,False,2009,1
2009-01-19,19.0,14.9,3.5,10.4,0.0,False,11.4,Frío,True,2009,1
2009-01-20,20.0,13.6,4.3,9.1,0.0,False,9.3,Frío,True,2009,1
2009-01-21,21.0,12.1,0.4,6.2,0.0,False,11.7,Frío,True,2009,1
2009-01-22,22.0,17.3,1.4,10.6,0.0,False,15.9,Frío,True,2009,1
2009-01-23,23.0,21.1,14.9,17.6,0.0,False,6.200000000000001,Templado,True,2009,1
2009-01-24,24.0,16.3,7.7,13.8,0.0,False,8.600000000000001,Frío,True,2009,1
2009-01-25,25.0,16.9,4.0,10.1,0.0,False,12.899999999999999,Frío,True,2009,1
2009-01-26,26.0,12.2,4.9,8.3,0.0,False,7.299999999999999,Frío,True,2009,1
2009-01-27,27.0,16.0,1.0,9.1,0.0,False,15.0,Frío,True,2009,1
2009-01-28,28.0,20.4,7.9,13.7,0.0,False,12.499999999999998,Templado,True,2009,1
2009-01-29,29.0,21.5,5.7,12.6,0.0,False,15.8,Templado,True,2009,1
2009-01-30,30.0,19.6,3.2,10.2,0.0,False,16.400000000000002,Frío,True,2009,1
2009-01-31,31.0,13.2,3.5,8.9,0.8,False,9.7,Frío,False,2009,1
2009-02-01,32.0,8.5,4.3,6.5,2.4,False,4.2,Muy frío,False,2009,2
2009-02-02,33.0,10.4,6.1,8.3,0.4,False,4.300000000000001,Frío,False,2009,2
2009-02-03,34.0,14.3,1.5,8.8,0.0,False,12.8,Frío,True,2009,2
2009-02-04,35.0,16.1,5.9,11.2,0.0,False,10.200000000000001,Frío,True,2009,2
2009-02-05,36.0,12.1,6.1,8.3,12.2,False,6.0,Frío,False,2009,2
2009-02-06,37.0,12.2,4.0,7.8,0.2,False,8.2,Frío,False,2009,2
2009-02-07,38.0,10.8,3.1,6.8,0.0,False,7.700000000000001,Frío,True,2009,2
2009-02-08,39.0,14.7,1.8,9.4,0.0,False,12.899999999999999,Frío,True,2009,2
2009-02-09,40.0,18.0,5.3,12.4,0.0,False,12.7,Frío,True,2009,2
2009-02-10,41.0,20.4,2.4,10.9,0.0,False,18.0,Templado,True,2009,2
2009-02-11,42.0,15.3,0.0,8.0,0.0,False,15.3,Frío,True,2009,2
2009-02-12,43.0,18.3,-0.1,8.5,0.0,False,18.400000000000002,Frío,True,2009,2
2009-02-13,44.0,15.1,1.3,7.6,0.0,False,13.799999999999999,Frío,True,2009,2
2009-02-14,45.0,18.3,-0.7,7.9,0.0,False,19.0,Frío,True,2009,2
2009-02-15,46.0,10.9,4.7,7.9,0.2,False,6.2,Frío,False,2009,2
2009-02-16,47.0,11.5,2.6,6.4,0.0,False,8.9,Frío,True,2009,2
2009-02-17,48.0,10.5,-1.3,4.7,0.0,False,11.8,Frío,True,2009,2
2009-02-18,49.0,18.0,-2.4,6.8,0.0,False,20.4,Frío,True,2009,2
2009-02-19,50.0,17.2,1.2,9.0,0.0,False,16.0,Frío,True,2009,2
2009-02-20,51.0,11.4,2.2,7.2,0.4,False,9.2,Frío,False,2009,2
2009-02-21,52.0,14.7,0.6,7.2,0.0,False,14.1,Frío,True,2009,2
2009-02-22,53.0,15.5,1.6,8.0,0.0,False,13.9,Frío,True,2009,2
2009-02-23,54.0,20.5,1.0,9.3,0.0,False,19.5,Templado,True,2009,2
2009-02-24,55.0,14.1,1.4,7.2,0.2,False,12.7,Frío,False,2009,2
2009-02-25,56.0,14.1,3.6,9.3,0.0,False,10.5,Frío,True,2009,2
2009-02-26,57.0,13.9,4.4,8.7,0.0,False,9.5,Frío,True,2009,2
2009-02-27,58.0,16.3,4.4,9.0,2.4,False,11.9,Frío,False,2009,2
2009-02-28,59.0,16.4,4.6,10.5,0.0,False,11.799999999999999,Frío,True,2009,2
2009-03-01,60.0,18.6,3.5,11.4,0.0,False,15.100000000000001,Frío,True,2009,3
2009-03-02,61.0,15.2,4.5,10.1,1.0,False,10.7,Frío,False,2009,3
2009-03-03,62.0,9.5,2.9,7.0,29.6,False,6.6,Muy frío,False,2009,3
2009-03-04,63.0,16.2,3.3,10.3,0.0,False,12.899999999999999,Frío,True,2009,3
2009-03-05,64.0,14.4,6.9,11.5,0.2,False,7.5,Frío,False,2009,3
2009-03-06,65.0,15.8,8.5,11.9,0.0,False,7.300000000000001,Frío,True,2009,3
2009-03-07,66.0,22.1,7.5,15.3,0.0,False,14.600000000000001,Templado,True,2009,3
2009-03-08,67.0,21.5,3.9,12.1,0.0,False,17.6,Templado,True,2009,3
2009-03-09,68.0,15.6,5.3,10.1,0.0,False,10.3,Frío,True,2009,3
2009-03-10,69.0,16.8,3.3,9.5,0.0,False,13.5,Frío,True,2009,3
2009-03-11,70.0,21.3,3.3,11.9,0.0,False,18.0,Templado,True,2009,3
2009-03-12,71.0,16.4,3.8,10.2,0.0,False,12.599999999999998,Frío,True,2009,3
2009-03-13,72.0,19.5,2.8,11.2,0.0,False,16.7,Frío,True,2009,3
2009-03-14,73.0,24.2,6.3,15.3,0.0,False,17.9,Templado,True,2009,3
2009-03-15,74.0,20.6,6.8,13.5,0.0,False,13.8,Templado,True,2009,3
2009-03-16,75.0,18.7,5.5,11.8,0.0,False,13.2,Frío,True,2009,3
2009-03-17,76.0,15.6,2.5,9.5,0.0,False,13.1,Frío,True,2009,3
2009-03-18,77.0,15.2,2.6,9.2,0.0,False,12.6,Frío,True,2009,3
2009-03-19,78.0,19.7,3.7,10.8,0.2,False,16.0,Frío,False,2009,3
2009-03-20,79.0,23.8,2.2,12.9,0.0,False,21.6,Templado,True,2009,3
2009-03-21,80.0,15.0,7.2,11.0,0.0,False,7.8,Frío,True,2009,3
2009-03-22,81.0,14.5,4.2,9.9,0.6,False,10.3,Frío,False,2009,3
2009-03-23,82.0,18.0,1.6,10.1,0.0,False,16.4,Frío,True,2009,3
2009-03-24,83.0,22.5,4.2,13.2,0.0,False,18.3,Templado,True,2009,3
2009-03-25,84.0,19.4,7.6,12.9,0.0,False,11.799999999999999,Frío,True,2009,3
2009-03-26,85.0,22.1,5.7,13.8,0.0,False,16.400000000000002,Templado,True,2009,3
2009-03-27,86.0,23.4,8.3,15.5,0.0,False,15.099999999999998,Templado,True,2009,3
2009-03-28,87.0,21.7,7.3,14.8,0.0,False,14.399999999999999,Templado,True,2009,3
2009-03-29,88.0,16.2,4.5,11.2,1.8,False,11.7,Frío,False,2009,3
2009-03-30,89.0,11.6,1.4,6.5,3.6,False,10.2,Frío,False,2009,3
2009-03-31,90.0,13.5,3.9,7.6,7.2,False,9.6,Frío,False,2009,3
2009-04-01,91.0,17.9,1.5,9.4,0.2,False,16.4,Frío,False,2009,4
2009-04-02,92.0,18.6,5.9,12.7,0.0,False,12.700000000000001,Frío,True,2009,4
2009-04-03,93.0,17.1,8.0,11.8,0.0,False,9.100000000000001,Frío,True,2009,4
2009-04-04,94.0,19.8,7.2,12.7,0.0,False,12.600000000000001,Frío,True,2009,4
2009-04-05,95.0,22.9,5.1,13.4,0.0,False,17.799999999999997,Templado,True,2009,4
2009-04-06,96.0,25.1,6.5,15.4,0.0,False,18.6,Templado,True,2009,4
2009-04-07,97.0,21.0,6.4,14.1,0.2,False,14.6,Templado,False,2009,4
2009-04-08,98.0,20.1,4.7,13.0,0.0,False,15.400000000000002,Templado,True,2009,4
2009-04-09,99.0,18.0,5.9,11.8,0.0,False,12.1,Frío,True,2009,4
2009-04-10,100.0,18.4,3.3,11.5,0.0,False,15.099999999999998,Frío,True,2009,4
2009-04-11,101.0,15.6,7.3,11.4,0.0,False,8.3,Frío,True,2009,4
2009-04-12,102.0,18.4,4.9,12.3,0.0,False,13.499999999999998,Frío,True,2009,4
2009-04-13,103.0,20.0,2.5,11.7,0.0,False,17.5,Frío,True,2009,4
2009-04-14,104.0,22.3,4.2,14.4,0.0,False,18.1,Templado,True,2009,4
2009-04-15,105.0,17.1,5.7,12.5,0.2,False,11.400000000000002,Frío,False,2009,4
2009-04-16,106.0,19.0,2.0,11.8,0.0,False,17.0,Frío,True,2009,4
2009-04-17,107.0,18.0,6.0,12.2,0.0,False,12.0,Frío,True,2009,4
2009-04-18,108.0,17.8,8.1,12.8,5.4,False,9.700000000000001,Frío,False,2009,4
2009-04-19,109.0,15.9,4.8,10.0,5.2,False,11.100000000000001,Frío,False,2009,4
2009-04-20,110.0,21.1,2.4,12.3,2.2,False,18.700000000000003,Templado,False,2009,4
2009-04-21,111.0,22.6,6.0,14.7,0.0,False,16.6,Templado,True,2009,4
2009-04-22,112.0,22.7,5.8,14.2,0.0,False,16.9,Templado,True,2009,4
2009-04-23,113.0,24.7,6.1,15.9,0.0,False,18.6,Templado,True,2009,4
2009-04-24,114.0,27.3,7.4,17.9,0.0,False,19.9,Templado,True,2009,4
2009-04-25,115.0,26.2,10.2,17.8,0.2,False,16.0,Templado,False,2009,4
2009-04-26,116.0,16.3,5.9,11.2,8.0,False,10.4,Frío,False,2009,4
2009-04-27,117.0,20.1,4.2,13.1,0.0,False,15.900000000000002,Templado,True,2009,4
2009-04-28,118.0,22.8,6.7,15.2,0.0,False,16.1,Templado,True,2009,4
2009-04-29,119.0,23.8,7.3,15.8,0.0,False,16.5,Templado,True,2009,4
2009-04-30,120.0,25.8,8.0,17.5,0.0,False,17.8,Templado,True,2009,4
2009-05-01,121.0,20.5,5.3,12.4,2.0,False,15.2,Templado,False,2009,5
2009-05-02,122.0,19.6,3.7,12.5,0.0,False,15.900000000000002,Frío,True,2009,5
2009-05-03,123.0,20.9,5.2,14.1,0.0,False,15.7,Templado,True,2009,5
2009-05-04,124.0,22.1,5.3,14.9,0.0,False,16.8,Templado,True,2009,5
2009-05-05,125.0,24.4,7.9,16.3,0.0,False,16.5,Templado,True,2009,5
2009-05-06,126.0,25.0,8.0,16.4,0.0,False,17.0,Templado,True,2009,5
2009-05-07,127.0,26.4,8.1,17.7,0.0,False,18.299999999999997,Templado,True,2009,5
2009-05-08,128.0,24.6,7.9,17.8,0.0,False,16.700000000000003,Templado,True,2009,5
2009-05-09,129.0,23.3,10.9,17.0,1.0,False,12.4,Templado,False,2009,5
2009-05-10,130.0,26.5,11.4,18.7,0.2,False,15.1,Templado,False,2009,5
2009-05-11,131.0,28.4,12.2,19.9,0.0,False,16.2,Templado,True,2009,5
2009-05-12,132.0,28.6,11.5,19.7,0.0,False,17.1,Templado,True,2009,5
2009-05-13,133.0,24.9,12.8,17.9,0.0,False,12.099999999999998,Templado,True,2009,5
2009-05-14,134.0,25.4,11.3,18.9,0.0,False,14.099999999999998,Templado,True,2009,5
2009-05-15,135.0,23.6,9.9,17.4,0.0,False,13.700000000000001,Templado,True,2009,5
2009-05-16,136.0,27.3,8.5,19.1,0.0,False,18.8,Templado,True,2009,5
2009-05-17,137.0,29.1,8.9,19.7,0.0,False,20.200000000000003,Templado,True,2009,5
2009-05-18,138.0,27.9,11.1,20.0,0.0,False,16.799999999999997,Templado,True,2009,5
2009-05-19,139.0,26.0,10.4,18.4,0.0,False,15.6,Templado,True,2009,5
2009-05-20,140.0,30.4,14.6,22.3,0.0,False,15.799999999999999,Caluroso,True,2009,5
2009-05-21,141.0,33.3,16.6,23.9,0.0,False,16.699999999999996,Caluroso,True,2009,5
2009-05-22,142.0,29.3,16.1,21.7,0.0,False,13.2,Templado,True,2009,5
2009-05-23,143.0,28.2,13.8,22.1,0.0,False,14.399999999999999,Templado,True,2009,5
2009-05-24,144.0,27.0,12.2,20.3,0.0,False,14.8,Templado,True,2009,5
2009-05-25,145.0,26.7,10.3,19.2,0.0,False,16.4,Templado,True,2009,5
2009-05-26,146.0,27.7,12.2,20.3,0.0,False,15.5,Templado,True,2009,5
2009-05-27,147.0,23.1,14.1,18.5,0.0,False,9.000000000000002,Templado,True,2009,5
2009-05-28,148.0,24.6,13.6,18.9,0.0,False,11.000000000000002,Templado,True,2009,5
2009-05-29,149.0,25.6,13.4,20.0,0.0,False,12.200000000000001,Templado,True,2009,5
2009-05-30,150.0,29.1,13.3,21.6,0.0,False,15.8,Templado,True,2009,5
2009-05-31,151.0,29.1,13.7,21.9,0.0,False,15.400000000000002,Templado,True,2009,5
2009-06-01,152.0,34.5,11.8,24.2,0.0,False,22.7,Caluroso,True,2009,6
2009-06-02,153.0,32.3,14.8,23.2,0.0,False,17.499999999999996,Caluroso,True,2009,6
2009-06-03,154.0,30.8,14.5,22.1,0.0,False,16.3,Caluroso,True,2009,6
2009-06-04,155.0,33.3,11.8,23.8,0.0,False,21.499999999999996,Caluroso,True,2009,6
2009-06-05,156.0,29.1,17.8,23.6,0.0,False,11.3,Templado,True,2009,6
2009-06-06,157.0,26.9,13.4,20.9,0.0,False,13.499999999999998,Templado,True,2009,6
2009-06-07,158.0,26.3,10.6,19.0,0.0,False,15.700000000000001,Templado,True,2009,6
2009-06-08,159.0,28.6,9.3,21.0,0.0,False,19.3,Templado,True,2009,6
2009-06-09,160.0,27.7,12.6,21.0,0.0,False,15.1,Templado,True,2009,6
2009-06-10,161.0,31.2,13.6,22.9,0.0,False,17.6,Caluroso,True,2009,6
2009-06-11,162.0,33.6,14.1,25.3,0.0,False,19.5,Caluroso,True,2009,6
2009-06-12,163.0,32.0,16.5,24.5,0.0,False,15.5,Caluroso,True,2009,6
2009-06-13,164.0,34.9,17.4,27.0,0.0,False,17.5,Caluroso,True,2009,6
2009-06-14,165.0,35.8,20.4,28.4,0.0,True,15.399999999999999,Caluroso,True,2009,6
2009-06-15,166.0,34.4,18.8,27.0,0.4,False,15.599999999999998,Caluroso,False,2009,6
2009-06-16,167.0,29.1,18.6,24.0,0.0,False,10.5,Templado,True,2009,6
2009-06-17,168.0,30.6,16.9,24.0,0.0,False,13.700000000000003,Caluroso,True,2009,6
2009-06-18,169.0,31.2,20.3,25.9,0.0,False,10.899999999999999,Caluroso,True,2009,6
2009-06-19,170.0,37.7,18.3,28.2,0.0,True,19.400000000000002,Caluroso,True,2009,6
2009-06-20,171.0,32.4,18.4,24.5,0.2,False,14.0,Caluroso,False,2009,6
2009-06-21,172.0,29.0,17.9,22.9,0.0,False,11.100000000000001,Templado,True,2009,6
2009-06-22,173.0,29.2,18.7,23.5,0.0,False,10.5,Templado,True,2009,6
2009-06-23,174.0,35.9,11.3,24.1,0.0,True,24.599999999999998,Caluroso,True,2009,6
2009-06-24,175.0,33.3,11.4,23.3,0.0,False,21.9,Caluroso,True,2009,6
2009-06-25,176.0,34.2,16.9,26.8,0.0,False,17.300000000000004,Caluroso,True,2009,6
2009-06-26,177.0,31.6,16.9,24.2,0.0,False,14.700000000000003,Caluroso,True,2009,6
2009-06-27,178.0,32.1,15.0,24.5,0.0,False,17.1,Caluroso,True,2009,6
2009-06-28,179.0,34.2,13.6,24.7,0.0,False,20.6,Caluroso,True,2009,6
2009-06-29,180.0,35.5,15.7,26.2,0.0,True,19.8,Caluroso,True,2009,6
2009-06-30,181.0,34.6,16.9,26.7,0.0,False,17.700000000000003,Caluroso,True,2009,6
2009-07-01,182.0,35.8,17.5,27.3,0.0,True,18.299999999999997,Caluroso,True,2009,7
2009-07-02,183.0,38.0,18.3,28.2,0.0,True,19.7,Caluroso,True,2009,7
2009-07-03,184.0,35.9,18.8,28.3,0.0,True,17.099999999999998,Caluroso,True,2009,7
2009-07-04,185.0,37.5,18.6,29.2,0.0,True,18.9,Caluroso,True,2009,7
2009-07-05,186.0,35.7,17.1,27.9,0.0,True,18.6,Caluroso,True,2009,7
2009-07-06,187.0,35.6,19.4,28.0,0.0,True,16.200000000000003,Caluroso,True,2009,7
2009-07-07,188.0,33.1,18.1,26.0,0.0,False,15.0,Caluroso,True,2009,7
2009-07-08,189.0,30.6,16.7,24.5,0.0,False,13.900000000000002,Caluroso,True,2009,7
2009-07-09,190.0,30.5,16.3,23.9,0.0,False,14.2,Caluroso,True,2009,7
2009-07-10,191.0,31.4,13.1,23.4,0.0,False,18.299999999999997,Caluroso,True,2009,7
2009-07-11,192.0,31.0,10.8,23.3,0.0,False,20.2,Caluroso,True,2009,7
2009-07-12,193.0,34.7,13.9,25.8,0.0,False,20.800000000000004,Caluroso,True,2009,7
2009-07-13,194.0,35.7,17.5,27.2,0.0,True,18.200000000000003,Caluroso,True,2009,7
2009-07-14,195.0,34.2,17.5,25.3,0.0,False,16.700000000000003,Caluroso,True,2009,7
2009-07-15,196.0,35.4,17.4,26.8,0.0,True,18.0,Caluroso,True,2009,7
2009-07-16,197.0,33.8,14.6,25.1,0.0,False,19.199999999999996,Caluroso,True,2009,7
2009-07-17,198.0,37.6,17.1,28.1,0.0,True,20.5,Caluroso,True,2009,7
2009-07-18,199.0,28.4,17.3,23.2,0.0,False,11.099999999999998,Templado,True,2009,7
2009-07-19,200.0,28.5,14.9,21.6,0.0,False,13.6,Templado,True,2009,7
2009-07-20,201.0,32.5,9.2,22.6,0.0,False,23.3,Caluroso,True,2009,7
2009-07-21,202.0,38.0,15.1,26.6,0.0,True,22.9,Caluroso,True,2009,7
2009-07-22,203.0,41.3,20.3,31.0,0.0,True,20.999999999999996,Extremo,True,2009,7
2009-07-23,204.0,40.6,20.0,30.6,0.0,True,20.6,Extremo,True,2009,7
2009-07-24,205.0,42.6,20.1,31.4,0.0,True,22.5,Extremo,True,2009,7
2009-07-25,206.0,32.4,18.6,25.8,0.0,False,13.799999999999997,Caluroso,True,2009,7
2009-07-26,207.0,34.0,15.6,24.7,0.0,False,18.4,Caluroso,True,2009,7
2009-07-27,208.0,36.7,20.2,27.1,0.0,True,16.500000000000004,Caluroso,True,2009,7
2009-07-28,209.0,34.3,17.6,25.3,0.0,False,16.699999999999996,Caluroso,True,2009,7
2009-07-29,210.0,38.7,13.1,26.0,0.0,True,25.6,Caluroso,True,2009,7
2009-07-30,211.0,36.4,18.0,26.3,0.0,True,18.4,Caluroso,True,2009,7
2009-07-31,212.0,33.0,13.8,23.4,0.0,False,19.2,Caluroso,True,2009,7
2009-08-01,213.0,35.5,10.8,24.3,0.0,True,24.7,Caluroso,True,2009,8
2009-08-02,214.0,32.7,17.4,25.5,0.0,False,15.300000000000004,Caluroso,True,2009,8
2009-08-03,215.0,31.6,16.0,24.4,0.0,False,15.600000000000001,Caluroso,True,2009,8
2009-08-04,216.0,32.1,15.1,23.5,0.0,False,17.0,Caluroso,True,2009,8
2009-08-05,217.0,34.4,15.6,25.7,0.0,False,18.799999999999997,Caluroso,True,2009,8
2009-08-06,218.0,35.3,16.6,26.1,0.0,True,18.699999999999996,Caluroso,True,2009,8
2009-08-07,219.0,33.3,16.3,25.6,0.0,False,16.999999999999996,Caluroso,True,2009,8
2009-08-08,220.0,29.4,16.4,23.2,0.0,False,13.0,Templado,True,2009,8
2009-08-09,221.0,31.5,15.6,23.4,0.0,False,15.9,Caluroso,True,2009,8
2009-08-10,222.0,29.4,17.6,23.8,0.0,False,11.799999999999997,Templado,True,2009,8
2009-08-11,223.0,32.1,20.0,24.8,2.4,False,12.100000000000001,Caluroso,False,2009,8
2009-08-12,224.0,31.2,16.6,24.4,0.0,False,14.599999999999998,Caluroso,True,2009,8
2009-08-13,225.0,30.7,16.5,24.1,0.0,False,14.2,Caluroso,True,2009,8
2009-08-14,226.0,30.7,16.8,24.6,0.0,False,13.899999999999999,Caluroso,True,2009,8
2009-08-15,227.0,30.9,15.6,24.7,0.0,False,15.299999999999999,Caluroso,True,2009,8
2009-08-16,228.0,31.6,17.2,24.6,0.0,False,14.400000000000002,Caluroso,True,2009,8
2009-08-17,229.0,33.1,17.3,25.2,0.0,False,15.8,Caluroso,True,2009,8
2009-08-18,230.0,32.9,18.5,25.3,0.0,False,14.399999999999999,Caluroso,True,2009,8
2009-08-19,231.0,33.9,17.5,25.6,0.0,False,16.4,Caluroso,True,2009,8
2009-08-20,232.0,33.3,16.3,25.6,0.0,False,16.999999999999996,Caluroso,True,2009,8
2009-08-21,233.0,33.8,16.3,25.3,0.0,False,17.499999999999996,Caluroso,True,2009,8
2009-08-22,234.0,33.8,17.7,25.8,0.0,False,16.099999999999998,Caluroso,True,2009,8
2009-08-23,235.0,32.9,18.3,25.4,0.0,False,14.599999999999998,Caluroso,True,2009,8
2009-08-24,236.0,35.2,15.9,25.5,0.0,True,19.300000000000004,Caluroso,True,2009,8
2009-08-25,237.0,33.3,15.3,25.5,0.0,False,17.999999999999996,Caluroso,True,2009,8
2009-08-26,238.0,30.4,18.3,24.6,0.0,False,12.099999999999998,Caluroso,True,2009,8
2009-08-27,239.0,31.2,14.9,24.2,0.0,False,16.299999999999997,Caluroso,True,2009,8
2009-08-28,240.0,31.9,16.1,24.8,0.0,False,15.799999999999997,Caluroso,True,2009,8
2009-08-29,241.0,30.3,16.0,23.6,0.0,False,14.3,Caluroso,True,2009,8
2009-08-30,242.0,32.3,13.5,23.9,0.0,False,18.799999999999997,Caluroso,True,2009,8
2009-08-31,243.0,32.7,18.0,24.5,0.0,False,14.700000000000003,Caluroso,True,2009,8
2009-09-01,244.0,32.4,15.3,24.3,0.0,False,17.099999999999998,Caluroso,True,2009,9
2009-09-02,245.0,32.9,14.0,24.0,0.0,False,18.9,Caluroso,True,2009,9
2009-09-03,246.0,35.3,16.9,25.9,0.0,True,18.4,Caluroso,True,2009,9
2009-09-04,247.0,36.0,18.3,27.1,0.0,True,17.7,Caluroso,True,2009,9
2009-09-05,248.0,29.7,18.7,23.7,0.0,False,11.0,Templado,True,2009,9
2009-09-06,249.0,27.7,19.0,22.8,0.0,False,8.7,Templado,True,2009,9
2009-09-07,250.0,27.7,16.0,22.3,0.0,False,11.7,Templado,True,2009,9
2009-09-08,251.0,27.2,19.2,22.3,0.0,False,8.0,Templado,True,2009,9
2009-09-09,252.0,27.5,14.0,20.7,0.0,False,13.5,Templado,True,2009,9
2009-09-10,253.0,26.7,11.9,19.6,0.0,False,14.799999999999999,Templado,True,2009,9
2009-09-11,254.0,25.4,11.9,19.2,0.0,False,13.499999999999998,Templado,True,2009,9
2009-09-12,255.0,27.1,11.7,20.2,0.0,False,15.400000000000002,Templado,True,2009,9
2009-09-13,256.0,26.3,14.4,19.3,0.0,False,11.9,Templado,True,2009,9
2009-09-14,257.0,27.5,13.1,19.7,0.4,False,14.4,Templado,False,2009,9
2009-09-15,258.0,24.1,11.0,15.8,4.4,False,13.100000000000001,Templado,False,2009,9
2009-09-16,259.0,25.7,7.4,16.8,1.6,False,18.299999999999997,Templado,False,2009,9
2009-09-17,260.0,23.6,8.2,16.2,0.0,False,15.400000000000002,Templado,True,2009,9
2009-09-18,261.0,25.3,7.2,17.7,0.0,False,18.1,Templado,True,2009,9
2009-09-19,262.0,25.5,12.1,19.0,0.0,False,13.4,Templado,True,2009,9
2009-09-20,263.0,24.4,12.0,18.2,0.0,False,12.399999999999999,Templado,True,2009,9
2009-09-21,264.0,25.3,9.4,16.3,6.6,False,15.9,Templado,False,2009,9
2009-09-22,265.0,23.9,6.8,16.4,0.2,False,17.099999999999998,Templado,False,2009,9
2009-09-23,266.0,23.1,16.6,19.9,0.0,False,6.5,Templado,True,2009,9
2009-09-24,267.0,25.5,9.2,18.1,0.0,False,16.3,Templado,True,2009,9
2009-09-25,268.0,27.1,11.0,19.1,0.0,False,16.1,Templado,True,2009,9
2009-09-26,269.0,22.1,12.0,18.2,0.4,False,10.100000000000001,Templado,False,2009,9
2009-09-27,270.0,18.4,12.9,16.1,22.0,False,5.499999999999998,Frío,False,2009,9
2009-09-28,271.0,21.0,12.9,16.3,2.6,False,8.1,Templado,False,2009,9
2009-09-29,272.0,23.0,10.2,16.0,0.4,False,12.8,Templado,False,2009,9
2009-09-30,273.0,23.5,9.4,14.4,0.6,False,14.1,Templado,False,2009,9
2009-10-01,274.0,25.8,7.6,16.6,0.2,False,18.200000000000003,Templado,False,2009,10
2009-10-02,275.0,28.5,12.3,19.8,0.0,False,16.2,Templado,True,2009,10
2009-10-03,276.0,28.0,13.2,20.0,0.0,False,14.8,Templado,True,2009,10
2009-10-04,277.0,29.6,11.6,20.1,0.0,False,18.0,Templado,True,2009,10
2009-10-05,278.0,30.6,11.1,20.7,0.0,False,19.5,Caluroso,True,2009,10
2009-10-06,279.0,31.0,12.9,21.8,0.0,False,18.1,Caluroso,True,2009,10
2009-10-07,280.0,31.4,14.0,21.4,0.0,False,17.4,Caluroso,True,2009,10
2009-10-08,281.0,28.1,12.7,20.3,0.0,False,15.400000000000002,Templado,True,2009,10
2009-10-09,282.0,27.7,11.7,19.8,0.0,False,16.0,Templado,True,2009,10
2009-10-10,283.0,27.3,12.2,19.2,0.0,False,15.100000000000001,Templado,True,2009,10
2009-10-11,284.0,24.5,11.4,17.4,0.0,False,13.1,Templado,True,2009,10
2009-10-12,285.0,26.9,8.9,17.3,0.2,False,18.0,Templado,False,2009,10
2009-10-13,286.0,23.6,10.4,15.6,0.8,False,13.200000000000001,Templado,False,2009,10
2009-10-14,287.0,24.0,8.2,15.6,0.0,False,15.8,Templado,True,2009,10
2009-10-15,288.0,24.9,8.1,15.6,0.0,False,16.799999999999997,Templado,True,2009,10
2009-10-16,289.0,21.5,9.4,15.3,0.0,False,12.1,Templado,True,2009,10
2009-10-17,290.0,23.7,10.0,16.3,0.0,False,13.7,Templado,True,2009,10
2009-10-18,291.0,24.5,6.5,15.5,0.0,False,18.0,Templado,True,2009,10
2009-10-19,292.0,20.1,7.8,14.7,0.2,False,12.3,Templado,False,2009,10
2009-10-20,293.0,19.8,7.1,14.0,0.0,False,12.700000000000001,Frío,True,2009,10
2009-10-21,294.0,20.5,11.7,16.1,1.2,False,8.8,Templado,False,2009,10
2009-10-22,295.0,23.5,10.6,17.2,0.0,False,12.9,Templado,True,2009,10
2009-10-23,296.0,23.3,10.3,16.7,0.0,False,13.0,Templado,True,2009,10
2009-10-24,297.0,29.5,10.2,18.6,0.0,False,19.3,Templado,True,2009,10
2009-10-25,298.0,28.7,9.5,18.7,0.0,False,19.2,Templado,True,2009,10
2009-10-26,299.0,25.2,10.4,16.9,0.0,False,14.799999999999999,Templado,True,2009,10
2009-10-27,300.0,25.0,9.3,16.4,0.0,False,15.7,Templado,True,2009,10
2009-10-28,301.0,22.4,9.1,15.0,0.2,False,13.299999999999999,Templado,False,2009,10
2009-10-29,302.0,25.7,10.4,16.7,0.0,False,15.299999999999999,Templado,True,2009,10
2009-10-30,303.0,30.5,12.5,20.2,0.0,False,18.0,Caluroso,True,2009,10
2009-10-31,304.0,28.5,11.7,18.8,0.0,False,16.8,Templado,True,2009,10
2009-11-01,305.0,22.2,9.4,13.7,0.2,False,12.799999999999999,Templado,False,2009,11
2009-11-02,306.0,27.5,6.1,16.7,0.0,False,21.4,Templado,True,2009,11
2009-11-03,307.0,26.4,8.6,16.8,0.0,False,17.799999999999997,Templado,True,2009,11
2009-11-04,308.0,27.6,12.8,20.6,0.0,False,14.8,Templado,True,2009,11
2009-11-05,309.0,21.0,11.8,15.7,0.0,False,9.2,Templado,True,2009,11
2009-11-06,310.0,19.7,10.2,14.3,0.0,False,9.5,Frío,True,2009,11
2009-11-07,311.0,26.0,8.4,17.2,0.0,False,17.6,Templado,True,2009,11
2009-11-08,312.0,18.1,9.9,14.5,0.0,False,8.200000000000001,Frío,True,2009,11
2009-11-09,313.0,17.7,10.8,14.1,0.0,False,6.899999999999999,Frío,True,2009,11
2009-11-10,314.0,19.8,5.1,12.4,0.0,False,14.700000000000001,Frío,True,2009,11
2009-11-11,315.0,23.8,5.3,13.4,0.0,False,18.5,Templado,True,2009,11
2009-11-12,316.0,23.1,6.5,13.6,0.0,False,16.6,Templado,True,2009,11
2009-11-13,317.0,24.7,4.6,13.0,0.0,False,20.1,Templado,True,2009,11
2009-11-14,318.0,27.2,8.4,16.5,0.0,False,18.799999999999997,Templado,True,2009,11
2009-11-15,319.0,27.6,10.3,19.8,0.0,False,17.3,Templado,True,2009,11
2009-11-16,320.0,28.0,9.9,18.7,0.0,False,18.1,Templado,True,2009,11
2009-11-17,321.0,26.8,10.3,16.8,0.0,False,16.5,Templado,True,2009,11
2009-11-18,322.0,22.4,8.6,15.2,0.0,False,13.799999999999999,Templado,True,2009,11
2009-11-19,323.0,20.2,5.7,12.0,1.2,False,14.5,Templado,False,2009,11
2009-11-20,324.0,19.9,5.3,12.8,0.0,False,14.599999999999998,Frío,True,2009,11
2009-11-21,325.0,19.1,4.1,11.8,0.2,False,15.000000000000002,Frío,False,2009,11
2009-11-22,326.0,23.0,6.1,13.9,0.0,False,16.9,Templado,True,2009,11
2009-11-23,327.0,20.2,3.3,10.3,0.2,False,16.9,Templado,False,2009,11
2009-11-24,328.0,19.9,2.4,9.8,0.0,False,17.5,Frío,True,2009,11
2009-11-25,329.0,20.4,0.4,10.2,0.0,False,20.0,Templado,True,2009,11
2009-11-26,330.0,18.7,7.8,13.2,1.0,False,10.899999999999999,Frío,False,2009,11
2009-11-27,331.0,19.2,5.7,11.0,0.0,False,13.5,Frío,True,2009,11
2009-11-28,332.0,17.3,3.7,10.2,0.0,False,13.600000000000001,Frío,True,2009,11
2009-11-29,333.0,14.0,2.7,8.3,4.2,False,11.3,Frío,False,2009,11
2009-11-30,334.0,14.0,6.7,9.4,0.0,False,7.3,Frío,True,2009,11
2009-12-01,335.0,16.3,2.1,9.9,0.0,False,14.200000000000001,Frío,True,2009,12
2009-12-02,336.0,18.9,4.3,10.6,0.0,False,14.599999999999998,Frío,True,2009,12
2009-12-03,337.0,17.1,3.7,12.4,0.0,False,13.400000000000002,Frío,True,2009,12
2009-12-04,338.0,17.9,1.8,8.7,0.0,False,16.099999999999998,Frío,True,2009,12
2009-12-05,339.0,19.9,1.8,8.9,0.0,False,18.099999999999998,Frío,True,2009,12
2009-12-06,340.0,18.0,0.6,7.9,0.0,False,17.4,Frío,True,2009,12
2009-12-07,341.0,18.4,0.8,8.8,0.0,False,17.599999999999998,Frío,True,2009,12
2009-12-08,342.0,20.6,4.0,11.3,0.0,False,16.6,Templado,True,2009,12
2009-12-09,343.0,18.5,3.4,9.8,0.0,False,15.1,Frío,True,2009,12
2009-12-10,344.0,16.6,4.1,9.5,0.0,False,12.500000000000002,Frío,True,2009,12
2009-12-11,345.0,17.7,1.2,8.1,0.2,False,16.5,Frío,False,2009,12
2009-12-12,346.0,18.6,0.6,8.4,0.2,False,18.0,Frío,False,2009,12
2009-12-13,347.0,13.3,3.0,8.2,0.0,False,10.3,Frío,True,2009,12
2009-12-14,348.0,11.3,4.5,6.8,1.0,False,6.800000000000001,Frío,False,2009,12
2009-12-15,349.0,12.4,-2.3,5.0,0.0,False,14.7,Frío,True,2009,12
2009-12-16,350.0,14.9,-1.6,6.4,0.0,False,16.5,Frío,True,2009,12
2009-12-17,351.0,19.4,5.9,14.1,0.0,False,13.499999999999998,Frío,True,2009,12
2009-12-18,352.0,14.4,3.4,8.3,2.0,False,11.0,Frío,False,2009,12
2009-12-19,353.0,7.7,0.5,3.5,26.6,False,7.2,Muy frío,False,2009,12
2009-12-20,354.0,9.3,-3.2,3.3,0.0,False,12.5,Muy frío,True,2009,12
2009-12-21,355.0,12.5,3.8,8.5,3.6,False,8.7,Frío,False,2009,12
2009-12-22,356.0,15.9,11.2,13.9,3.0,False,4.700000000000001,Frío,False,2009,12
2009-12-23,357.0,18.8,8.9,12.7,19.4,False,9.9,Frío,False,2009,12
2009-12-24,358.0,17.1,12.9,15.0,15.6,False,4.200000000000001,Frío,False,2009,12
2009-12-25,359.0,18.9,7.3,12.8,23.0,False,11.599999999999998,Frío,False,2009,12
2009-12-26,360.0,14.4,6.3,10.1,8.8,False,8.100000000000001,Frío,False,2009,12
2009-12-27,361.0,15.0,2.2,8.7,0.0,False,12.8,Frío,True,2009,12
2009-12-28,362.0,16.9,1.8,8.4,0.2,False,15.099999999999998,Frío,False,2009,12
2009-12-29,363.0,22.6,8.9,16.2,0.0,False,13.700000000000001,Templado,True,2009,12
2009-12-30,364.0,20.8,13.3,17.0,0.0,False,7.5,Templado,True,2009,12
2009-12-31,365.0,14.2,8.9,11.3,5.0,False,5.299999999999999,Frío,False,2009,12
2010-01-01,1.0,13.9,6.2,10.9,0.0,False,7.7,Frío,True,2010,1
2010-01-02,2.0,16.8,3.0,8.4,0.0,False,13.8,Frío,True,2010,1
2010-01-03,3.0,14.4,2.6,7.9,0.0,False,11.8,Frío,True,2010,1
2010-01-04,4.0,15.6,3.7,9.8,1.8,False,11.899999999999999,Frío,False,2010,1
2010-01-05,5.0,16.8,5.9,11.0,3.8,False,10.9,Frío,False,2010,1
2010-01-06,6.0,14.9,4.7,10.0,0.2,False,10.2,Frío,False,2010,1
2010-01-07,7.0,11.6,5.5,7.4,23.2,False,6.1,Frío,False,2010,1
2010-01-08,8.0,6.3,2.0,4.0,0.0,False,4.3,Muy frío,True,2010,1
2010-01-09,9.0,7.6,-2.5,3.0,0.0,False,10.1,Muy frío,True,2010,1
2010-01-10,10.0,8.1,-4.6,1.0,1.8,False,12.7,Muy frío,False,2010,1
2010-01-11,11.0,15.3,-0.6,7.3,0.2,False,15.9,Frío,False,2010,1
2010-01-12,12.0,14.5,2.8,9.7,0.0,False,11.7,Frío,True,2010,1
2010-01-13,13.0,14.9,8.2,11.3,1.4,False,6.700000000000001,Frío,False,2010,1
2010-01-14,14.0,16.4,7.1,12.9,0.2,False,9.299999999999999,Frío,False,2010,1
2010-01-15,15.0,16.7,3.6,10.2,0.0,False,13.1,Frío,True,2010,1
2010-01-16,16.0,18.8,3.7,9.0,0.0,False,15.100000000000001,Frío,True,2010,1
2010-01-17,17.0,17.1,4.8,10.4,0.0,False,12.3,Frío,True,2010,1
2010-01-18,18.0,17.9,2.7,9.4,0.0,False,15.2,Frío,True,2010,1
2010-01-19,19.0,16.6,2.7,8.3,0.2,False,13.900000000000002,Frío,False,2010,1
2010-01-20,20.0,17.9,5.6,11.8,0.0,False,12.299999999999999,Frío,True,2010,1
2010-01-21,21.0,15.1,1.7,8.0,0.0,False,13.4,Frío,True,2010,1
2010-01-22,22.0,16.2,2.4,8.3,0.2,False,13.799999999999999,Frío,False,2010,1
2010-01-23,23.0,11.2,4.9,7.8,2.6,False,6.299999999999999,Frío,False,2010,1
2010-01-24,24.0,12.5,4.8,8.2,1.4,False,7.7,Frío,False,2010,1
2010-01-25,25.0,10.5,6.1,8.8,0.2,False,4.4,Frío,False,2010,1
2010-01-26,26.0,7.9,3.6,5.9,55.2,False,4.300000000000001,Muy frío,False,2010,1
2010-01-27,27.0,6.7,2.3,4.9,2.0,False,4.4,Muy frío,False,2010,1
2010-01-28,28.0,13.1,-1.4,5.7,0.0,False,14.5,Frío,True,2010,1
2010-01-29,29.0,14.7,-1.0,6.4,0.0,False,15.7,Frío,True,2010,1
2010-01-30,30.0,14.7,0.5,7.5,0.0,False,14.2,Frío,True,2010,1
2010-01-31,31.0,14.3,0.3,6.7,0.0,False,14.0,Frío,True,2010,1
2010-02-01,32.0,13.4,-1.6,5.8,0.2,False,15.0,Frío,False,2010,2
2010-02-02,33.0,11.5,1.8,6.8,0.4,False,9.7,Frío,False,2010,2
2010-02-03,34.0,12.3,0.6,6.2,0.0,False,11.700000000000001,Frío,True,2010,2
2010-02-04,35.0,20.3,6.1,10.4,2.8,False,14.200000000000001,Templado,False,2010,2
2010-02-05,36.0,33.0,3.9,14.3,0.0,False,29.1,Caluroso,True,2010,2
2010-02-06,37.0,38.7,2.8,14.4,0.0,True,35.900000000000006,Caluroso,True,2010,2
2010-02-07,38.0,28.9,2.0,11.2,0.0,False,26.9,Templado,True,2010,2
2010-02-08,39.0,19.1,6.3,10.2,2.2,False,12.8,Frío,False,2010,2
2010-02-09,40.0,32.9,5.3,12.6,0.6,False,27.599999999999998,Caluroso,False,2010,2
2010-02-10,41.0,22.8,4.9,11.4,0.4,False,17.9,Templado,False,2010,2
2010-02-11,42.0,28.4,-0.7,9.6,0.2,False,29.099999999999998,Templado,False,2010,2
2010-02-12,43.0,30.1,-0.3,7.8,4.4,False,30.400000000000002,Caluroso,False,2010,2
2010-02-13,44.0,4.3,-0.3,1.6,8.0,False,4.6,Muy frío,False,2010,2
2010-02-14,45.0,13.5,-0.5,5.3,0.0,False,14.0,Frío,True,2010,2
2010-02-15,46.0,5.9,2.3,4.0,6.4,False,3.6000000000000005,Muy frío,False,2010,2
2010-02-16,47.0,19.2,0.0,-14.9,3.6,False,19.2,Frío,False,2010,2
2010-02-17,48.0,10.3,0.0,0.0,8.4,False,10.3,Frío,False,2010,2
2010-02-18,49.0,11.7,1.7,6.3,11.0,False,10.0,Frío,False,2010,2
2010-02-19,50.0,24.2,2.5,9.2,5.0,False,21.7,Templado,False,2010,2
2010-02-20,51.0,28.6,-0.2,11.0,0.0,False,28.8,Templado,True,2010,2
2010-02-21,52.0,22.4,3.5,9.0,0.8,False,18.9,Templado,False,2010,2
2010-02-22,53.0,27.1,5.2,14.2,0.0,False,21.900000000000002,Templado,True,2010,2
2010-02-23,54.0,34.0,9.5,17.2,5.6,False,24.5,Caluroso,False,2010,2
2010-02-24,55.0,29.2,6.5,16.8,0.0,False,22.7,Templado,True,2010,2
2010-02-25,56.0,34.6,2.0,15.2,0.0,False,32.6,Caluroso,True,2010,2
2010-02-26,57.0,40.1,6.5,17.4,0.0,True,33.6,Extremo,True,2010,2
2010-02-27,58.0,34.8,7.7,19.7,0.0,False,27.099999999999998,Caluroso,True,2010,2
2010-02-28,59.0,22.9,6.3,15.1,0.0,False,16.599999999999998,Templado,True,2010,2
2010-03-01,60.0,0.0,6.1,15.9,0.0,False,-6.1,Muy frío,True,2010,3
2010-03-02,61.0,14.0,6.0,9.0,19.4,False,8.0,Frío,False,2010,3
2010-03-03,62.0,35.0,5.4,15.2,8.2,False,29.6,Caluroso,False,2010,3
2010-03-04,63.0,19.6,0.0,14.9,1.0,False,19.6,Frío,False,2010,3
2010-03-05,64.0,14.6,7.7,10.5,0.0,False,6.8999999999999995,Frío,True,2010,3
2010-03-06,65.0,8.7,6.5,7.8,2.6,False,2.1999999999999993,Muy frío,False,2010,3
2010-03-07,66.0,12.4,6.5,9.0,0.2,False,5.9,Frío,False,2010,3
2010-03-08,67.0,16.0,4.3,10.7,4.4,False,11.7,Frío,False,2010,3
2010-03-09,68.0,12.7,0.7,5.7,6.0,False,12.0,Frío,False,2010,3
2010-03-10,69.0,12.7,-0.6,5.9,0.0,False,13.299999999999999,Frío,True,2010,3
2010-03-11,70.0,11.9,0.3,6.9,0.8,False,11.6,Frío,False,2010,3
2010-03-12,71.0,10.8,6.4,7.6,7.0,False,4.4,Frío,False,2010,3
2010-03-13,72.0,9.2,3.9,6.7,0.0,False,5.299999999999999,Muy frío,True,2010,3
2010-03-14,73.0,11.4,-0.2,4.7,0.2,False,11.6,Frío,False,2010,3
2010-03-15,74.0,13.9,-0.8,6.5,0.0,False,14.700000000000001,Frío,True,2010,3
2010-03-16,75.0,14.1,0.6,7.6,0.0,False,13.5,Frío,True,2010,3
2010-03-17,76.0,16.5,2.6,10.2,0.2,False,13.9,Frío,False,2010,3
2010-03-18,77.0,18.2,5.7,11.1,0.0,False,12.5,Frío,True,2010,3
2010-03-19,78.0,21.7,7.7,13.4,0.0,False,14.0,Templado,True,2010,3
2010-03-20,79.0,23.7,11.0,15.8,3.2,False,12.7,Templado,False,2010,3
2010-03-21,80.0,12.8,10.3,11.7,25.2,False,2.5,Frío,False,2010,3
2010-03-22,81.0,19.1,7.5,12.9,0.2,False,11.600000000000001,Frío,False,2010,3
2010-03-23,82.0,17.0,7.5,12.1,0.0,False,9.5,Frío,True,2010,3
2010-03-24,83.0,15.6,9.5,11.9,0.0,False,6.1,Frío,True,2010,3
2010-03-25,84.0,19.0,8.0,14.3,0.2,False,11.0,Frío,False,2010,3
2010-03-26,85.0,19.2,8.0,14.2,0.0,False,11.2,Frío,True,2010,3
2010-03-27,86.0,19.4,5.9,12.4,0.0,False,13.499999999999998,Frío,True,2010,3
2010-03-28,87.0,19.6,6.3,12.8,0.0,False,13.3,Frío,True,2010,3
2010-03-29,88.0,23.2,4.2,13.5,0.2,False,19.0,Templado,False,2010,3
2010-03-30,89.0,20.2,7.1,14.6,0.0,False,13.1,Templado,True,2010,3
2010-03-31,90.0,16.9,3.8,10.5,0.0,False,13.099999999999998,Frío,True,2010,3
2010-04-01,91.0,17.4,4.2,10.7,0.0,False,13.2,Frío,True,2010,4
2010-04-02,92.0,19.1,4.6,11.7,0.0,False,14.500000000000002,Frío,True,2010,4
2010-04-03,93.0,19.9,5.0,12.3,0.2,False,14.899999999999999,Frío,False,2010,4
2010-04-04,94.0,18.3,6.3,11.8,0.0,False,12.0,Frío,True,2010,4
2010-04-05,95.0,15.5,6.7,11.4,0.0,False,8.8,Frío,True,2010,4
2010-04-06,96.0,18.3,9.6,13.1,0.0,False,8.700000000000001,Frío,True,2010,4
2010-04-07,97.0,23.0,0.0,17.5,0.0,False,23.0,Templado,True,2010,4
2010-04-08,98.0,17.1,8.6,12.3,0.0,False,8.500000000000002,Frío,True,2010,4
2010-04-09,99.0,16.9,5.9,10.9,0.0,False,10.999999999999998,Frío,True,2010,4
2010-04-10,100.0,15.9,6.3,11.4,0.0,False,9.600000000000001,Frío,True,2010,4
2010-04-11,101.0,18.2,6.3,12.2,0.0,False,11.899999999999999,Frío,True,2010,4
2010-04-12,102.0,18.8,7.5,13.5,0.2,False,11.3,Frío,False,2010,4
2010-04-13,103.0,16.3,10.1,12.0,0.2,False,6.200000000000001,Frío,False,2010,4
2010-04-14,104.0,16.5,9.4,12.2,0.0,False,7.1,Frío,True,2010,4
2010-04-15,105.0,14.4,9.7,11.3,1.8,False,4.700000000000001,Frío,False,2010,4
2010-04-16,106.0,17.2,10.8,12.4,3.6,False,6.399999999999999,Frío,False,2010,4
2010-04-17,107.0,15.5,8.5,11.9,7.0,False,7.0,Frío,False,2010,4
2010-04-18,108.0,18.2,5.6,12.3,0.4,False,12.6,Frío,False,2010,4
2010-04-19,109.0,21.2,7.0,14.3,0.0,False,14.2,Templado,True,2010,4
2010-04-20,110.0,21.3,10.0,15.0,0.0,False,11.3,Templado,True,2010,4
2010-04-21,111.0,21.5,8.9,15.4,0.2,False,12.6,Templado,False,2010,4
2010-04-22,112.0,21.9,10.6,15.7,0.2,False,11.299999999999999,Templado,False,2010,4
2010-04-23,113.0,22.9,9.0,16.6,0.0,False,13.899999999999999,Templado,True,2010,4
2010-04-24,114.0,24.2,10.8,17.4,0.0,False,13.399999999999999,Templado,True,2010,4
2010-04-25,115.0,22.1,12.6,16.8,0.0,False,9.500000000000002,Templado,True,2010,4
2010-04-26,116.0,23.6,9.3,16.7,0.0,False,14.3,Templado,True,2010,4
2010-04-27,117.0,28.5,7.9,18.9,0.0,False,20.6,Templado,True,2010,4
2010-04-28,118.0,24.1,11.4,17.6,0.0,False,12.700000000000001,Templado,True,2010,4
2010-04-29,119.0,27.1,9.9,18.2,0.0,False,17.200000000000003,Templado,True,2010,4
2010-04-30,120.0,26.1,11.0,18.7,0.8,False,15.100000000000001,Templado,False,2010,4
2010-05-01,121.0,26.4,12.0,19.2,0.2,False,14.399999999999999,Templado,False,2010,5
2010-05-02,122.0,24.1,10.2,17.6,0.0,False,13.900000000000002,Templado,True,2010,5
2010-05-03,123.0,25.0,12.8,17.3,0.0,False,12.2,Templado,True,2010,5
2010-05-04,124.0,17.7,9.9,13.6,0.0,False,7.799999999999999,Frío,True,2010,5
2010-05-05,125.0,19.7,7.3,13.1,0.0,False,12.399999999999999,Frío,True,2010,5
2010-05-06,126.0,20.7,5.6,13.7,0.0,False,15.1,Templado,True,2010,5
2010-05-07,127.0,23.3,7.9,16.5,0.0,False,15.4,Templado,True,2010,5
2010-05-08,128.0,24.2,8.7,16.4,0.0,False,15.5,Templado,True,2010,5
2010-05-09,129.0,24.8,9.4,17.6,0.0,False,15.4,Templado,True,2010,5
2010-05-10,130.0,24.2,10.8,17.7,0.0,False,13.399999999999999,Templado,True,2010,5
2010-05-11,131.0,23.5,8.2,16.9,0.0,False,15.3,Templado,True,2010,5
2010-05-12,132.0,22.9,7.5,16.0,0.0,False,15.399999999999999,Templado,True,2010,5
2010-05-13,133.0,20.5,6.5,14.5,0.0,False,14.0,Templado,True,2010,5
2010-05-14,134.0,17.9,8.3,14.2,0.0,False,9.599999999999998,Frío,True,2010,5
2010-05-15,135.0,22.3,10.0,16.8,0.0,False,12.3,Templado,True,2010,5
2010-05-16,136.0,21.9,7.4,15.2,0.0,False,14.499999999999998,Templado,True,2010,5
2010-05-17,137.0,24.2,6.8,15.7,0.0,False,17.4,Templado,True,2010,5
2010-05-18,138.0,24.4,7.5,16.5,0.0,False,16.9,Templado,True,2010,5
2010-05-19,139.0,29.4,8.6,19.0,0.0,False,20.799999999999997,Templado,True,2010,5
2010-05-20,140.0,21.7,11.0,16.4,0.0,False,10.7,Templado,True,2010,5
2010-05-21,141.0,24.5,8.3,17.6,0.0,False,16.2,Templado,True,2010,5
2010-05-22,142.0,23.4,11.6,17.9,0.0,False,11.799999999999999,Templado,True,2010,5
2010-05-23,143.0,24.6,10.4,17.6,0.0,False,14.200000000000001,Templado,True,2010,5
2010-05-24,144.0,25.5,10.3,18.2,0.0,False,15.2,Templado,True,2010,5
2010-05-25,145.0,27.5,10.8,19.5,0.0,False,16.7,Templado,True,2010,5
2010-05-26,146.0,29.9,11.4,21.1,0.0,False,18.5,Templado,True,2010,5
2010-05-27,147.0,28.8,12.1,21.6,0.0,False,16.700000000000003,Templado,True,2010,5
2010-05-28,148.0,24.9,11.7,16.9,11.2,False,13.2,Templado,False,2010,5
2010-05-29,149.0,25.2,10.7,18.1,0.0,False,14.5,Templado,True,2010,5
2010-05-30,150.0,30.0,12.4,22.1,0.0,False,17.6,Templado,True,2010,5
2010-05-31,151.0,33.4,14.5,25.0,0.0,False,18.9,Caluroso,True,2010,5
2010-06-01,152.0,35.0,16.8,26.5,0.0,False,18.2,Caluroso,True,2010,6
2010-06-02,153.0,33.4,17.4,24.6,0.0,False,16.0,Caluroso,True,2010,6
2010-06-03,154.0,31.3,17.0,23.4,0.0,False,14.3,Caluroso,True,2010,6
2010-06-04,155.0,31.9,15.3,24.1,0.0,False,16.599999999999998,Caluroso,True,2010,6
2010-06-05,156.0,31.3,16.9,23.4,0.0,False,14.400000000000002,Caluroso,True,2010,6
2010-06-06,157.0,33.6,15.1,23.7,0.0,False,18.5,Caluroso,True,2010,6
2010-06-07,158.0,28.3,15.5,21.9,0.0,False,12.8,Templado,True,2010,6
2010-06-08,159.0,31.5,14.4,24.1,0.0,False,17.1,Caluroso,True,2010,6
2010-06-09,160.0,26.7,19.6,22.2,0.0,False,7.099999999999998,Templado,True,2010,6
2010-06-10,161.0,26.5,15.0,21.0,0.0,False,11.5,Templado,True,2010,6
2010-06-11,162.0,26.3,13.8,19.8,0.0,False,12.5,Templado,True,2010,6
2010-06-12,163.0,26.1,11.2,18.8,0.0,False,14.900000000000002,Templado,True,2010,6
2010-06-13,164.0,23.6,15.1,18.6,0.0,False,8.500000000000002,Templado,True,2010,6
2010-06-14,165.0,23.3,14.1,17.2,18.8,False,9.200000000000001,Templado,False,2010,6
2010-06-15,166.0,23.6,13.3,17.5,5.8,False,10.3,Templado,False,2010,6
2010-06-16,167.0,24.6,13.6,18.0,0.8,False,11.000000000000002,Templado,False,2010,6
2010-06-17,168.0,26.0,12.5,19.8,0.0,False,13.5,Templado,True,2010,6
2010-06-18,169.0,27.2,12.2,20.2,0.0,False,15.0,Templado,True,2010,6
2010-06-19,170.0,29.1,13.7,22.0,0.0,False,15.400000000000002,Templado,True,2010,6
2010-06-20,171.0,29.8,13.2,22.9,0.0,False,16.6,Templado,True,2010,6
2010-06-21,172.0,26.7,15.7,20.7,0.0,False,11.0,Templado,True,2010,6
2010-06-22,173.0,30.2,16.0,22.3,0.0,False,14.2,Caluroso,True,2010,6
2010-06-23,174.0,29.4,14.6,21.5,0.0,False,14.799999999999999,Templado,True,2010,6
2010-06-24,175.0,30.0,14.3,22.4,0.0,False,15.7,Templado,True,2010,6
2010-06-25,176.0,29.1,14.7,21.9,0.0,False,14.400000000000002,Templado,True,2010,6
2010-06-26,177.0,28.8,13.3,21.5,0.0,False,15.5,Templado,True,2010,6
2010-06-27,178.0,28.1,15.0,21.8,0.2,False,13.100000000000001,Templado,False,2010,6
2010-06-28,179.0,29.6,14.9,22.2,0.0,False,14.700000000000001,Templado,True,2010,6
2010-06-29,180.0,31.5,16.6,23.8,0.0,False,14.899999999999999,Caluroso,True,2010,6
2010-06-30,181.0,31.0,15.7,24.3,0.0,False,15.3,Caluroso,True,2010,6
2010-07-01,182.0,33.2,15.9,25.2,0.0,False,17.300000000000004,Caluroso,True,2010,7
2010-07-02,183.0,31.2,17.5,24.6,0.0,False,13.7,Caluroso,True,2010,7
2010-07-03,184.0,27.8,19.2,23.2,0.0,False,8.600000000000001,Templado,True,2010,7
2010-07-04,185.0,31.6,19.1,25.8,0.0,False,12.5,Caluroso,True,2010,7
2010-07-05,186.0,32.5,19.7,26.0,0.0,False,12.8,Caluroso,True,2010,7
2010-07-06,187.0,30.5,17.3,24.2,0.0,False,13.2,Caluroso,True,2010,7
2010-07-07,188.0,31.6,17.0,24.8,0.0,False,14.600000000000001,Caluroso,True,2010,7
2010-07-08,189.0,35.8,21.1,27.6,0.0,True,14.699999999999996,Caluroso,True,2010,7
2010-07-09,190.0,34.6,19.7,27.1,0.0,False,14.900000000000002,Caluroso,True,2010,7
2010-07-10,191.0,32.7,19.1,25.5,0.0,False,13.600000000000001,Caluroso,True,2010,7
2010-07-11,192.0,33.3,18.0,25.7,0.0,False,15.299999999999997,Caluroso,True,2010,7
2010-07-12,193.0,34.8,18.4,26.5,0.0,False,16.4,Caluroso,True,2010,7
2010-07-13,194.0,37.5,18.4,28.1,0.0,True,19.1,Caluroso,True,2010,7
2010-07-14,195.0,37.6,16.3,27.8,0.0,True,21.3,Caluroso,True,2010,7
2010-07-15,196.0,34.6,19.0,27.4,0.0,False,15.600000000000001,Caluroso,True,2010,7
2010-07-16,197.0,34.7,18.0,26.4,0.0,False,16.700000000000003,Caluroso,True,2010,7
2010-07-17,198.0,32.3,20.5,25.8,0.0,False,11.799999999999997,Caluroso,True,2010,7
2010-07-18,199.0,32.7,18.4,25.3,0.0,False,14.300000000000004,Caluroso,True,2010,7
2010-07-19,200.0,34.0,18.3,25.9,0.0,False,15.7,Caluroso,True,2010,7
2010-07-20,201.0,32.6,19.2,25.4,0.0,False,13.400000000000002,Caluroso,True,2010,7
2010-07-21,202.0,36.9,17.5,26.3,0.0,True,19.4,Caluroso,True,2010,7
2010-07-22,203.0,36.0,18.2,26.6,0.0,True,17.8,Caluroso,True,2010,7
2010-07-23,204.0,32.5,19.9,25.2,0.0,False,12.600000000000001,Caluroso,True,2010,7
2010-07-24,205.0,29.2,20.8,24.5,0.0,False,8.399999999999999,Templado,True,2010,7
2010-07-25,206.0,33.5,18.8,25.3,0.0,False,14.7,Caluroso,True,2010,7
2010-07-26,207.0,31.4,17.1,24.5,0.0,False,14.299999999999997,Caluroso,True,2010,7
2010-07-27,208.0,29.2,17.1,23.3,0.0,False,12.099999999999998,Templado,True,2010,7
2010-07-28,209.0,31.6,17.0,24.4,0.0,False,14.600000000000001,Caluroso,True,2010,7
2010-07-29,210.0,35.3,17.3,26.1,0.0,True,17.999999999999996,Caluroso,True,2010,7
2010-07-30,211.0,32.0,20.9,25.1,0.0,False,11.100000000000001,Caluroso,True,2010,7
2010-07-31,212.0,32.0,19.2,25.0,0.0,False,12.8,Caluroso,True,2010,7
2010-08-01,213.0,33.7,16.9,25.8,0.0,False,16.800000000000004,Caluroso,True,2010,8
2010-08-02,214.0,34.8,18.4,25.8,0.0,False,16.4,Caluroso,True,2010,8
2010-08-03,215.0,32.1,20.2,25.0,0.0,False,11.900000000000002,Caluroso,True,2010,8
2010-08-04,216.0,32.5,18.2,24.6,0.0,False,14.3,Caluroso,True,2010,8
2010-08-05,217.0,34.2,19.0,25.1,0.0,False,15.200000000000003,Caluroso,True,2010,8
2010-08-06,218.0,29.6,17.7,23.9,0.0,False,11.900000000000002,Templado,True,2010,8
2010-08-07,219.0,30.6,19.4,24.4,0.0,False,11.200000000000003,Caluroso,True,2010,8
2010-08-08,220.0,32.1,20.2,26.0,0.0,False,11.900000000000002,Caluroso,True,2010,8
2010-08-09,221.0,35.0,21.0,27.2,0.0,False,14.0,Caluroso,True,2010,8
2010-08-10,222.0,36.2,20.5,28.4,0.0,True,15.700000000000003,Caluroso,True,2010,8
2010-08-11,223.0,39.8,19.4,29.8,0.0,True,20.4,Caluroso,True,2010,8
2010-08-12,224.0,37.4,20.7,27.8,0.0,True,16.7,Caluroso,True,2010,8
2010-08-13,225.0,28.9,19.1,23.6,0.0,False,9.799999999999997,Templado,True,2010,8
2010-08-14,226.0,28.2,18.8,22.8,0.0,False,9.399999999999999,Templado,True,2010,8
2010-08-15,227.0,30.3,17.6,23.8,0.0,False,12.7,Caluroso,True,2010,8
2010-08-16,228.0,28.6,18.8,22.9,0.6,False,9.8,Templado,False,2010,8
2010-08-17,229.0,28.7,19.9,22.7,0.2,False,8.8,Templado,False,2010,8
2010-08-18,230.0,30.0,19.8,23.5,0.2,False,10.2,Templado,False,2010,8
2010-08-19,231.0,29.7,18.0,23.7,0.0,False,11.7,Templado,True,2010,8
2010-08-20,232.0,32.3,16.5,24.5,0.0,False,15.799999999999997,Caluroso,True,2010,8
2010-08-21,233.0,31.8,18.2,25.1,0.0,False,13.600000000000001,Caluroso,True,2010,8
2010-08-22,234.0,35.0,16.9,25.6,0.0,False,18.1,Caluroso,True,2010,8
2010-08-23,235.0,37.0,17.7,26.4,0.0,True,19.3,Caluroso,True,2010,8
2010-08-24,236.0,36.4,18.1,27.7,0.0,True,18.299999999999997,Caluroso,True,2010,8
2010-08-25,237.0,34.3,18.6,26.6,0.0,False,15.699999999999996,Caluroso,True,2010,8
2010-08-26,238.0,37.7,16.5,27.4,0.0,True,21.200000000000003,Caluroso,True,2010,8
2010-08-27,239.0,42.4,17.5,29.8,0.0,True,24.9,Extremo,True,2010,8
2010-08-28,240.0,34.7,20.1,26.8,0.0,False,14.600000000000001,Caluroso,True,2010,8
2010-08-29,241.0,30.3,20.4,24.8,0.0,False,9.900000000000002,Caluroso,True,2010,8
2010-08-30,242.0,32.6,18.0,24.7,0.0,False,14.600000000000001,Caluroso,True,2010,8
2010-08-31,243.0,28.2,19.9,23.3,0.0,False,8.3,Templado,True,2010,8
2010-09-01,244.0,29.6,17.5,22.9,0.0,False,12.100000000000001,Templado,True,2010,9
2010-09-02,245.0,27.6,14.9,21.5,0.0,False,12.700000000000001,Templado,True,2010,9
2010-09-03,246.0,28.6,18.4,22.6,0.0,False,10.200000000000003,Templado,True,2010,9
2010-09-04,247.0,30.4,14.8,22.5,0.0,False,15.599999999999998,Caluroso,True,2010,9
2010-09-05,248.0,32.1,14.9,23.2,0.0,False,17.200000000000003,Caluroso,True,2010,9
2010-09-06,249.0,32.9,14.6,24.2,0.0,False,18.299999999999997,Caluroso,True,2010,9
2010-09-07,250.0,32.7,13.6,24.4,0.0,False,19.1,Caluroso,True,2010,9
2010-09-08,251.0,29.7,14.9,23.4,0.0,False,14.799999999999999,Templado,True,2010,9
2010-09-09,252.0,29.2,13.2,21.4,0.0,False,16.0,Templado,True,2010,9
2010-09-10,253.0,27.6,13.8,20.5,0.0,False,13.8,Templado,True,2010,9
2010-09-11,254.0,27.5,13.1,20.2,0.0,False,14.4,Templado,True,2010,9
2010-09-12,255.0,28.3,14.5,21.1,0.0,False,13.8,Templado,True,2010,9
2010-09-13,256.0,29.2,14.9,21.4,0.0,False,14.299999999999999,Templado,True,2010,9
2010-09-14,257.0,30.7,13.1,21.7,0.0,False,17.6,Caluroso,True,2010,9
2010-09-15,258.0,31.0,16.9,22.4,0.0,False,14.100000000000001,Caluroso,True,2010,9
2010-09-16,259.0,27.4,15.2,21.2,0.2,False,12.2,Templado,False,2010,9
2010-09-17,260.0,27.3,15.3,20.9,2.6,False,12.0,Templado,False,2010,9
2010-09-18,261.0,29.0,12.4,20.4,0.0,False,16.6,Templado,True,2010,9
2010-09-19,262.0,27.4,13.3,20.6,0.0,False,14.099999999999998,Templado,True,2010,9
2010-09-20,263.0,26.0,17.6,20.3,1.2,False,8.399999999999999,Templado,False,2010,9
2010-09-21,264.0,28.5,13.7,20.7,0.2,False,14.8,Templado,False,2010,9
2010-09-22,265.0,27.6,14.7,20.6,0.0,False,12.900000000000002,Templado,True,2010,9
2010-09-23,266.0,25.9,17.5,20.7,0.2,False,8.399999999999999,Templado,False,2010,9
2010-09-24,267.0,30.1,13.7,22.2,0.0,False,16.400000000000002,Caluroso,True,2010,9
2010-09-25,268.0,28.6,13.7,20.7,0.0,False,14.900000000000002,Templado,True,2010,9
2010-09-26,269.0,24.9,14.0,18.6,0.0,False,10.899999999999999,Templado,True,2010,9
2010-09-27,270.0,25.7,12.8,18.5,0.0,False,12.899999999999999,Templado,True,2010,9
2010-09-28,271.0,27.3,10.8,18.2,0.0,False,16.5,Templado,True,2010,9
2010-09-29,272.0,28.4,9.7,19.2,0.0,False,18.7,Templado,True,2010,9
2010-09-30,273.0,30.6,11.4,20.5,0.0,False,19.200000000000003,Caluroso,True,2010,9
2010-10-01,274.0,30.2,11.4,19.8,0.0,False,18.799999999999997,Caluroso,True,2010,10
2010-10-02,275.0,31.3,11.2,20.3,0.0,False,20.1,Caluroso,True,2010,10
2010-10-03,276.0,29.8,13.0,21.2,0.0,False,16.8,Templado,True,2010,10
2010-10-04,277.0,25.4,13.4,20.2,0.0,False,11.999999999999998,Templado,True,2010,10
2010-10-05,278.0,25.9,9.1,17.3,0.0,False,16.799999999999997,Templado,True,2010,10
2010-10-06,279.0,27.3,11.0,19.2,0.0,False,16.3,Templado,True,2010,10
2010-10-07,280.0,23.7,14.1,19.1,0.0,False,9.6,Templado,True,2010,10
2010-10-08,281.0,27.0,13.4,19.7,0.0,False,13.6,Templado,True,2010,10
2010-10-09,282.0,26.3,14.9,19.2,5.8,False,11.4,Templado,False,2010,10
2010-10-10,283.0,23.3,12.4,17.1,0.2,False,10.9,Templado,False,2010,10
2010-10-11,284.0,21.5,9.9,14.9,0.2,False,11.6,Templado,False,2010,10
2010-10-12,285.0,22.8,8.6,15.9,0.0,False,14.200000000000001,Templado,True,2010,10
2010-10-13,286.0,24.4,12.4,17.9,0.0,False,11.999999999999998,Templado,True,2010,10
2010-10-14,287.0,25.3,11.4,17.8,0.0,False,13.9,Templado,True,2010,10
2010-10-15,288.0,23.2,11.4,16.4,0.0,False,11.799999999999999,Templado,True,2010,10
2010-10-16,289.0,23.8,10.4,16.0,0.2,False,13.4,Templado,False,2010,10
2010-10-17,290.0,22.1,8.9,14.6,0.0,False,13.200000000000001,Templado,True,2010,10
2010-10-18,291.0,22.9,4.1,13.0,0.2,False,18.799999999999997,Templado,False,2010,10
2010-10-19,292.0,21.8,5.1,12.9,0.2,False,16.700000000000003,Templado,False,2010,10
2010-10-20,293.0,22.7,5.5,13.4,0.0,False,17.2,Templado,True,2010,10
2010-10-21,294.0,20.3,6.3,13.5,0.0,False,14.0,Templado,True,2010,10
2010-10-22,295.0,21.3,5.8,13.6,0.2,False,15.5,Templado,False,2010,10
2010-10-23,296.0,20.1,9.1,14.8,0.0,False,11.000000000000002,Templado,True,2010,10
2010-10-24,297.0,24.1,8.7,15.6,0.0,False,15.400000000000002,Templado,True,2010,10
2010-10-25,298.0,25.0,8.2,15.8,0.0,False,16.8,Templado,True,2010,10
2010-10-26,299.0,21.1,2.2,11.7,0.0,False,18.900000000000002,Templado,True,2010,10
2010-10-27,300.0,24.6,3.6,12.6,0.0,False,21.0,Templado,True,2010,10
2010-10-28,301.0,24.3,4.7,13.5,0.0,False,19.6,Templado,True,2010,10
2010-10-29,302.0,23.3,4.3,14.0,0.0,False,19.0,Templado,True,2010,10
2010-10-30,303.0,20.4,11.2,16.2,0.0,False,9.2,Templado,True,2010,10
2010-10-31,304.0,18.2,11.7,15.4,14.0,False,6.5,Frío,False,2010,10
2010-11-01,305.0,21.7,10.0,15.4,0.0,False,11.7,Templado,True,2010,11
2010-11-02,306.0,22.4,6.1,13.3,0.0,False,16.299999999999997,Templado,True,2010,11
2010-11-03,307.0,23.1,4.9,12.8,0.0,False,18.200000000000003,Templado,True,2010,11
2010-11-04,308.0,21.7,5.8,13.0,0.0,False,15.899999999999999,Templado,True,2010,11
2010-11-05,309.0,19.0,7.3,12.7,0.0,False,11.7,Frío,True,2010,11
2010-11-06,310.0,21.4,6.1,12.8,0.0,False,15.299999999999999,Templado,True,2010,11
2010-11-07,311.0,20.0,6.3,12.2,0.2,False,13.7,Frío,False,2010,11
2010-11-08,312.0,19.9,5.9,14.0,0.0,False,13.999999999999998,Frío,True,2010,11
2010-11-09,313.0,20.4,12.6,16.0,0.0,False,7.799999999999999,Templado,True,2010,11
2010-11-10,314.0,18.6,5.2,12.8,0.0,False,13.400000000000002,Frío,True,2010,11
2010-11-11,315.0,19.0,2.7,10.0,0.0,False,16.3,Frío,True,2010,11
2010-11-12,316.0,22.2,4.7,12.0,0.0,False,17.5,Templado,True,2010,11
2010-11-13,317.0,23.1,6.4,13.0,0.0,False,16.700000000000003,Templado,True,2010,11
2010-11-14,318.0,20.8,3.7,11.7,0.2,False,17.1,Templado,False,2010,11
2010-11-15,319.0,17.9,4.4,12.4,0.0,False,13.499999999999998,Frío,True,2010,11
2010-11-16,320.0,17.6,0.4,7.9,0.0,False,17.200000000000003,Frío,True,2010,11
2010-11-17,321.0,16.3,2.6,9.5,1.4,False,13.700000000000001,Frío,False,2010,11
2010-11-18,322.0,16.8,2.0,8.5,0.0,False,14.8,Frío,True,2010,11
2010-11-19,323.0,16.1,3.2,8.7,0.0,False,12.900000000000002,Frío,True,2010,11
2010-11-20,324.0,18.8,2.2,10.0,0.0,False,16.6,Frío,True,2010,11
2010-11-21,325.0,15.9,3.1,10.9,0.0,False,12.8,Frío,True,2010,11
2010-11-22,326.0,15.1,3.6,10.4,0.0,False,11.5,Frío,True,2010,11
2010-11-23,327.0,14.9,2.5,9.0,0.0,False,12.4,Frío,True,2010,11
2010-11-24,328.0,18.2,5.6,10.8,0.6,False,12.6,Frío,False,2010,11
2010-11-25,329.0,17.6,5.9,10.4,0.2,False,11.700000000000001,Frío,False,2010,11
2010-11-26,330.0,11.4,6.7,9.5,1.2,False,4.7,Frío,False,2010,11
2010-11-27,331.0,7.5,5.9,6.9,15.4,False,1.5999999999999996,Muy frío,False,2010,11
2010-11-28,332.0,14.8,2.8,8.3,1.4,False,12.0,Frío,False,2010,11
2010-11-29,333.0,7.5,5.4,6.3,15.6,False,2.0999999999999996,Muy frío,False,2010,11
2010-11-30,334.0,10.6,6.4,8.7,10.2,False,4.199999999999999,Frío,False,2010,11
2010-12-01,335.0,14.0,2.8,8.6,0.0,False,11.2,Frío,True,2010,12
2010-12-02,336.0,14.1,0.9,8.0,0.0,False,13.2,Frío,True,2010,12
2010-12-03,337.0,12.0,-2.1,4.5,0.0,False,14.1,Frío,True,2010,12
2010-12-04,338.0,10.2,-2.1,4.1,0.0,False,12.299999999999999,Frío,True,2010,12
2010-12-05,339.0,16.4,2.9,8.5,0.0,False,13.499999999999998,Frío,True,2010,12
2010-12-06,340.0,21.6,11.0,16.2,4.2,False,10.600000000000001,Templado,False,2010,12
2010-12-07,341.0,22.2,14.0,18.4,0.0,False,8.2,Templado,True,2010,12
2010-12-08,342.0,22.7,12.1,17.2,0.0,False,10.6,Templado,True,2010,12
2010-12-09,343.0,26.3,9.7,15.9,0.0,False,16.6,Templado,True,2010,12
2010-12-10,344.0,15.0,9.1,12.5,0.0,False,5.9,Frío,True,2010,12
2010-12-11,345.0,15.9,5.0,9.8,0.0,False,10.9,Frío,True,2010,12
2010-12-12,346.0,18.9,3.9,9.7,0.0,False,14.999999999999998,Frío,True,2010,12
2010-12-13,347.0,14.6,6.5,10.7,0.0,False,8.1,Frío,True,2010,12
2010-12-14,348.0,16.9,6.5,11.1,0.0,False,10.399999999999999,Frío,True,2010,12
2010-12-15,349.0,14.5,-0.4,7.8,0.0,False,14.9,Frío,True,2010,12
2010-12-16,350.0,9.2,-3.6,1.7,0.0,False,12.799999999999999,Muy frío,True,2010,12
2010-12-17,351.0,10.5,-5.3,2.8,0.2,False,15.8,Frío,False,2010,12
2010-12-18,352.0,12.2,6.7,9.8,16.2,False,5.499999999999999,Frío,False,2010,12
2010-12-19,353.0,18.1,5.2,12.2,16.0,False,12.900000000000002,Frío,False,2010,12
2010-12-20,354.0,15.2,2.4,8.4,0.0,False,12.799999999999999,Frío,True,2010,12
2010-12-21,355.0,14.8,8.2,11.1,7.6,False,6.600000000000001,Frío,False,2010,12
2010-12-22,356.0,14.1,7.8,10.8,6.4,False,6.3,Frío,False,2010,12
2010-12-23,357.0,14.2,6.1,10.0,0.0,False,8.1,Frío,True,2010,12
2010-12-24,358.0,11.9,-0.1,5.4,0.0,False,12.0,Frío,True,2010,12
2010-12-25,359.0,12.6,1.2,6.2,0.0,False,11.4,Frío,True,2010,12
2010-12-26,360.0,11.2,-1.3,4.9,0.0,False,12.5,Frío,True,2010,12
2010-12-27,361.0,13.6,-2.6,4.1,0.2,False,16.2,Frío,False,2010,12
2010-12-28,362.0,14.5,0.0,6.0,0.2,False,14.5,Frío,False,2010,12
2010-12-29,363.0,14.0,1.8,6.5,0.0,False,12.2,Frío,True,2010,12
2010-12-30,364.0,14.5,3.2,8.3,0.2,False,11.3,Frío,False,2010,12
2010-12-31,365.0,15.4,6.1,9.8,7.0,False,9.3,Frío,False,2010,12
2011-01-01,1.0,17.0,5.9,10.2,0.6,False,11.1,Frío,False,2011,1
2011-01-02,2.0,14.9,3.5,8.3,0.0,False,11.4,Frío,True,2011,1
2011-01-03,3.0,15.4,1.8,8.1,0.2,False,13.6,Frío,False,2011,1
2011-01-04,4.0,13.5,1.6,6.7,0.2,False,11.9,Frío,False,2011,1
2011-01-05,5.0,16.7,2.7,8.4,0.2,False,14.0,Frío,False,2011,1
2011-01-06,6.0,17.8,3.6,9.9,0.0,False,14.200000000000001,Frío,True,2011,1
2011-01-07,7.0,18.3,4.9,11.0,0.2,False,13.4,Frío,False,2011,1
2011-01-08,8.0,19.8,3.4,10.1,0.0,False,16.400000000000002,Frío,True,2011,1
2011-01-09,9.0,15.8,5.3,12.3,0.0,False,10.5,Frío,True,2011,1
2011-01-10,10.0,15.9,2.7,8.6,0.0,False,13.2,Frío,True,2011,1
2011-01-11,11.0,19.4,3.4,10.6,0.0,False,15.999999999999998,Frío,True,2011,1
2011-01-12,12.0,20.2,3.3,10.1,0.0,False,16.9,Templado,True,2011,1
2011-01-13,13.0,18.9,2.8,9.3,0.0,False,16.099999999999998,Frío,True,2011,1
2011-01-14,14.0,20.3,3.0,10.1,0.0,False,17.3,Templado,True,2011,1
2011-01-15,15.0,18.1,3.4,10.1,0.0,False,14.700000000000001,Frío,True,2011,1
2011-01-16,16.0,18.1,3.0,8.0,0.2,False,15.100000000000001,Frío,False,2011,1
2011-01-17,17.0,17.9,1.9,8.6,0.2,False,15.999999999999998,Frío,False,2011,1
2011-01-18,18.0,10.8,3.4,7.7,0.2,False,7.4,Frío,False,2011,1
2011-01-19,19.0,11.9,6.0,8.9,0.0,False,5.9,Frío,True,2011,1
2011-01-20,20.0,14.7,1.6,7.8,0.0,False,13.1,Frío,True,2011,1
2011-01-21,21.0,10.5,1.2,5.3,0.2,False,9.3,Frío,False,2011,1
2011-01-22,22.0,7.9,-3.2,3.2,0.0,False,11.100000000000001,Muy frío,True,2011,1
2011-01-23,23.0,5.7,1.8,3.9,0.4,False,3.9000000000000004,Muy frío,False,2011,1
2011-01-24,24.0,5.4,4.0,4.7,2.0,False,1.4000000000000004,Muy frío,False,2011,1
2011-01-25,25.0,6.7,4.3,5.8,0.0,False,2.4000000000000004,Muy frío,True,2011,1
2011-01-26,26.0,8.7,4.9,6.6,1.8,False,3.799999999999999,Muy frío,False,2011,1
2011-01-27,27.0,9.6,3.4,6.3,8.6,False,6.199999999999999,Muy frío,False,2011,1
2011-01-28,28.0,13.6,3.4,7.4,1.0,False,10.2,Frío,False,2011,1
2011-01-29,29.0,14.0,0.7,7.0,0.0,False,13.3,Frío,True,2011,1
2011-01-30,30.0,12.9,-1.2,5.6,0.2,False,14.1,Frío,False,2011,1
2011-01-31,31.0,11.6,-1.0,5.1,0.2,False,12.6,Frío,False,2011,1
2011-02-01,32.0,11.8,-2.1,4.1,0.2,False,13.9,Frío,False,2011,2
2011-02-02,33.0,14.5,-1.0,5.1,0.0,False,15.5,Frío,True,2011,2
2011-02-03,34.0,15.0,-1.7,5.9,0.0,False,16.7,Frío,True,2011,2
2011-02-04,35.0,17.1,-1.7,6.6,0.0,False,18.8,Frío,True,2011,2
2011-02-05,36.0,16.9,-0.9,6.9,0.0,False,17.799999999999997,Frío,True,2011,2
2011-02-06,37.0,18.6,0.2,8.2,0.0,False,18.400000000000002,Frío,True,2011,2
2011-02-07,38.0,16.3,0.2,8.4,0.0,False,16.1,Frío,True,2011,2
2011-02-08,39.0,15.5,1.2,7.2,0.2,False,14.3,Frío,False,2011,2
2011-02-09,40.0,16.5,0.8,8.0,0.2,False,15.7,Frío,False,2011,2
2011-02-10,41.0,16.1,1.6,7.3,0.2,False,14.500000000000002,Frío,False,2011,2
2011-02-11,42.0,15.9,-1.2,6.2,0.0,False,17.1,Frío,True,2011,2
2011-02-12,43.0,17.4,0.4,7.9,0.2,False,17.0,Frío,False,2011,2
2011-02-13,44.0,17.8,0.5,9.7,0.0,False,17.3,Frío,True,2011,2
2011-02-14,45.0,13.9,6.3,10.2,0.2,False,7.6000000000000005,Frío,False,2011,2
2011-02-15,46.0,12.6,4.4,8.7,0.2,False,8.2,Frío,False,2011,2
2011-02-16,47.0,15.1,6.4,9.5,1.0,False,8.7,Frío,False,2011,2
2011-02-17,48.0,13.4,7.5,9.9,0.0,False,5.9,Frío,True,2011,2
2011-02-18,49.0,16.9,4.1,10.6,0.0,False,12.799999999999999,Frío,True,2011,2
2011-02-19,50.0,17.4,3.8,9.6,0.0,False,13.599999999999998,Frío,True,2011,2
2011-02-20,51.0,19.6,6.1,12.7,1.8,False,13.500000000000002,Frío,False,2011,2
2011-02-21,52.0,19.4,12.0,14.9,0.0,False,7.399999999999999,Frío,True,2011,2
2011-02-22,53.0,23.9,8.3,15.3,0.0,False,15.599999999999998,Templado,True,2011,2
2011-02-23,54.0,20.7,5.7,12.8,0.0,False,15.0,Templado,True,2011,2
2011-02-24,55.0,21.2,4.5,12.0,0.0,False,16.7,Templado,True,2011,2
2011-02-25,56.0,17.0,4.4,10.0,0.0,False,12.6,Frío,True,2011,2
2011-02-26,57.0,25.9,3.3,13.2,0.0,False,22.599999999999998,Templado,True,2011,2
2011-02-27,58.0,15.4,5.3,10.7,0.8,False,10.100000000000001,Frío,False,2011,2
2011-02-28,59.0,14.4,-0.8,8.0,0.0,False,15.200000000000001,Frío,True,2011,2
2011-03-01,60.0,12.5,-1.8,5.4,0.0,False,14.3,Frío,True,2011,3
2011-03-02,61.0,13.4,-3.0,5.3,0.0,False,16.4,Frío,True,2011,3
2011-03-03,62.0,13.3,-1.7,6.3,0.0,False,15.0,Frío,True,2011,3
2011-03-04,63.0,10.8,1.4,6.6,0.2,False,9.4,Frío,False,2011,3
2011-03-05,64.0,12.6,3.3,7.7,0.0,False,9.3,Frío,True,2011,3
2011-03-06,65.0,14.1,2.3,8.5,0.0,False,11.8,Frío,True,2011,3
2011-03-07,66.0,15.2,1.4,8.8,0.0,False,13.799999999999999,Frío,True,2011,3
2011-03-08,67.0,13.5,8.6,10.5,0.0,False,4.9,Frío,True,2011,3
2011-03-09,68.0,9.7,7.9,8.8,4.8,False,1.799999999999999,Muy frío,False,2011,3
2011-03-10,69.0,10.0,7.5,8.4,0.8,False,2.5,Muy frío,False,2011,3
2011-03-11,70.0,9.9,7.4,8.7,9.4,False,2.5,Muy frío,False,2011,3
2011-03-12,71.0,17.3,7.8,11.8,0.6,False,9.5,Frío,False,2011,3
2011-03-13,72.0,18.3,3.2,10.8,1.8,False,15.100000000000001,Frío,False,2011,3
2011-03-14,73.0,16.9,8.6,11.8,11.0,False,8.299999999999999,Frío,False,2011,3
2011-03-15,74.0,17.4,7.8,11.5,2.0,False,9.599999999999998,Frío,False,2011,3
2011-03-16,75.0,17.1,2.4,11.4,0.0,False,14.700000000000001,Frío,True,2011,3
2011-03-17,76.0,19.0,8.0,13.9,0.0,False,11.0,Frío,True,2011,3
2011-03-18,77.0,20.2,5.3,12.2,0.0,False,14.899999999999999,Templado,True,2011,3
2011-03-19,78.0,22.6,4.0,13.2,0.0,False,18.6,Templado,True,2011,3
2011-03-20,79.0,17.4,6.1,11.7,0.0,False,11.299999999999999,Frío,True,2011,3
2011-03-21,80.0,14.3,4.1,10.0,0.0,False,10.200000000000001,Frío,True,2011,3
2011-03-22,81.0,12.3,6.9,8.9,0.6,False,5.4,Frío,False,2011,3
2011-03-23,82.0,13.6,8.3,10.7,0.0,False,5.299999999999999,Frío,True,2011,3
2011-03-24,83.0,16.2,10.3,12.3,0.0,False,5.899999999999999,Frío,True,2011,3
2011-03-25,84.0,16.9,10.3,12.8,0.0,False,6.599999999999998,Frío,True,2011,3
2011-03-26,85.0,20.0,6.1,13.0,0.0,False,13.9,Frío,True,2011,3
2011-03-27,86.0,22.8,6.6,15.3,0.0,False,16.200000000000003,Templado,True,2011,3
2011-03-28,87.0,21.1,9.2,15.2,0.0,False,11.900000000000002,Templado,True,2011,3
2011-03-29,88.0,19.4,9.0,13.4,0.2,False,10.399999999999999,Frío,False,2011,3
2011-03-30,89.0,22.2,8.8,15.7,0.0,False,13.399999999999999,Templado,True,2011,3
2011-03-31,90.0,22.6,7.3,15.2,0.0,False,15.3,Templado,True,2011,3
2011-04-01,91.0,22.3,8.1,14.9,0.0,False,14.200000000000001,Templado,True,2011,4
2011-04-02,92.0,26.7,7.3,17.3,0.0,False,19.4,Templado,True,2011,4
2011-04-03,93.0,23.4,13.3,17.4,0.0,False,10.099999999999998,Templado,True,2011,4
2011-04-04,94.0,22.8,10.9,16.6,0.0,False,11.9,Templado,True,2011,4
2011-04-05,95.0,20.2,12.3,16.5,0.0,False,7.899999999999999,Templado,True,2011,4
2011-04-06,96.0,23.8,14.4,18.1,0.0,False,9.4,Templado,True,2011,4
2011-04-07,97.0,25.1,9.6,18.2,0.0,False,15.500000000000002,Templado,True,2011,4
2011-04-08,98.0,27.1,8.5,17.5,0.0,False,18.6,Templado,True,2011,4
2011-04-09,99.0,32.5,9.7,21.1,0.0,False,22.8,Caluroso,True,2011,4
2011-04-10,100.0,28.6,11.1,19.5,0.0,False,17.5,Templado,True,2011,4
2011-04-11,101.0,20.0,10.2,15.5,0.0,False,9.8,Frío,True,2011,4
2011-04-12,102.0,21.9,9.5,15.7,0.0,False,12.399999999999999,Templado,True,2011,4
2011-04-13,103.0,26.7,6.7,16.9,0.0,False,20.0,Templado,True,2011,4
2011-04-14,104.0,27.7,7.8,17.8,0.0,False,19.9,Templado,True,2011,4
2011-04-15,105.0,21.5,10.3,15.5,0.0,False,11.2,Templado,True,2011,4
2011-04-16,106.0,18.1,10.8,14.0,0.4,False,7.300000000000001,Frío,False,2011,4
2011-04-17,107.0,18.5,8.7,13.4,0.0,False,9.8,Frío,True,2011,4
2011-04-18,108.0,19.3,8.3,13.0,0.0,False,11.0,Frío,True,2011,4
2011-04-19,109.0,19.6,8.5,13.5,1.6,False,11.100000000000001,Frío,False,2011,4
2011-04-20,110.0,19.0,10.6,14.7,0.0,False,8.4,Frío,True,2011,4
2011-04-21,111.0,21.0,8.5,14.0,4.2,False,12.5,Templado,False,2011,4
2011-04-22,112.0,17.5,7.9,13.5,0.0,False,9.6,Frío,True,2011,4
2011-04-23,113.0,20.5,6.3,13.2,0.0,False,14.2,Templado,True,2011,4
2011-04-24,114.0,17.2,9.3,12.4,11.8,False,7.899999999999999,Frío,False,2011,4
2011-04-25,115.0,17.9,9.0,13.0,4.8,False,8.899999999999999,Frío,False,2011,4
2011-04-26,116.0,21.4,7.1,14.4,1.2,False,14.299999999999999,Templado,False,2011,4
2011-04-27,117.0,22.7,8.5,16.0,0.2,False,14.2,Templado,False,2011,4
2011-04-28,118.0,23.6,8.4,16.3,0.0,False,15.200000000000001,Templado,True,2011,4
2011-04-29,119.0,17.0,10.8,13.3,3.2,False,6.199999999999999,Frío,False,2011,4
2011-04-30,120.0,19.1,10.4,14.0,2.4,False,8.700000000000001,Frío,False,2011,4
2011-05-01,121.0,19.4,10.2,14.5,0.8,False,9.2,Frío,False,2011,5
2011-05-02,122.0,16.7,11.5,13.2,34.0,False,5.199999999999999,Frío,False,2011,5
2011-05-03,123.0,23.3,9.9,16.1,4.2,False,13.4,Templado,False,2011,5
2011-05-04,124.0,24.1,11.4,17.7,0.0,False,12.700000000000001,Templado,True,2011,5
2011-05-05,125.0,22.9,10.1,16.8,0.0,False,12.799999999999999,Templado,True,2011,5
2011-05-06,126.0,22.7,11.0,17.0,0.0,False,11.7,Templado,True,2011,5
2011-05-07,127.0,22.9,10.8,17.2,1.8,False,12.099999999999998,Templado,False,2011,5
2011-05-08,128.0,24.7,8.1,16.9,0.0,False,16.6,Templado,True,2011,5
2011-05-09,129.0,24.9,9.5,17.6,0.0,False,15.399999999999999,Templado,True,2011,5
2011-05-10,130.0,23.5,11.0,17.4,0.0,False,12.5,Templado,True,2011,5
2011-05-11,131.0,23.9,8.7,17.2,0.0,False,15.2,Templado,True,2011,5
2011-05-12,132.0,24.8,11.1,17.8,0.2,False,13.700000000000001,Templado,False,2011,5
2011-05-13,133.0,24.2,11.6,17.9,0.0,False,12.6,Templado,True,2011,5
2011-05-14,134.0,28.4,10.9,20.2,0.0,False,17.5,Templado,True,2011,5
2011-05-15,135.0,19.2,13.1,15.7,0.6,False,6.1,Frío,False,2011,5
2011-05-16,136.0,19.9,12.0,15.4,0.0,False,7.899999999999999,Frío,True,2011,5
2011-05-17,137.0,20.8,12.4,16.0,0.0,False,8.4,Templado,True,2011,5
2011-05-18,138.0,18.3,11.5,14.5,3.4,False,6.800000000000001,Frío,False,2011,5
2011-05-19,139.0,20.0,13.4,16.0,0.2,False,6.6,Frío,False,2011,5
2011-05-20,140.0,21.4,10.2,15.6,2.2,False,11.2,Templado,False,2011,5
2011-05-21,141.0,24.0,8.0,16.7,0.2,False,16.0,Templado,False,2011,5
2011-05-22,142.0,25.8,8.9,18.1,0.0,False,16.9,Templado,True,2011,5
2011-05-23,143.0,26.7,9.5,19.2,0.0,False,17.2,Templado,True,2011,5
2011-05-24,144.0,28.9,10.7,20.8,0.0,False,18.2,Templado,True,2011,5
2011-05-25,145.0,28.7,11.4,20.9,0.0,False,17.299999999999997,Templado,True,2011,5
2011-05-26,146.0,29.9,10.5,21.6,0.0,False,19.4,Templado,True,2011,5
2011-05-27,147.0,28.3,16.3,21.7,0.0,False,12.0,Templado,True,2011,5
2011-05-28,148.0,27.1,15.2,20.5,0.2,False,11.900000000000002,Templado,False,2011,5
2011-05-29,149.0,29.0,15.5,20.0,1.4,False,13.5,Templado,False,2011,5
2011-05-30,150.0,28.7,15.2,21.2,0.6,False,13.5,Templado,False,2011,5
2011-05-31,151.0,25.4,14.4,20.4,0.0,False,10.999999999999998,Templado,True,2011,5
2011-06-01,152.0,23.2,14.5,18.0,0.6,False,8.7,Templado,False,2011,6
2011-06-02,153.0,18.9,13.2,15.8,1.0,False,5.699999999999999,Frío,False,2011,6
2011-06-03,154.0,20.7,11.8,16.1,0.0,False,8.899999999999999,Templado,True,2011,6
2011-06-04,155.0,21.3,9.2,15.6,0.0,False,12.100000000000001,Templado,True,2011,6
2011-06-05,156.0,24.5,8.7,17.4,0.0,False,15.8,Templado,True,2011,6
2011-06-06,157.0,25.6,12.9,19.1,0.0,False,12.700000000000001,Templado,True,2011,6
2011-06-07,158.0,26.3,10.2,18.6,0.2,False,16.1,Templado,False,2011,6
2011-06-08,159.0,26.0,10.4,18.9,0.0,False,15.6,Templado,True,2011,6
2011-06-09,160.0,27.5,11.6,20.3,0.0,False,15.9,Templado,True,2011,6
2011-06-10,161.0,28.5,13.4,21.0,0.0,False,15.1,Templado,True,2011,6
2011-06-11,162.0,26.0,13.3,20.1,0.0,False,12.7,Templado,True,2011,6
2011-06-12,163.0,29.5,13.7,22.3,0.0,False,15.8,Templado,True,2011,6
2011-06-13,164.0,33.4,13.7,23.6,0.0,False,19.7,Caluroso,True,2011,6
2011-06-14,165.0,30.1,16.3,23.4,0.0,False,13.8,Caluroso,True,2011,6
2011-06-15,166.0,32.8,14.7,24.1,0.0,False,18.099999999999998,Caluroso,True,2011,6
2011-06-16,167.0,34.4,14.7,25.0,0.0,False,19.7,Caluroso,True,2011,6
2011-06-17,168.0,35.1,16.7,25.9,0.0,True,18.400000000000002,Caluroso,True,2011,6
2011-06-18,169.0,35.8,15.0,26.8,0.0,True,20.799999999999997,Caluroso,True,2011,6
2011-06-19,170.0,28.7,18.0,23.3,0.0,False,10.7,Templado,True,2011,6
2011-06-20,171.0,29.6,19.0,23.7,0.0,False,10.600000000000001,Templado,True,2011,6
2011-06-21,172.0,31.2,16.6,24.4,0.0,False,14.599999999999998,Caluroso,True,2011,6
2011-06-22,173.0,34.5,17.0,25.1,0.6,False,17.5,Caluroso,False,2011,6
2011-06-23,174.0,31.8,17.2,24.6,0.0,False,14.600000000000001,Caluroso,True,2011,6
2011-06-24,175.0,27.7,19.1,22.9,0.0,False,8.599999999999998,Templado,True,2011,6
2011-06-25,176.0,29.3,16.8,23.0,0.0,False,12.5,Templado,True,2011,6
2011-06-26,177.0,32.4,16.5,24.3,0.0,False,15.899999999999999,Caluroso,True,2011,6
2011-06-27,178.0,32.0,17.4,24.9,0.0,False,14.600000000000001,Caluroso,True,2011,6
2011-06-28,179.0,37.0,17.7,26.4,0.0,True,19.3,Caluroso,True,2011,6
2011-06-29,180.0,33.4,18.6,26.1,0.0,False,14.799999999999997,Caluroso,True,2011,6
2011-06-30,181.0,29.3,20.0,23.6,0.0,False,9.3,Templado,True,2011,6
2011-07-01,182.0,31.4,20.5,24.7,0.0,False,10.899999999999999,Caluroso,True,2011,7
2011-07-02,183.0,36.4,19.0,26.7,0.0,True,17.4,Caluroso,True,2011,7
2011-07-03,184.0,37.2,19.5,27.6,0.0,True,17.700000000000003,Caluroso,True,2011,7
2011-07-04,185.0,31.3,15.6,24.1,0.0,False,15.700000000000001,Caluroso,True,2011,7
2011-07-05,186.0,34.0,15.9,25.9,0.0,False,18.1,Caluroso,True,2011,7
2011-07-06,187.0,37.0,16.7,27.5,0.0,True,20.3,Caluroso,True,2011,7
2011-07-07,188.0,38.9,16.9,28.7,0.0,True,22.0,Caluroso,True,2011,7
2011-07-08,189.0,33.5,17.3,25.9,0.0,False,16.2,Caluroso,True,2011,7
2011-07-09,190.0,34.2,16.8,25.4,0.0,False,17.400000000000002,Caluroso,True,2011,7
2011-07-10,191.0,33.5,18.6,25.8,0.0,False,14.899999999999999,Caluroso,True,2011,7
2011-07-11,192.0,34.1,18.4,25.3,0.0,False,15.700000000000003,Caluroso,True,2011,7
2011-07-12,193.0,37.7,21.1,28.6,0.0,True,16.6,Caluroso,True,2011,7
2011-07-13,194.0,30.5,18.5,25.1,0.0,False,12.0,Caluroso,True,2011,7
2011-07-14,195.0,29.5,17.3,23.2,0.0,False,12.2,Templado,True,2011,7
2011-07-15,196.0,29.3,16.8,22.8,0.0,False,12.5,Templado,True,2011,7
2011-07-16,197.0,32.9,15.4,25.5,0.0,False,17.5,Caluroso,True,2011,7
2011-07-17,198.0,36.8,16.5,28.4,0.0,True,20.299999999999997,Caluroso,True,2011,7
2011-07-18,199.0,29.1,18.3,24.3,0.0,False,10.8,Templado,True,2011,7
2011-07-19,200.0,33.8,14.2,25.1,0.0,False,19.599999999999998,Caluroso,True,2011,7
2011-07-20,201.0,29.4,18.9,23.7,0.0,False,10.5,Templado,True,2011,7
2011-07-21,202.0,31.5,17.1,24.0,0.0,False,14.399999999999999,Caluroso,True,2011,7
2011-07-22,203.0,29.4,17.2,23.0,0.0,False,12.2,Templado,True,2011,7
2011-07-23,204.0,30.1,18.9,23.8,0.0,False,11.200000000000003,Caluroso,True,2011,7
2011-07-24,205.0,31.8,16.3,24.6,0.0,False,15.5,Caluroso,True,2011,7
2011-07-25,206.0,32.5,18.7,25.0,0.0,False,13.8,Caluroso,True,2011,7
2011-07-26,207.0,35.5,16.1,26.8,0.0,True,19.4,Caluroso,True,2011,7
2011-07-27,208.0,32.2,18.9,25.0,0.0,False,13.300000000000004,Caluroso,True,2011,7
2011-07-28,209.0,30.1,18.9,24.2,0.0,False,11.200000000000003,Caluroso,True,2011,7
2011-07-29,210.0,32.6,17.3,24.7,0.0,False,15.3,Caluroso,True,2011,7
2011-07-30,211.0,33.5,16.9,24.7,0.0,False,16.6,Caluroso,True,2011,7
2011-07-31,212.0,32.6,20.0,25.3,0.0,False,12.600000000000001,Caluroso,True,2011,7
2011-08-01,213.0,30.9,19.7,24.5,0.0,False,11.2,Caluroso,True,2011,8
2011-08-02,214.0,33.1,17.3,25.0,0.0,False,15.8,Caluroso,True,2011,8
2011-08-03,215.0,33.7,17.3,26.0,0.0,False,16.400000000000002,Caluroso,True,2011,8
2011-08-04,216.0,32.7,18.3,25.3,0.0,False,14.400000000000002,Caluroso,True,2011,8
2011-08-05,217.0,34.1,17.6,26.0,0.0,False,16.5,Caluroso,True,2011,8
2011-08-06,218.0,36.6,18.4,27.7,0.0,True,18.200000000000003,Caluroso,True,2011,8
2011-08-07,219.0,38.7,20.2,29.6,0.0,True,18.500000000000004,Caluroso,True,2011,8
2011-08-08,220.0,35.0,20.8,27.2,0.0,False,14.2,Caluroso,True,2011,8
2011-08-09,221.0,28.4,20.0,24.1,0.0,False,8.399999999999999,Templado,True,2011,8
2011-08-10,222.0,27.0,18.4,22.5,0.0,False,8.600000000000001,Templado,True,2011,8
2011-08-11,223.0,30.7,17.1,23.1,0.0,False,13.599999999999998,Caluroso,True,2011,8
2011-08-12,224.0,32.5,18.1,24.8,0.0,False,14.399999999999999,Caluroso,True,2011,8
2011-08-13,225.0,35.0,15.1,25.2,0.0,False,19.9,Caluroso,True,2011,8
2011-08-14,226.0,36.6,17.8,27.7,0.0,True,18.8,Caluroso,True,2011,8
2011-08-15,227.0,37.0,19.0,28.4,0.0,True,18.0,Caluroso,True,2011,8
2011-08-16,228.0,34.4,19.0,26.6,0.0,False,15.399999999999999,Caluroso,True,2011,8
2011-08-17,229.0,35.8,18.0,26.9,0.0,True,17.799999999999997,Caluroso,True,2011,8
2011-08-18,230.0,33.4,20.0,26.7,0.0,False,13.399999999999999,Caluroso,True,2011,8
2011-08-19,231.0,32.5,21.6,25.8,0.0,False,10.899999999999999,Caluroso,True,2011,8
2011-08-20,232.0,34.7,18.7,26.8,0.0,False,16.000000000000004,Caluroso,True,2011,8
2011-08-21,233.0,34.0,18.7,26.3,0.0,False,15.3,Caluroso,True,2011,8
2011-08-22,234.0,36.2,19.4,26.2,0.0,True,16.800000000000004,Caluroso,True,2011,8
2011-08-23,235.0,34.2,17.3,26.1,0.0,False,16.900000000000002,Caluroso,True,2011,8
2011-08-24,236.0,36.6,16.7,26.7,0.0,True,19.900000000000002,Caluroso,True,2011,8
2011-08-25,237.0,36.2,17.2,26.9,0.0,True,19.000000000000004,Caluroso,True,2011,8
2011-08-26,238.0,35.4,15.7,26.3,0.0,True,19.7,Caluroso,True,2011,8
2011-08-27,239.0,28.6,19.2,23.9,0.0,False,9.400000000000002,Templado,True,2011,8
2011-08-28,240.0,29.8,21.0,24.2,0.0,False,8.8,Templado,True,2011,8
2011-08-29,241.0,33.3,17.5,25.0,0.0,False,15.799999999999997,Caluroso,True,2011,8
2011-08-30,242.0,34.1,18.8,27.8,0.0,False,15.3,Caluroso,True,2011,8
2011-08-31,243.0,33.1,16.1,25.1,2.4,False,17.0,Caluroso,False,2011,8
2011-09-01,244.0,32.9,16.8,25.9,0.0,False,16.099999999999998,Caluroso,True,2011,9
2011-09-02,245.0,25.3,14.9,19.1,15.6,False,10.4,Templado,False,2011,9
2011-09-03,246.0,27.1,12.3,19.6,0.2,False,14.8,Templado,False,2011,9
2011-09-04,247.0,28.7,13.6,21.6,0.0,False,15.1,Templado,True,2011,9
2011-09-05,248.0,30.0,15.4,23.0,0.0,False,14.6,Templado,True,2011,9
2011-09-06,249.0,28.4,15.7,22.3,0.0,False,12.7,Templado,True,2011,9
2011-09-07,250.0,31.4,15.3,23.5,0.0,False,16.099999999999998,Caluroso,True,2011,9
2011-09-08,251.0,33.0,15.4,24.0,0.0,False,17.6,Caluroso,True,2011,9
2011-09-09,252.0,32.9,15.6,24.3,0.0,False,17.299999999999997,Caluroso,True,2011,9
2011-09-10,253.0,33.2,14.0,23.6,0.0,False,19.200000000000003,Caluroso,True,2011,9
2011-09-11,254.0,33.1,14.2,24.2,0.0,False,18.900000000000002,Caluroso,True,2011,9
2011-09-12,255.0,30.6,17.4,24.0,0.0,False,13.200000000000003,Caluroso,True,2011,9
2011-09-13,256.0,29.8,17.0,22.3,0.0,False,12.8,Templado,True,2011,9
2011-09-14,257.0,28.7,15.7,22.6,0.0,False,13.0,Templado,True,2011,9
2011-09-15,258.0,27.9,15.8,22.1,0.0,False,12.099999999999998,Templado,True,2011,9
2011-09-16,259.0,30.4,13.8,22.2,0.0,False,16.599999999999998,Caluroso,True,2011,9
2011-09-17,260.0,31.5,16.3,22.3,0.0,False,15.2,Caluroso,True,2011,9
2011-09-18,261.0,33.3,15.1,24.5,0.0,False,18.199999999999996,Caluroso,True,2011,9
2011-09-19,262.0,26.3,16.0,21.3,0.0,False,10.3,Templado,True,2011,9
2011-09-20,263.0,25.6,14.6,19.7,0.0,False,11.000000000000002,Templado,True,2011,9
2011-09-21,264.0,27.1,14.1,20.2,0.0,False,13.000000000000002,Templado,True,2011,9
2011-09-22,265.0,28.8,14.7,21.1,0.0,False,14.100000000000001,Templado,True,2011,9
2011-09-23,266.0,27.0,16.3,19.8,1.4,False,10.7,Templado,False,2011,9
2011-09-24,267.0,27.6,13.7,19.9,0.0,False,13.900000000000002,Templado,True,2011,9
2011-09-25,268.0,27.4,12.8,19.9,0.0,False,14.599999999999998,Templado,True,2011,9
2011-09-26,269.0,26.6,14.4,20.4,0.0,False,12.200000000000001,Templado,True,2011,9
2011-09-27,270.0,26.0,13.4,20.3,0.0,False,12.6,Templado,True,2011,9
2011-09-28,271.0,25.4,15.7,20.3,0.0,False,9.7,Templado,True,2011,9
2011-09-29,272.0,25.0,18.7,21.0,0.0,False,6.300000000000001,Templado,True,2011,9
2011-09-30,273.0,25.1,17.8,20.6,0.0,False,7.300000000000001,Templado,True,2011,9
2011-10-01,274.0,24.4,16.8,20.4,0.0,False,7.599999999999998,Templado,True,2011,10
2011-10-02,275.0,26.2,16.3,20.8,0.0,False,9.899999999999999,Templado,True,2011,10
2011-10-03,276.0,27.1,12.8,19.4,0.0,False,14.3,Templado,True,2011,10
2011-10-04,277.0,26.0,13.0,19.3,0.0,False,13.0,Templado,True,2011,10
2011-10-05,278.0,26.8,11.2,18.6,0.0,False,15.600000000000001,Templado,True,2011,10
2011-10-06,279.0,28.8,9.6,18.8,0.0,False,19.200000000000003,Templado,True,2011,10
2011-10-07,280.0,30.9,10.9,20.3,0.0,False,20.0,Caluroso,True,2011,10
2011-10-08,281.0,22.6,11.0,17.4,0.0,False,11.600000000000001,Templado,True,2011,10
2011-10-09,282.0,24.5,8.4,16.2,0.0,False,16.1,Templado,True,2011,10
2011-10-10,283.0,25.9,9.5,17.0,0.0,False,16.4,Templado,True,2011,10
2011-10-11,284.0,30.3,10.0,19.5,0.0,False,20.3,Caluroso,True,2011,10
2011-10-12,285.0,31.1,11.5,20.7,0.0,False,19.6,Caluroso,True,2011,10
2011-10-13,286.0,31.0,10.7,20.2,0.0,False,20.3,Caluroso,True,2011,10
2011-10-14,287.0,26.5,11.3,18.9,0.0,False,15.2,Templado,True,2011,10
2011-10-15,288.0,24.4,13.1,18.0,0.0,False,11.299999999999999,Templado,True,2011,10
2011-10-16,289.0,23.6,11.5,16.6,0.0,False,12.100000000000001,Templado,True,2011,10
2011-10-17,290.0,19.6,10.5,14.9,0.0,False,9.100000000000001,Frío,True,2011,10
2011-10-18,291.0,22.2,9.0,15.0,0.2,False,13.2,Templado,False,2011,10
2011-10-19,292.0,24.9,7.3,15.2,0.0,False,17.599999999999998,Templado,True,2011,10
2011-10-20,293.0,21.9,9.6,16.0,0.0,False,12.299999999999999,Templado,True,2011,10
2011-10-21,294.0,22.4,9.8,16.3,0.0,False,12.599999999999998,Templado,True,2011,10
2011-10-22,295.0,18.0,12.0,15.6,1.2,False,6.0,Frío,False,2011,10
2011-10-23,296.0,22.8,10.1,15.5,0.2,False,12.700000000000001,Templado,False,2011,10
2011-10-24,297.0,17.9,10.3,14.8,0.2,False,7.599999999999998,Frío,False,2011,10
2011-10-25,298.0,21.3,6.2,13.6,0.0,False,15.100000000000001,Templado,True,2011,10
2011-10-26,299.0,21.9,6.5,13.4,0.0,False,15.399999999999999,Templado,True,2011,10
2011-10-27,300.0,18.9,8.5,13.8,2.4,False,10.399999999999999,Frío,False,2011,10
2011-10-28,301.0,20.9,9.7,14.1,0.2,False,11.2,Templado,False,2011,10
2011-10-29,302.0,23.2,11.0,16.4,0.0,False,12.2,Templado,True,2011,10
2011-10-30,303.0,22.7,13.0,17.6,0.0,False,9.7,Templado,True,2011,10
2011-10-31,304.0,22.0,12.8,16.5,0.0,False,9.2,Templado,True,2011,10
2011-11-01,305.0,23.3,9.7,15.2,0.2,False,13.600000000000001,Templado,False,2011,11
2011-11-02,306.0,18.7,9.5,13.6,0.2,False,9.2,Frío,False,2011,11
2011-11-03,307.0,19.8,12.7,15.7,7.0,False,7.100000000000001,Frío,False,2011,11
2011-11-04,308.0,15.3,6.8,12.1,9.6,False,8.5,Frío,False,2011,11
2011-11-05,309.0,16.2,7.2,11.9,0.0,False,9.0,Frío,True,2011,11
2011-11-06,310.0,20.6,7.1,14.1,0.0,False,13.500000000000002,Templado,True,2011,11
2011-11-07,311.0,19.4,7.2,12.4,0.0,False,12.2,Frío,True,2011,11
2011-11-08,312.0,21.0,5.3,11.9,0.0,False,15.7,Templado,True,2011,11
2011-11-09,313.0,20.3,5.3,11.8,0.0,False,15.0,Templado,True,2011,11
2011-11-10,314.0,21.7,5.9,12.5,0.2,False,15.799999999999999,Templado,False,2011,11
2011-11-11,315.0,23.6,6.5,14.1,0.0,False,17.1,Templado,True,2011,11
2011-11-12,316.0,20.4,9.2,14.7,0.0,False,11.2,Templado,True,2011,11
2011-11-13,317.0,21.0,11.4,15.9,0.0,False,9.6,Templado,True,2011,11
2011-11-14,318.0,19.2,11.8,15.1,3.0,False,7.399999999999999,Frío,False,2011,11
2011-11-15,319.0,19.2,6.2,11.8,0.2,False,13.0,Frío,False,2011,11
2011-11-16,320.0,19.2,3.8,10.3,0.0,False,15.399999999999999,Frío,True,2011,11
2011-11-17,321.0,17.9,4.7,11.1,0.0,False,13.2,Frío,True,2011,11
2011-11-18,322.0,15.5,10.8,12.7,1.4,False,4.699999999999999,Frío,False,2011,11
2011-11-19,323.0,17.2,7.4,12.2,0.2,False,9.799999999999999,Frío,False,2011,11
2011-11-20,324.0,16.8,11.6,13.5,0.2,False,5.200000000000001,Frío,False,2011,11
2011-11-21,325.0,18.9,9.2,13.0,0.2,False,9.7,Frío,False,2011,11
2011-11-22,326.0,19.5,8.7,12.7,0.0,False,10.8,Frío,True,2011,11
2011-11-23,327.0,17.0,4.2,10.7,0.2,False,12.8,Frío,False,2011,11
2011-11-24,328.0,13.2,10.2,12.0,16.0,False,3.0,Frío,False,2011,11
2011-11-25,329.0,16.5,6.0,11.8,0.0,False,10.5,Frío,True,2011,11
2011-11-26,330.0,17.3,4.2,10.4,0.0,False,13.100000000000001,Frío,True,2011,11
2011-11-27,331.0,16.0,6.1,10.8,0.0,False,9.9,Frío,True,2011,11
2011-11-28,332.0,17.0,4.3,10.4,0.0,False,12.7,Frío,True,2011,11
2011-11-29,333.0,18.8,5.5,11.2,0.0,False,13.3,Frío,True,2011,11
2011-11-30,334.0,17.8,5.1,10.3,0.2,False,12.700000000000001,Frío,False,2011,11
2011-12-01,335.0,17.4,5.4,10.9,0.2,False,11.999999999999998,Frío,False,2011,12
2011-12-02,336.0,15.4,4.5,9.5,2.4,False,10.9,Frío,False,2011,12
2011-12-03,337.0,14.0,4.4,8.2,8.8,False,9.6,Frío,False,2011,12
2011-12-04,338.0,16.1,3.8,8.6,0.0,False,12.3,Frío,True,2011,12
2011-12-05,339.0,16.6,2.2,8.4,0.2,False,14.400000000000002,Frío,False,2011,12
2011-12-06,340.0,18.8,3.3,9.6,0.2,False,15.5,Frío,False,2011,12
2011-12-07,341.0,19.4,2.6,9.4,0.2,False,16.799999999999997,Frío,False,2011,12
2011-12-08,342.0,19.0,3.4,9.4,0.2,False,15.6,Frío,False,2011,12
2011-12-09,343.0,13.2,2.4,7.6,0.2,False,10.799999999999999,Frío,False,2011,12
2011-12-10,344.0,16.3,5.8,9.6,0.2,False,10.5,Frío,False,2011,12
2011-12-11,345.0,17.8,3.2,9.5,0.0,False,14.600000000000001,Frío,True,2011,12
2011-12-12,346.0,17.8,2.3,8.4,0.0,False,15.5,Frío,True,2011,12
2011-12-13,347.0,17.5,1.2,8.3,0.2,False,16.3,Frío,False,2011,12
2011-12-14,348.0,18.4,1.3,9.1,0.0,False,17.099999999999998,Frío,True,2011,12
2011-12-15,349.0,16.2,2.8,8.7,0.0,False,13.399999999999999,Frío,True,2011,12
2011-12-16,350.0,19.8,0.2,10.6,0.2,False,19.6,Frío,False,2011,12
2011-12-17,351.0,17.7,2.8,12.2,0.0,False,14.899999999999999,Frío,True,2011,12
2011-12-18,352.0,14.1,0.8,6.5,0.0,False,13.299999999999999,Frío,True,2011,12
2011-12-19,353.0,13.4,-2.2,4.1,0.0,False,15.600000000000001,Frío,True,2011,12
2011-12-20,354.0,15.3,-3.0,5.2,0.0,False,18.3,Frío,True,2011,12
2011-12-21,355.0,23.4,2.6,11.2,0.0,False,20.799999999999997,Templado,True,2011,12
2011-12-22,356.0,22.0,2.4,10.0,0.0,False,19.6,Templado,True,2011,12
2011-12-23,357.0,18.5,1.8,9.0,0.0,False,16.7,Frío,True,2011,12
2011-12-24,358.0,16.5,1.6,9.3,0.0,False,14.9,Frío,True,2011,12
2011-12-25,359.0,13.8,1.8,7.9,0.0,False,12.0,Frío,True,2011,12
2011-12-26,360.0,11.6,3.6,7.9,0.8,False,8.0,Frío,False,2011,12
2011-12-27,361.0,14.1,-0.5,7.5,0.2,False,14.6,Frío,False,2011,12
2011-12-28,362.0,14.8,0.8,8.8,0.0,False,14.0,Frío,True,2011,12
2011-12-29,363.0,15.3,-1.1,6.3,0.0,False,16.400000000000002,Frío,True,2011,12
2011-12-30,364.0,14.9,-1.8,5.5,0.2,False,16.7,Frío,False,2011,12
2011-12-31,365.0,19.8,-0.1,8.7,0.0,False,19.900000000000002,Frío,True,2011,12
2012-01-01,1.0,20.6,3.3,10.0,0.0,False,17.3,Templado,True,2012,1
2012-01-02,2.0,19.7,1.8,10.7,0.0,False,17.9,Frío,True,2012,1
2012-01-03,3.0,17.3,0.4,7.2,0.0,False,16.900000000000002,Frío,True,2012,1
2012-01-04,4.0,19.7,0.8,8.4,0.2,False,18.9,Frío,False,2012,1
2012-01-05,5.0,21.7,0.3,9.3,0.0,False,21.4,Templado,True,2012,1
2012-01-06,6.0,26.3,2.7,12.9,0.0,False,23.6,Templado,True,2012,1
2012-01-07,7.0,17.2,2.2,10.2,0.0,False,15.0,Frío,True,2012,1
2012-01-08,8.0,16.3,1.6,7.7,0.0,False,14.700000000000001,Frío,True,2012,1
2012-01-09,9.0,14.9,0.0,7.1,0.2,False,14.9,Frío,False,2012,1
2012-01-10,10.0,13.8,2.2,7.2,0.2,False,11.600000000000001,Frío,False,2012,1
2012-01-11,11.0,12.6,1.4,6.8,0.2,False,11.2,Frío,False,2012,1
2012-01-12,12.0,13.4,0.7,6.9,0.0,False,12.700000000000001,Frío,True,2012,1
2012-01-13,13.0,15.0,2.8,8.2,0.0,False,12.2,Frío,True,2012,1
2012-01-14,14.0,17.2,-0.3,7.3,0.2,False,17.5,Frío,False,2012,1
2012-01-15,15.0,14.5,-0.2,7.5,0.2,False,14.7,Frío,False,2012,1
2012-01-16,16.0,8.0,2.6,5.5,0.4,False,5.4,Muy frío,False,2012,1
2012-01-17,17.0,12.6,5.8,9.5,0.6,False,6.8,Frío,False,2012,1
2012-01-18,18.0,13.6,3.0,8.7,0.4,False,10.6,Frío,False,2012,1
2012-01-19,19.0,13.1,-0.1,5.7,0.2,False,13.2,Frío,False,2012,1
2012-01-20,20.0,16.0,-2.3,5.6,0.0,False,18.3,Frío,True,2012,1
2012-01-21,21.0,16.4,1.0,7.2,0.2,False,15.399999999999999,Frío,False,2012,1
2012-01-22,22.0,17.0,-0.6,6.9,0.2,False,17.6,Frío,False,2012,1
2012-01-23,23.0,17.4,0.2,7.5,0.2,False,17.2,Frío,False,2012,1
2012-01-24,24.0,16.9,1.4,7.9,0.2,False,15.499999999999998,Frío,False,2012,1
2012-01-25,25.0,14.3,0.5,7.3,0.2,False,13.8,Frío,False,2012,1
2012-01-26,26.0,15.7,-0.2,6.6,0.2,False,15.899999999999999,Frío,False,2012,1
2012-01-27,27.0,12.3,2.5,7.3,0.6,False,9.8,Frío,False,2012,1
2012-01-28,28.0,14.2,3.3,8.3,1.0,False,10.899999999999999,Frío,False,2012,1
2012-01-29,29.0,13.7,-0.3,7.2,0.0,False,14.0,Frío,True,2012,1
2012-01-30,30.0,13.8,-2.9,4.7,0.0,False,16.7,Frío,True,2012,1
2012-01-31,31.0,14.5,-3.3,4.5,0.0,False,17.8,Frío,True,2012,1
2012-02-01,32.0,18.7,-0.4,8.5,0.0,False,19.099999999999998,Frío,True,2012,2
2012-02-02,33.0,12.4,-1.6,5.6,0.0,False,14.0,Frío,True,2012,2
2012-02-03,34.0,8.9,-1.6,2.8,0.0,False,10.5,Muy frío,True,2012,2
2012-02-04,35.0,6.5,-6.6,1.9,0.0,False,13.1,Muy frío,True,2012,2
2012-02-05,36.0,11.5,-5.3,5.9,0.0,False,16.8,Frío,True,2012,2
2012-02-06,37.0,15.6,5.0,11.1,0.0,False,10.6,Frío,True,2012,2
2012-02-07,38.0,15.8,4.7,11.2,0.2,False,11.100000000000001,Frío,False,2012,2
2012-02-08,39.0,9.2,-3.6,3.2,0.0,False,12.799999999999999,Muy frío,True,2012,2
2012-02-09,40.0,9.9,-6.0,1.4,0.0,False,15.9,Muy frío,True,2012,2
2012-02-10,41.0,14.2,-4.7,4.0,0.0,False,18.9,Frío,True,2012,2
2012-02-11,42.0,13.5,-4.1,3.8,0.0,False,17.6,Frío,True,2012,2
2012-02-12,43.0,10.8,-6.6,0.6,0.0,False,17.4,Frío,True,2012,2
2012-02-13,44.0,10.2,-8.2,0.5,0.0,False,18.4,Frío,True,2012,2
2012-02-14,45.0,13.1,-5.3,5.3,0.0,False,18.4,Frío,True,2012,2
2012-02-15,46.0,11.9,-2.6,4.6,0.0,False,14.5,Frío,True,2012,2
2012-02-16,47.0,12.5,-4.5,4.3,0.0,False,17.0,Frío,True,2012,2
2012-02-17,48.0,11.8,-1.0,5.5,0.0,False,12.8,Frío,True,2012,2
2012-02-18,49.0,14.8,-1.5,5.9,0.0,False,16.3,Frío,True,2012,2
2012-02-19,50.0,16.8,-1.1,6.7,0.2,False,17.900000000000002,Frío,False,2012,2
2012-02-20,51.0,13.5,-0.3,6.6,0.0,False,13.8,Frío,True,2012,2
2012-02-21,52.0,13.0,-0.4,6.1,0.0,False,13.4,Frío,True,2012,2
2012-02-22,53.0,14.7,-1.8,5.9,0.0,False,16.5,Frío,True,2012,2
2012-02-23,54.0,16.5,-1.8,6.6,0.2,False,18.3,Frío,False,2012,2
2012-02-24,55.0,17.6,-2.3,7.4,0.0,False,19.900000000000002,Frío,True,2012,2
2012-02-25,56.0,18.8,-1.8,8.3,0.0,False,20.6,Frío,True,2012,2
2012-02-26,57.0,23.0,0.6,12.3,0.0,False,22.4,Templado,True,2012,2
2012-02-27,58.0,19.4,4.7,11.9,0.0,False,14.7,Frío,True,2012,2
2012-02-28,59.0,16.7,5.6,10.5,0.0,False,11.1,Frío,True,2012,2
2012-02-29,60.0,18.6,1.8,9.5,0.0,False,16.8,Frío,True,2012,2
2012-03-01,61.0,20.2,2.2,10.8,0.0,False,18.0,Templado,True,2012,3
2012-03-02,62.0,15.3,4.2,9.6,0.4,False,11.100000000000001,Frío,False,2012,3
2012-03-03,63.0,19.8,1.6,9.8,0.0,False,18.2,Frío,True,2012,3
2012-03-04,64.0,21.2,2.4,12.3,0.0,False,18.8,Templado,True,2012,3
2012-03-05,65.0,18.7,5.1,11.6,0.0,False,13.6,Frío,True,2012,3
2012-03-06,66.0,18.3,2.2,9.9,0.0,False,16.1,Frío,True,2012,3
2012-03-07,67.0,13.8,0.8,7.9,0.0,False,13.0,Frío,True,2012,3
2012-03-08,68.0,20.4,-0.2,10.4,0.0,False,20.599999999999998,Templado,True,2012,3
2012-03-09,69.0,15.8,5.5,9.8,0.0,False,10.3,Frío,True,2012,3
2012-03-10,70.0,15.5,2.2,8.6,0.0,False,13.3,Frío,True,2012,3
2012-03-11,71.0,17.2,-0.4,8.2,0.0,False,17.599999999999998,Frío,True,2012,3
2012-03-12,72.0,21.1,0.8,10.1,0.0,False,20.3,Templado,True,2012,3
2012-03-13,73.0,21.5,2.2,11.7,0.0,False,19.3,Templado,True,2012,3
2012-03-14,74.0,23.2,2.5,12.8,0.0,False,20.7,Templado,True,2012,3
2012-03-15,75.0,20.9,4.3,12.5,0.0,False,16.599999999999998,Templado,True,2012,3
2012-03-16,76.0,20.5,2.4,11.4,0.0,False,18.1,Templado,True,2012,3
2012-03-17,77.0,21.2,2.2,11.8,0.0,False,19.0,Templado,True,2012,3
2012-03-18,78.0,21.8,4.0,12.5,0.0,False,17.8,Templado,True,2012,3
2012-03-19,79.0,16.8,3.9,10.4,0.2,False,12.9,Frío,False,2012,3
2012-03-20,80.0,12.9,5.1,7.9,0.0,False,7.800000000000001,Frío,True,2012,3
2012-03-21,81.0,15.0,4.1,8.6,0.0,False,10.9,Frío,True,2012,3
2012-03-22,82.0,16.8,2.6,9.7,0.0,False,14.200000000000001,Frío,True,2012,3
2012-03-23,83.0,18.5,3.1,11.1,0.0,False,15.4,Frío,True,2012,3
2012-03-24,84.0,16.2,8.9,11.4,0.0,False,7.299999999999999,Frío,True,2012,3
2012-03-25,85.0,16.6,7.2,11.2,0.0,False,9.400000000000002,Frío,True,2012,3
2012-03-26,86.0,17.8,8.5,12.9,0.0,False,9.3,Frío,True,2012,3
2012-03-27,87.0,18.8,3.3,11.8,0.0,False,15.5,Frío,True,2012,3
2012-03-28,88.0,18.4,9.1,13.1,0.0,False,9.299999999999999,Frío,True,2012,3
2012-03-29,89.0,18.8,7.3,13.0,0.0,False,11.5,Frío,True,2012,3
2012-03-30,90.0,19.9,3.9,11.7,0.0,False,15.999999999999998,Frío,True,2012,3
2012-03-31,91.0,21.3,6.8,13.0,0.2,False,14.5,Templado,False,2012,3
2012-04-01,92.0,22.4,4.9,12.9,0.0,False,17.5,Templado,True,2012,4
2012-04-02,93.0,21.8,6.4,13.8,0.0,False,15.4,Templado,True,2012,4
2012-04-03,94.0,19.7,6.0,12.8,0.0,False,13.7,Frío,True,2012,4
2012-04-04,95.0,19.8,6.1,12.5,0.4,False,13.700000000000001,Frío,False,2012,4
2012-04-05,96.0,18.2,5.7,12.5,0.0,False,12.5,Frío,True,2012,4
2012-04-06,97.0,17.6,4.5,11.4,0.0,False,13.100000000000001,Frío,True,2012,4
2012-04-07,98.0,18.9,1.1,10.6,0.0,False,17.799999999999997,Frío,True,2012,4
2012-04-08,99.0,21.7,2.8,12.6,0.0,False,18.9,Templado,True,2012,4
2012-04-09,100.0,25.8,5.5,15.9,0.0,False,20.3,Templado,True,2012,4
2012-04-10,101.0,24.5,10.5,17.8,0.0,False,14.0,Templado,True,2012,4
2012-04-11,102.0,23.5,9.5,16.5,0.0,False,14.0,Templado,True,2012,4
2012-04-12,103.0,19.5,8.4,13.0,0.0,False,11.1,Frío,True,2012,4
2012-04-13,104.0,16.7,6.5,12.6,0.0,False,10.2,Frío,True,2012,4
2012-04-14,105.0,19.5,9.6,13.9,0.0,False,9.9,Frío,True,2012,4
2012-04-15,106.0,15.5,6.1,11.0,0.0,False,9.4,Frío,True,2012,4
2012-04-16,107.0,16.3,7.7,11.9,0.0,False,8.600000000000001,Frío,True,2012,4
2012-04-17,108.0,21.9,3.5,14.9,0.0,False,18.4,Templado,True,2012,4
2012-04-18,109.0,24.0,9.2,16.9,0.0,False,14.8,Templado,True,2012,4
2012-04-19,110.0,18.5,12.1,15.2,0.0,False,6.4,Frío,True,2012,4
2012-04-20,111.0,23.8,11.2,17.5,0.0,False,12.600000000000001,Templado,True,2012,4
2012-04-21,112.0,24.6,9.4,16.9,0.0,False,15.200000000000001,Templado,True,2012,4
2012-04-22,113.0,23.2,8.5,16.7,0.0,False,14.7,Templado,True,2012,4
2012-04-23,114.0,25.8,8.9,18.5,0.0,False,16.9,Templado,True,2012,4
2012-04-24,115.0,23.9,9.7,17.8,0.0,False,14.2,Templado,True,2012,4
2012-04-25,116.0,26.4,6.7,16.8,0.0,False,19.7,Templado,True,2012,4
2012-04-26,117.0,29.0,8.1,19.2,0.0,False,20.9,Templado,True,2012,4
2012-04-27,118.0,28.0,10.1,19.2,0.0,False,17.9,Templado,True,2012,4
2012-04-28,119.0,21.0,12.0,15.1,0.0,False,9.0,Templado,True,2012,4
2012-04-29,120.0,16.7,7.4,12.0,0.0,False,9.299999999999999,Frío,True,2012,4
2012-04-30,121.0,19.1,2.3,10.6,0.0,False,16.8,Frío,True,2012,4
2012-05-01,122.0,19.7,2.3,11.8,0.0,False,17.4,Frío,True,2012,5
2012-05-02,123.0,22.0,3.7,13.6,0.0,False,18.3,Templado,True,2012,5
2012-05-03,124.0,23.8,5.5,15.9,0.0,False,18.3,Templado,True,2012,5
2012-05-04,125.0,24.3,8.9,17.2,0.0,False,15.4,Templado,True,2012,5
2012-05-05,126.0,21.7,9.2,16.2,0.0,False,12.5,Templado,True,2012,5
2012-05-06,127.0,23.4,7.5,16.1,0.0,False,15.899999999999999,Templado,True,2012,5
2012-05-07,128.0,24.9,7.5,16.9,0.0,False,17.4,Templado,True,2012,5
2012-05-08,129.0,28.2,9.6,19.6,0.0,False,18.6,Templado,True,2012,5
2012-05-09,130.0,29.6,14.2,21.8,0.0,False,15.400000000000002,Templado,True,2012,5
2012-05-10,131.0,28.7,11.9,21.6,0.0,False,16.799999999999997,Templado,True,2012,5
2012-05-11,132.0,29.0,14.2,21.9,0.0,False,14.8,Templado,True,2012,5
2012-05-12,133.0,31.4,11.8,22.4,0.0,False,19.599999999999998,Caluroso,True,2012,5
2012-05-13,134.0,34.2,13.8,24.3,0.0,False,20.400000000000002,Caluroso,True,2012,5
2012-05-14,135.0,28.9,15.9,22.3,0.0,False,12.999999999999998,Templado,True,2012,5
2012-05-15,136.0,28.7,14.1,20.6,0.0,False,14.6,Templado,True,2012,5
2012-05-16,137.0,25.9,11.8,18.5,0.0,False,14.099999999999998,Templado,True,2012,5
2012-05-17,138.0,28.2,12.1,19.8,0.0,False,16.1,Templado,True,2012,5
2012-05-18,139.0,30.5,14.0,20.2,0.0,False,16.5,Caluroso,True,2012,5
2012-05-19,140.0,27.3,11.4,19.1,0.0,False,15.9,Templado,True,2012,5
2012-05-20,141.0,21.5,10.6,15.5,0.0,False,10.9,Templado,True,2012,5
2012-05-21,142.0,23.6,10.1,17.2,0.0,False,13.500000000000002,Templado,True,2012,5
2012-05-22,143.0,26.0,8.0,18.3,0.0,False,18.0,Templado,True,2012,5
2012-05-23,144.0,29.3,10.5,21.0,0.0,False,18.8,Templado,True,2012,5
2012-05-24,145.0,28.8,12.3,20.8,0.0,False,16.5,Templado,True,2012,5
2012-05-25,146.0,29.4,12.2,20.9,0.0,False,17.2,Templado,True,2012,5
2012-05-26,147.0,31.4,11.9,21.7,0.0,False,19.5,Caluroso,True,2012,5
2012-05-27,148.0,28.6,14.2,21.7,0.0,False,14.400000000000002,Templado,True,2012,5
2012-05-28,149.0,26.4,14.5,20.2,0.0,False,11.899999999999999,Templado,True,2012,5
2012-05-29,150.0,28.4,11.5,20.5,0.0,False,16.9,Templado,True,2012,5
2012-05-30,151.0,28.1,14.2,20.9,0.0,False,13.900000000000002,Templado,True,2012,5
2012-05-31,152.0,29.4,15.0,22.2,0.0,False,14.399999999999999,Templado,True,2012,5
2012-06-01,153.0,30.7,13.4,23.2,0.0,False,17.299999999999997,Caluroso,True,2012,6
2012-06-02,154.0,33.2,14.4,24.7,0.0,False,18.800000000000004,Caluroso,True,2012,6
2012-06-03,155.0,30.4,18.4,24.6,0.0,False,12.0,Caluroso,True,2012,6
2012-06-04,156.0,30.0,15.5,23.2,0.0,False,14.5,Templado,True,2012,6
2012-06-05,157.0,30.8,15.5,22.5,0.0,False,15.3,Caluroso,True,2012,6
2012-06-06,158.0,35.4,14.3,25.6,0.0,True,21.099999999999998,Caluroso,True,2012,6
2012-06-07,159.0,38.1,16.9,28.8,0.0,True,21.200000000000003,Caluroso,True,2012,6
2012-06-08,160.0,29.8,17.8,25.0,0.0,False,12.0,Templado,True,2012,6
2012-06-09,161.0,27.7,15.5,21.9,0.0,False,12.2,Templado,True,2012,6
2012-06-10,162.0,34.3,13.6,25.4,0.0,False,20.699999999999996,Caluroso,True,2012,6
2012-06-11,163.0,35.6,18.8,28.4,0.0,True,16.8,Caluroso,True,2012,6
2012-06-12,164.0,26.9,14.1,21.8,0.0,False,12.799999999999999,Templado,True,2012,6
2012-06-13,165.0,26.4,12.7,19.6,0.0,False,13.7,Templado,True,2012,6
2012-06-14,166.0,27.0,12.8,20.3,0.0,False,14.2,Templado,True,2012,6
2012-06-15,167.0,28.8,12.0,21.9,0.0,False,16.8,Templado,True,2012,6
2012-06-16,168.0,32.1,13.8,23.9,0.0,False,18.3,Caluroso,True,2012,6
2012-06-17,169.0,29.2,15.5,22.8,0.0,False,13.7,Templado,True,2012,6
2012-06-18,170.0,30.4,0.0,0.0,0.2,False,30.4,Caluroso,False,2012,6
2012-06-19,171.0,29.9,18.4,23.4,0.0,False,11.5,Templado,True,2012,6
2012-06-20,172.0,33.0,18.1,25.1,0.0,False,14.899999999999999,Caluroso,True,2012,6
2012-06-21,173.0,35.3,15.5,25.9,0.0,True,19.799999999999997,Caluroso,True,2012,6
2012-06-22,174.0,34.0,18.0,25.4,0.0,False,16.0,Caluroso,True,2012,6
2012-06-23,175.0,30.7,18.0,23.7,0.0,False,12.7,Caluroso,True,2012,6
2012-06-24,176.0,34.2,17.9,25.4,0.0,False,16.300000000000004,Caluroso,True,2012,6
2012-06-25,177.0,32.0,18.6,25.2,0.0,False,13.399999999999999,Caluroso,True,2012,6
2012-06-26,178.0,35.2,17.6,27.2,0.0,True,17.6,Caluroso,True,2012,6
2012-06-27,179.0,38.2,20.0,28.7,0.0,True,18.200000000000003,Caluroso,True,2012,6
2012-06-28,180.0,40.5,20.0,30.9,0.0,True,20.5,Extremo,True,2012,6
2012-06-29,181.0,39.6,19.7,30.7,0.0,True,19.900000000000002,Caluroso,True,2012,6
2012-06-30,182.0,37.9,19.7,29.8,0.0,True,18.2,Caluroso,True,2012,6
2012-07-01,183.0,30.2,16.3,24.0,0.0,False,13.899999999999999,Caluroso,True,2012,7
2012-07-02,184.0,29.2,14.4,21.9,0.0,False,14.799999999999999,Templado,True,2012,7
2012-07-03,185.0,31.3,15.3,23.1,0.0,False,16.0,Caluroso,True,2012,7
2012-07-04,186.0,34.1,14.6,23.9,0.0,False,19.5,Caluroso,True,2012,7
2012-07-05,187.0,36.8,16.1,27.3,0.0,True,20.699999999999996,Caluroso,True,2012,7
2012-07-06,188.0,30.0,17.2,24.4,0.0,False,12.8,Templado,True,2012,7
2012-07-07,189.0,31.8,16.8,24.2,0.0,False,15.0,Caluroso,True,2012,7
2012-07-08,190.0,35.0,17.4,26.0,0.0,False,17.6,Caluroso,True,2012,7
2012-07-09,191.0,33.2,18.6,25.5,0.0,False,14.600000000000001,Caluroso,True,2012,7
2012-07-10,192.0,37.0,16.1,26.5,0.0,True,20.9,Caluroso,True,2012,7
2012-07-11,193.0,36.8,16.8,25.9,0.0,True,19.999999999999996,Caluroso,True,2012,7
2012-07-12,194.0,31.4,17.1,25.1,0.0,False,14.299999999999997,Caluroso,True,2012,7
2012-07-13,195.0,37.7,17.0,27.0,0.0,True,20.700000000000003,Caluroso,True,2012,7
2012-07-14,196.0,41.4,20.6,29.1,0.0,True,20.799999999999997,Extremo,True,2012,7
2012-07-15,197.0,29.5,20.6,24.2,0.0,False,8.899999999999999,Templado,True,2012,7
2012-07-16,198.0,28.3,19.3,23.2,0.0,False,9.0,Templado,True,2012,7
2012-07-17,199.0,28.8,16.8,23.3,0.0,False,12.0,Templado,True,2012,7
2012-07-18,200.0,32.2,14.4,24.4,0.0,False,17.800000000000004,Caluroso,True,2012,7
2012-07-19,201.0,33.7,15.6,25.7,0.0,False,18.1,Caluroso,True,2012,7
2012-07-20,202.0,36.5,15.7,26.3,0.0,True,20.8,Caluroso,True,2012,7
2012-07-21,203.0,32.0,18.3,24.7,0.0,False,13.7,Caluroso,True,2012,7
2012-07-22,204.0,31.1,19.0,24.2,0.0,False,12.100000000000001,Caluroso,True,2012,7
2012-07-23,205.0,28.7,18.9,23.2,0.0,False,9.8,Templado,True,2012,7
2012-07-24,206.0,28.6,16.4,22.4,0.0,False,12.200000000000003,Templado,True,2012,7
2012-07-25,207.0,32.1,18.1,24.9,0.0,False,14.0,Caluroso,True,2012,7
2012-07-26,208.0,31.2,18.8,25.1,0.0,False,12.399999999999999,Caluroso,True,2012,7
2012-07-27,209.0,34.4,18.3,26.1,0.0,False,16.099999999999998,Caluroso,True,2012,7
2012-07-28,210.0,35.2,17.0,26.3,0.0,True,18.200000000000003,Caluroso,True,2012,7
2012-07-29,211.0,32.9,16.2,25.1,0.0,False,16.7,Caluroso,True,2012,7
2012-07-30,212.0,32.6,17.4,25.2,0.0,False,15.200000000000003,Caluroso,True,2012,7
2012-07-31,213.0,35.6,18.7,26.8,0.0,True,16.900000000000002,Caluroso,True,2012,7
2012-08-01,214.0,38.3,19.8,27.9,0.0,True,18.499999999999996,Caluroso,True,2012,8
2012-08-02,215.0,37.2,21.0,28.7,0.0,True,16.200000000000003,Caluroso,True,2012,8
2012-08-03,,,,,,False,,,False,2012,8
2012-08-04,,,,,,False,,,False,2012,8
2012-08-05,,,,,,False,,,False,2012,8
2012-08-06,,,,,,False,,,False,2012,8
2012-08-07,,,,,,False,,,False,2012,8
2012-08-08,,,,,,False,,,False,2012,8
2012-08-09,,,,,,False,,,False,2012,8
2012-08-10,,,,,,False,,,False,2012,8
2012-08-11,,,,,,False,,,False,2012,8
2012-08-12,225.0,41.6,21.0,31.7,0.0,True,20.6,Extremo,True,2012,8
2012-08-13,226.0,32.7,18.1,25.5,0.0,False,14.600000000000001,Caluroso,True,2012,8
2012-08-14,227.0,34.8,17.1,25.9,0.0,False,17.699999999999996,Caluroso,True,2012,8
2012-08-15,228.0,36.8,15.3,26.1,0.0,True,21.499999999999996,Caluroso,True,2012,8
2012-08-16,229.0,36.6,16.2,26.8,0.0,True,20.400000000000002,Caluroso,True,2012,8
2012-08-17,230.0,36.7,21.2,27.4,0.0,True,15.500000000000004,Caluroso,True,2012,8
2012-08-18,231.0,34.6,20.0,27.3,0.0,False,14.600000000000001,Caluroso,True,2012,8
2012-08-19,232.0,35.9,21.5,27.4,0.0,True,14.399999999999999,Caluroso,True,2012,8
2012-08-20,233.0,35.6,20.6,27.4,0.0,True,15.0,Caluroso,True,2012,8
2012-08-21,234.0,36.9,20.2,28.4,0.0,True,16.7,Caluroso,True,2012,8
2012-08-22,235.0,39.1,20.2,28.6,0.0,True,18.900000000000002,Caluroso,True,2012,8
2012-08-23,236.0,37.3,19.4,27.2,0.0,True,17.9,Caluroso,True,2012,8
2012-08-24,237.0,37.2,18.9,28.4,0.0,True,18.300000000000004,Caluroso,True,2012,8
2012-08-25,238.0,35.3,19.7,27.9,0.0,True,15.599999999999998,Caluroso,True,2012,8
2012-08-26,239.0,32.5,19.6,26.5,0.0,False,12.899999999999999,Caluroso,True,2012,8
2012-08-27,240.0,32.3,19.1,25.2,0.0,False,13.199999999999996,Caluroso,True,2012,8
2012-08-28,241.0,35.5,18.7,26.4,0.0,True,16.8,Caluroso,True,2012,8
2012-08-29,242.0,35.9,17.5,25.7,0.0,True,18.4,Caluroso,True,2012,8
2012-08-30,243.0,34.6,17.5,26.0,0.0,False,17.1,Caluroso,True,2012,8
2012-08-31,244.0,29.2,18.6,22.2,0.0,False,10.599999999999998,Templado,True,2012,8
2012-09-01,245.0,27.0,18.3,22.0,0.0,False,8.7,Templado,True,2012,9
2012-09-02,246.0,24.2,14.7,19.9,0.0,False,9.5,Templado,True,2012,9
2012-09-03,247.0,26.4,11.2,19.1,0.0,False,15.2,Templado,True,2012,9
2012-09-04,248.0,27.0,12.4,19.9,0.0,False,14.6,Templado,True,2012,9
2012-09-05,249.0,27.5,12.8,20.2,0.0,False,14.7,Templado,True,2012,9
2012-09-06,250.0,28.5,16.5,21.7,0.0,False,12.0,Templado,True,2012,9
2012-09-07,251.0,28.9,16.2,21.9,0.0,False,12.7,Templado,True,2012,9
2012-09-08,252.0,30.1,14.0,22.2,0.0,False,16.1,Caluroso,True,2012,9
2012-09-09,253.0,31.8,13.2,21.6,0.0,False,18.6,Caluroso,True,2012,9
2012-09-10,254.0,30.8,12.6,21.4,0.0,False,18.200000000000003,Caluroso,True,2012,9
2012-09-11,255.0,30.5,13.4,22.5,0.0,False,17.1,Caluroso,True,2012,9
2012-09-12,256.0,32.8,15.0,23.5,0.0,False,17.799999999999997,Caluroso,True,2012,9
2012-09-13,257.0,27.3,15.9,22.0,0.0,False,11.4,Templado,True,2012,9
2012-09-14,258.0,27.1,14.0,20.2,0.0,False,13.100000000000001,Templado,True,2012,9
2012-09-15,259.0,32.7,12.6,22.5,0.0,False,20.1,Caluroso,True,2012,9
2012-09-16,260.0,33.7,11.7,23.0,0.0,False,22.000000000000004,Caluroso,True,2012,9
2012-09-17,261.0,33.1,13.3,23.0,0.0,False,19.8,Caluroso,True,2012,9
2012-09-18,262.0,30.0,15.9,23.2,0.0,False,14.1,Templado,True,2012,9
2012-09-19,263.0,29.2,19.5,22.7,0.0,False,9.7,Templado,True,2012,9
2012-09-20,264.0,25.6,19.2,21.6,0.0,False,6.400000000000002,Templado,True,2012,9
2012-09-21,265.0,29.0,15.5,22.0,0.0,False,13.5,Templado,True,2012,9
2012-09-22,266.0,31.1,15.5,22.5,0.0,False,15.600000000000001,Caluroso,True,2012,9
2012-09-23,267.0,34.4,14.2,25.5,0.2,False,20.2,Caluroso,False,2012,9
2012-09-24,268.0,29.2,15.8,24.2,0.0,False,13.399999999999999,Templado,True,2012,9
2012-09-25,269.0,28.1,12.1,20.8,0.0,False,16.0,Templado,True,2012,9
2012-09-26,270.0,26.2,11.6,19.9,0.0,False,14.6,Templado,True,2012,9
2012-09-27,271.0,21.9,16.4,18.6,0.8,False,5.5,Templado,False,2012,9
2012-09-28,272.0,18.6,12.1,16.4,64.6,False,6.500000000000002,Frío,False,2012,9
2012-09-29,273.0,18.0,11.1,14.2,1.2,False,6.9,Frío,False,2012,9
2012-09-30,274.0,22.5,10.8,16.5,0.2,False,11.7,Templado,False,2012,9
2012-10-01,275.0,24.6,10.9,17.1,0.2,False,13.700000000000001,Templado,False,2012,10
2012-10-02,276.0,26.1,12.0,18.4,0.2,False,14.100000000000001,Templado,False,2012,10
2012-10-03,277.0,25.7,10.8,18.1,0.0,False,14.899999999999999,Templado,True,2012,10
2012-10-04,278.0,26.7,11.6,19.1,0.0,False,15.1,Templado,True,2012,10
2012-10-05,279.0,25.3,12.7,18.9,0.0,False,12.600000000000001,Templado,True,2012,10
2012-10-06,280.0,27.4,14.4,20.0,0.0,False,12.999999999999998,Templado,True,2012,10
2012-10-07,281.0,29.1,14.2,21.0,0.0,False,14.900000000000002,Templado,True,2012,10
2012-10-08,282.0,31.8,14.5,21.7,0.0,False,17.3,Caluroso,True,2012,10
2012-10-09,283.0,31.2,14.0,22.2,0.0,False,17.2,Caluroso,True,2012,10
2012-10-10,284.0,30.3,12.9,21.3,0.0,False,17.4,Caluroso,True,2012,10
2012-10-11,285.0,29.4,15.1,21.5,0.0,False,14.299999999999999,Templado,True,2012,10
2012-10-12,286.0,26.1,14.2,19.1,1.6,False,11.900000000000002,Templado,False,2012,10
2012-10-13,287.0,23.6,11.3,16.7,0.2,False,12.3,Templado,False,2012,10
2012-10-14,288.0,24.0,9.7,16.9,0.0,False,14.3,Templado,True,2012,10
2012-10-15,289.0,21.0,9.7,15.9,0.0,False,11.3,Templado,True,2012,10
2012-10-16,290.0,22.0,7.3,14.2,0.2,False,14.7,Templado,False,2012,10
2012-10-17,291.0,24.7,7.9,15.8,0.0,False,16.799999999999997,Templado,True,2012,10
2012-10-18,292.0,26.7,13.0,19.1,0.0,False,13.7,Templado,True,2012,10
2012-10-19,293.0,21.2,14.0,17.3,0.0,False,7.199999999999999,Templado,True,2012,10
2012-10-20,294.0,15.5,12.2,13.6,4.2,False,3.3000000000000007,Frío,False,2012,10
2012-10-21,295.0,20.8,11.8,15.4,0.0,False,9.0,Templado,True,2012,10
2012-10-22,296.0,23.3,9.1,15.9,0.0,False,14.200000000000001,Templado,True,2012,10
2012-10-23,297.0,24.3,10.7,16.5,0.0,False,13.600000000000001,Templado,True,2012,10
2012-10-24,298.0,19.3,10.3,14.6,2.6,False,9.0,Frío,False,2012,10
2012-10-25,299.0,17.7,11.8,14.6,2.2,False,5.899999999999999,Frío,False,2012,10
2012-10-26,300.0,20.4,11.2,15.2,4.2,False,9.2,Templado,False,2012,10
2012-10-27,301.0,22.2,8.9,15.4,0.2,False,13.299999999999999,Templado,False,2012,10
2012-10-28,302.0,17.0,3.7,11.4,0.2,False,13.3,Frío,False,2012,10
2012-10-29,303.0,17.6,2.3,9.5,0.0,False,15.3,Frío,True,2012,10
2012-10-30,304.0,14.8,5.8,10.8,8.2,False,9.0,Frío,False,2012,10
2012-10-31,305.0,18.9,8.7,13.5,0.2,False,10.2,Frío,False,2012,10
2012-11-01,306.0,21.5,6.7,14.0,0.0,False,14.8,Templado,True,2012,11
2012-11-02,307.0,20.1,6.3,13.4,0.0,False,13.8,Templado,True,2012,11
2012-11-03,308.0,23.2,12.5,19.0,1.6,False,10.7,Templado,False,2012,11
2012-11-04,309.0,25.4,17.1,21.4,1.0,False,8.299999999999997,Templado,False,2012,11
2012-11-05,310.0,20.2,11.7,16.2,10.8,False,8.5,Templado,False,2012,11
2012-11-06,311.0,12.1,9.3,10.8,12.0,False,2.799999999999999,Frío,False,2012,11
2012-11-07,312.0,14.1,10.0,12.2,16.8,False,4.1,Frío,False,2012,11
2012-11-08,313.0,15.1,12.1,13.6,0.0,False,3.0,Frío,True,2012,11
2012-11-09,314.0,15.7,12.2,13.9,4.6,False,3.5,Frío,False,2012,11
2012-11-10,315.0,18.7,7.5,12.9,0.2,False,11.2,Frío,False,2012,11
2012-11-11,316.0,12.2,7.5,9.4,8.0,False,4.699999999999999,Frío,False,2012,11
2012-11-12,317.0,14.4,8.3,11.6,2.4,False,6.1,Frío,False,2012,11
2012-11-13,318.0,15.1,8.4,12.1,2.2,False,6.699999999999999,Frío,False,2012,11
2012-11-14,319.0,18.8,9.2,13.4,0.4,False,9.600000000000001,Frío,False,2012,11
2012-11-15,320.0,17.1,12.3,14.2,2.0,False,4.800000000000001,Frío,False,2012,11
2012-11-16,321.0,17.1,11.4,13.9,0.4,False,5.700000000000001,Frío,False,2012,11
2012-11-17,322.0,17.5,8.8,12.0,0.6,False,8.7,Frío,False,2012,11
2012-11-18,323.0,16.1,7.5,11.3,1.0,False,8.600000000000001,Frío,False,2012,11
2012-11-19,324.0,18.0,7.1,12.4,0.2,False,10.9,Frío,False,2012,11
2012-11-20,325.0,18.9,6.7,12.4,0.2,False,12.2,Frío,False,2012,11
2012-11-21,326.0,17.7,0.0,13.3,0.0,False,17.7,Frío,True,2012,11
2012-11-22,327.0,17.3,7.4,11.6,0.0,False,9.9,Frío,True,2012,11
2012-11-23,328.0,17.2,6.5,11.3,0.2,False,10.7,Frío,False,2012,11
2012-11-24,329.0,15.8,3.8,9.8,0.2,False,12.0,Frío,False,2012,11
2012-11-25,330.0,18.8,5.3,11.1,0.2,False,13.5,Frío,False,2012,11
2012-11-26,331.0,17.7,7.4,12.1,0.0,False,10.299999999999999,Frío,True,2012,11
2012-11-27,332.0,14.4,3.9,9.1,0.2,False,10.5,Frío,False,2012,11
2012-11-28,333.0,12.8,2.9,8.3,0.0,False,9.9,Frío,True,2012,11
2012-11-29,334.0,13.4,1.1,7.3,0.0,False,12.3,Frío,True,2012,11
2012-11-30,335.0,10.2,-1.6,3.9,0.0,False,11.799999999999999,Frío,True,2012,11
2012-12-01,336.0,12.1,-2.5,3.7,0.0,False,14.6,Frío,True,2012,12
2012-12-02,337.0,13.4,-2.3,4.3,0.0,False,15.7,Frío,True,2012,12
2012-12-03,338.0,15.9,-1.8,5.5,0.2,False,17.7,Frío,False,2012,12
2012-12-04,339.0,18.2,0.7,10.0,0.0,False,17.5,Frío,True,2012,12
2012-12-05,340.0,15.5,0.5,9.7,0.0,False,15.0,Frío,True,2012,12
2012-12-06,341.0,12.2,0.4,5.7,0.0,False,11.799999999999999,Frío,True,2012,12
2012-12-07,342.0,15.9,5.0,9.2,0.2,False,10.9,Frío,False,2012,12
2012-12-08,343.0,18.2,3.7,10.0,0.2,False,14.5,Frío,False,2012,12
2012-12-09,344.0,14.3,2.2,7.5,0.2,False,12.100000000000001,Frío,False,2012,12
2012-12-10,345.0,15.5,0.0,7.1,0.0,False,15.5,Frío,True,2012,12
2012-12-11,346.0,14.3,1.8,7.6,0.0,False,12.5,Frío,True,2012,12
2012-12-12,347.0,14.0,3.4,7.8,0.2,False,10.6,Frío,False,2012,12
2012-12-13,348.0,14.7,3.2,8.2,0.0,False,11.5,Frío,True,2012,12
2012-12-14,349.0,17.9,1.8,10.0,0.2,False,16.099999999999998,Frío,False,2012,12
2012-12-15,350.0,20.8,7.8,14.9,0.0,False,13.0,Templado,True,2012,12
2012-12-16,351.0,20.4,8.7,15.3,0.0,False,11.7,Templado,True,2012,12
2012-12-17,352.0,20.1,6.7,12.9,0.0,False,13.400000000000002,Templado,True,2012,12
2012-12-18,353.0,18.6,5.5,11.5,0.0,False,13.100000000000001,Frío,True,2012,12
2012-12-19,354.0,20.0,4.9,11.1,0.2,False,15.1,Frío,False,2012,12
2012-12-20,355.0,18.0,0.9,9.1,0.0,False,17.1,Frío,True,2012,12
2012-12-21,356.0,23.1,4.3,13.5,0.0,False,18.8,Templado,True,2012,12
2012-12-22,357.0,21.8,6.0,12.1,0.0,False,15.8,Templado,True,2012,12
2012-12-23,358.0,21.8,4.8,11.4,0.0,False,17.0,Templado,True,2012,12
2012-12-24,359.0,24.9,4.0,11.8,0.0,False,20.9,Templado,True,2012,12
2012-12-25,360.0,17.8,4.4,10.2,0.0,False,13.4,Frío,True,2012,12
2012-12-26,361.0,16.9,2.2,9.1,0.0,False,14.7,Frío,True,2012,12
2012-12-27,362.0,16.8,-0.7,6.5,0.2,False,17.5,Frío,False,2012,12
2012-12-28,363.0,19.3,-1.7,6.6,0.0,False,21.0,Frío,True,2012,12
2012-12-29,364.0,15.9,-2.5,6.3,0.0,False,18.4,Frío,True,2012,12
2012-12-30,365.0,16.1,-0.3,7.0,0.0,False,16.400000000000002,Frío,True,2012,12
2012-12-31,366.0,12.4,-1.5,5.2,0.2,False,13.9,Frío,False,2012,12
2013-01-01,1.0,16.5,2.0,7.7,0.2,False,14.5,Frío,False,2013,1
2013-01-02,2.0,15.7,-0.4,6.6,0.0,False,16.099999999999998,Frío,True,2013,1
2013-01-03,3.0,12.5,1.4,7.5,0.0,False,11.1,Frío,True,2013,1
2013-01-04,4.0,15.1,0.3,7.0,0.0,False,14.799999999999999,Frío,True,2013,1
2013-01-05,5.0,18.3,-1.0,7.3,0.0,False,19.3,Frío,True,2013,1
2013-01-06,6.0,20.6,1.0,8.9,0.0,False,19.6,Templado,True,2013,1
2013-01-07,7.0,19.4,0.8,7.9,0.0,False,18.599999999999998,Frío,True,2013,1
2013-01-08,8.0,19.1,0.0,7.4,0.0,False,19.1,Frío,True,2013,1
2013-01-09,9.0,16.7,-2.0,6.5,0.2,False,18.7,Frío,False,2013,1
2013-01-10,10.0,17.1,1.8,8.8,0.0,False,15.3,Frío,True,2013,1
2013-01-11,11.0,17.7,1.4,8.7,0.0,False,16.3,Frío,True,2013,1
2013-01-12,12.0,17.5,0.5,8.3,0.2,False,17.0,Frío,False,2013,1
2013-01-13,13.0,13.8,2.9,9.1,0.0,False,10.9,Frío,True,2013,1
2013-01-14,14.0,13.4,2.8,8.5,0.0,False,10.600000000000001,Frío,True,2013,1
2013-01-15,15.0,16.5,0.6,8.4,0.0,False,15.9,Frío,True,2013,1
2013-01-16,16.0,14.4,7.6,10.6,0.0,False,6.800000000000001,Frío,True,2013,1
2013-01-17,17.0,19.2,7.6,13.9,0.0,False,11.6,Frío,True,2013,1
2013-01-18,18.0,20.8,13.2,16.6,0.0,False,7.600000000000001,Templado,True,2013,1
2013-01-19,19.0,15.2,7.4,11.7,10.6,False,7.799999999999999,Frío,False,2013,1
2013-01-20,20.0,12.6,6.9,9.3,0.0,False,5.699999999999999,Frío,True,2013,1
2013-01-21,21.0,15.1,1.2,9.8,0.0,False,13.9,Frío,True,2013,1
2013-01-22,22.0,14.1,-0.3,7.3,0.0,False,14.4,Frío,True,2013,1
2013-01-23,23.0,11.4,4.1,7.9,0.0,False,7.300000000000001,Frío,True,2013,1
2013-01-24,24.0,16.1,4.8,12.4,0.0,False,11.3,Frío,True,2013,1
2013-01-25,25.0,13.8,4.5,9.4,0.0,False,9.3,Frío,True,2013,1
2013-01-26,26.0,20.3,5.3,13.6,0.0,False,15.0,Templado,True,2013,1
2013-01-27,27.0,19.4,1.0,11.6,0.0,False,18.4,Frío,True,2013,1
2013-01-28,28.0,17.1,0.9,10.8,0.0,False,16.200000000000003,Frío,True,2013,1
2013-01-29,29.0,20.5,-0.8,9.0,0.0,False,21.3,Templado,True,2013,1
2013-01-30,30.0,22.4,1.4,10.7,0.0,False,21.0,Templado,True,2013,1
2013-01-31,31.0,22.2,2.5,11.5,0.0,False,19.7,Templado,True,2013,1
2013-02-01,32.0,22.0,2.0,12.3,0.0,False,20.0,Templado,True,2013,2
2013-02-02,33.0,17.1,8.3,12.7,0.0,False,8.8,Frío,True,2013,2
2013-02-03,34.0,14.1,-0.4,8.0,0.0,False,14.5,Frío,True,2013,2
2013-02-04,35.0,14.7,-2.8,5.1,0.0,False,17.5,Frío,True,2013,2
2013-02-05,36.0,19.0,-0.4,8.9,0.0,False,19.4,Frío,True,2013,2
2013-02-06,37.0,15.8,8.3,11.7,0.0,False,7.5,Frío,True,2013,2
2013-02-07,38.0,15.3,0.8,8.0,0.0,False,14.5,Frío,True,2013,2
2013-02-08,39.0,14.2,-2.2,6.7,0.0,False,16.4,Frío,True,2013,2
2013-02-09,40.0,13.9,0.2,7.4,0.0,False,13.700000000000001,Frío,True,2013,2
2013-02-10,41.0,16.0,-3.3,7.5,0.0,False,19.3,Frío,True,2013,2
2013-02-11,42.0,13.8,3.8,9.7,0.0,False,10.0,Frío,True,2013,2
2013-02-12,43.0,14.4,0.8,8.0,0.0,False,13.6,Frío,True,2013,2
2013-02-13,44.0,18.8,-0.6,8.8,0.0,False,19.400000000000002,Frío,True,2013,2
2013-02-14,45.0,20.4,3.0,10.6,0.0,False,17.4,Templado,True,2013,2
2013-02-15,46.0,21.0,1.7,10.3,0.0,False,19.3,Templado,True,2013,2
2013-02-16,47.0,18.4,2.5,9.8,0.0,False,15.899999999999999,Frío,True,2013,2
2013-02-17,48.0,15.7,5.4,11.3,0.2,False,10.299999999999999,Frío,False,2013,2
2013-02-18,49.0,17.1,3.4,10.4,0.0,False,13.700000000000001,Frío,True,2013,2
2013-02-19,50.0,12.6,8.7,10.4,0.0,False,3.9000000000000004,Frío,True,2013,2
2013-02-20,51.0,11.8,4.4,9.2,1.0,False,7.4,Frío,False,2013,2
2013-02-21,52.0,19.7,2.1,10.8,0.0,False,17.599999999999998,Frío,True,2013,2
2013-02-22,53.0,19.1,9.2,13.8,0.4,False,9.900000000000002,Frío,False,2013,2
2013-02-23,54.0,14.9,1.6,9.8,0.0,False,13.3,Frío,True,2013,2
2013-02-24,55.0,14.5,0.7,7.8,0.0,False,13.8,Frío,True,2013,2
2013-02-25,56.0,12.6,-1.6,5.6,0.0,False,14.2,Frío,True,2013,2
2013-02-26,57.0,12.7,-4.5,3.8,0.0,False,17.2,Frío,True,2013,2
2013-02-27,58.0,8.9,2.2,5.7,0.4,False,6.7,Muy frío,False,2013,2
2013-02-28,59.0,11.8,2.7,6.4,10.2,False,9.100000000000001,Frío,False,2013,2
2013-03-01,60.0,14.7,1.7,8.3,0.0,False,13.0,Frío,True,2013,3
2013-03-02,61.0,13.9,0.1,7.6,0.0,False,13.8,Frío,True,2013,3
2013-03-03,62.0,13.7,7.8,9.8,0.0,False,5.8999999999999995,Frío,True,2013,3
2013-03-04,63.0,11.8,6.5,9.5,15.0,False,5.300000000000001,Frío,False,2013,3
2013-03-05,64.0,13.4,5.7,9.6,5.4,False,7.7,Frío,False,2013,3
2013-03-06,65.0,19.6,7.9,14.0,0.2,False,11.700000000000001,Frío,False,2013,3
2013-03-07,66.0,20.3,12.0,15.7,0.6,False,8.3,Templado,False,2013,3
2013-03-08,67.0,22.4,9.5,16.3,0.0,False,12.899999999999999,Templado,True,2013,3
2013-03-09,68.0,18.5,6.9,13.4,0.0,False,11.6,Frío,True,2013,3
2013-03-10,69.0,18.1,4.4,11.7,0.0,False,13.700000000000001,Frío,True,2013,3
2013-03-11,70.0,17.9,9.8,13.1,0.0,False,8.099999999999998,Frío,True,2013,3
2013-03-12,71.0,16.3,8.1,11.8,2.0,False,8.200000000000001,Frío,False,2013,3
2013-03-13,72.0,12.1,4.2,9.6,0.0,False,7.8999999999999995,Frío,True,2013,3
2013-03-14,73.0,14.3,1.3,7.8,0.0,False,13.0,Frío,True,2013,3
2013-03-15,74.0,15.5,-0.6,7.5,0.0,False,16.1,Frío,True,2013,3
2013-03-16,75.0,16.6,3.6,9.5,0.4,False,13.000000000000002,Frío,False,2013,3
2013-03-17,76.0,20.7,5.7,13.2,1.8,False,15.0,Templado,False,2013,3
2013-03-18,77.0,22.9,6.1,16.0,0.0,False,16.799999999999997,Templado,True,2013,3
2013-03-19,78.0,20.3,4.8,11.9,6.2,False,15.5,Templado,False,2013,3
2013-03-20,79.0,19.1,5.5,12.9,0.0,False,13.600000000000001,Frío,True,2013,3
2013-03-21,80.0,19.1,4.3,11.1,0.0,False,14.8,Frío,True,2013,3
2013-03-22,81.0,23.7,3.4,13.3,0.0,False,20.3,Templado,True,2013,3
2013-03-23,82.0,17.4,6.4,11.7,0.2,False,10.999999999999998,Frío,False,2013,3
2013-03-24,83.0,18.0,7.9,12.2,1.2,False,10.1,Frío,False,2013,3
2013-03-25,84.0,20.5,9.3,14.9,0.0,False,11.2,Templado,True,2013,3
2013-03-26,85.0,22.7,12.3,17.3,0.0,False,10.399999999999999,Templado,True,2013,3
2013-03-27,86.0,21.5,6.7,15.4,0.0,False,14.8,Templado,True,2013,3
2013-03-28,87.0,22.1,9.1,15.5,0.0,False,13.000000000000002,Templado,True,2013,3
2013-03-29,88.0,24.7,10.4,18.3,0.0,False,14.299999999999999,Templado,True,2013,3
2013-03-30,89.0,24.6,14.5,19.2,0.0,False,10.100000000000001,Templado,True,2013,3
2013-03-31,90.0,19.2,10.6,15.0,2.4,False,8.6,Frío,False,2013,3
2013-04-01,91.0,20.3,11.9,15.9,0.0,False,8.4,Templado,True,2013,4
2013-04-02,92.0,19.8,9.0,14.0,0.0,False,10.8,Frío,True,2013,4
2013-04-03,93.0,19.9,6.2,12.5,0.4,False,13.7,Frío,False,2013,4
2013-04-04,94.0,17.9,4.9,11.9,0.0,False,12.999999999999998,Frío,True,2013,4
2013-04-05,95.0,15.4,5.0,10.0,2.0,False,10.4,Frío,False,2013,4
2013-04-06,96.0,17.2,5.0,10.9,0.0,False,12.2,Frío,True,2013,4
2013-04-07,97.0,18.2,2.6,11.1,0.0,False,15.6,Frío,True,2013,4
2013-04-08,98.0,23.6,4.2,14.2,0.0,False,19.400000000000002,Templado,True,2013,4
2013-04-09,99.0,25.7,10.7,17.7,0.0,False,15.0,Templado,True,2013,4
2013-04-10,100.0,24.1,8.5,16.6,0.0,False,15.600000000000001,Templado,True,2013,4
2013-04-11,101.0,28.6,9.3,19.0,0.0,False,19.3,Templado,True,2013,4
2013-04-12,102.0,23.4,8.9,16.2,0.0,False,14.499999999999998,Templado,True,2013,4
2013-04-13,103.0,23.4,8.6,15.9,0.0,False,14.799999999999999,Templado,True,2013,4
2013-04-14,104.0,23.9,9.3,16.3,0.0,False,14.599999999999998,Templado,True,2013,4
2013-04-15,105.0,25.4,10.6,17.3,0.0,False,14.799999999999999,Templado,True,2013,4
2013-04-16,106.0,28.1,9.6,18.8,0.0,False,18.5,Templado,True,2013,4
2013-04-17,107.0,28.3,10.0,18.7,0.0,False,18.3,Templado,True,2013,4
2013-04-18,108.0,29.5,10.8,19.5,0.0,False,18.7,Templado,True,2013,4
2013-04-19,109.0,26.8,10.5,16.7,0.0,False,16.3,Templado,True,2013,4
2013-04-20,110.0,16.5,10.2,13.2,0.0,False,6.300000000000001,Frío,True,2013,4
2013-04-21,111.0,21.3,10.2,14.9,0.0,False,11.100000000000001,Templado,True,2013,4
2013-04-22,112.0,15.1,10.0,12.3,0.4,False,5.1,Frío,False,2013,4
2013-04-23,113.0,17.5,7.2,12.1,0.0,False,10.3,Frío,True,2013,4
2013-04-24,114.0,18.6,4.8,12.6,0.0,False,13.8,Frío,True,2013,4
2013-04-25,115.0,16.7,11.9,14.1,1.6,False,4.799999999999999,Frío,False,2013,4
2013-04-26,116.0,21.1,8.7,14.6,0.2,False,12.400000000000002,Templado,False,2013,4
2013-04-27,117.0,25.6,7.5,15.4,0.2,False,18.1,Templado,False,2013,4
2013-04-28,118.0,16.3,2.2,10.0,1.0,False,14.100000000000001,Frío,False,2013,4
2013-04-29,119.0,14.7,1.3,8.4,0.0,False,13.399999999999999,Frío,True,2013,4
2013-04-30,120.0,15.5,3.7,8.8,5.4,False,11.8,Frío,False,2013,4
2013-05-01,121.0,19.3,2.4,11.1,0.2,False,16.900000000000002,Frío,False,2013,5
2013-05-02,122.0,21.0,5.8,13.4,0.0,False,15.2,Templado,True,2013,5
2013-05-03,123.0,20.5,7.9,13.9,0.0,False,12.6,Templado,True,2013,5
2013-05-04,124.0,20.3,7.9,13.7,0.0,False,12.4,Templado,True,2013,5
2013-05-05,125.0,24.9,5.7,15.8,0.0,False,19.2,Templado,True,2013,5
2013-05-06,126.0,27.2,8.3,18.9,0.0,False,18.9,Templado,True,2013,5
2013-05-07,127.0,28.7,12.3,20.8,0.0,False,16.4,Templado,True,2013,5
2013-05-08,128.0,30.8,12.5,21.7,0.0,False,18.3,Caluroso,True,2013,5
2013-05-09,129.0,32.7,12.8,23.5,0.0,False,19.900000000000002,Caluroso,True,2013,5
2013-05-10,130.0,26.9,14.7,21.0,0.0,False,12.2,Templado,True,2013,5
2013-05-11,131.0,25.4,11.7,17.9,0.0,False,13.7,Templado,True,2013,5
2013-05-12,132.0,21.5,13.7,16.4,0.0,False,7.800000000000001,Templado,True,2013,5
2013-05-13,133.0,23.0,11.1,16.7,0.0,False,11.9,Templado,True,2013,5
2013-05-14,134.0,23.9,10.1,16.6,1.4,False,13.799999999999999,Templado,False,2013,5
2013-05-15,135.0,25.0,9.9,18.0,0.2,False,15.1,Templado,False,2013,5
2013-05-16,136.0,21.3,7.5,15.3,0.0,False,13.8,Templado,True,2013,5
2013-05-17,137.0,19.6,10.3,14.4,0.0,False,9.3,Frío,True,2013,5
2013-05-18,138.0,19.8,9.8,14.5,0.2,False,10.0,Frío,False,2013,5
2013-05-19,139.0,18.7,9.4,14.1,0.0,False,9.299999999999999,Frío,True,2013,5
2013-05-20,140.0,18.4,6.5,13.1,0.0,False,11.899999999999999,Frío,True,2013,5
2013-05-21,141.0,11.7,8.3,9.7,15.2,False,3.3999999999999986,Frío,False,2013,5
2013-05-22,142.0,22.3,5.9,15.1,0.0,False,16.4,Templado,True,2013,5
2013-05-23,143.0,26.6,9.7,18.7,0.0,False,16.900000000000002,Templado,True,2013,5
2013-05-24,144.0,24.5,11.7,17.1,0.6,False,12.8,Templado,False,2013,5
2013-05-25,145.0,26.4,10.8,17.0,0.0,False,15.599999999999998,Templado,True,2013,5
2013-05-26,146.0,21.5,13.0,15.9,0.0,False,8.5,Templado,True,2013,5
2013-05-27,147.0,23.4,12.4,17.6,0.0,False,10.999999999999998,Templado,True,2013,5
2013-05-28,148.0,25.9,7.9,17.7,0.0,False,18.0,Templado,True,2013,5
2013-05-29,149.0,25.6,13.2,19.3,0.0,False,12.400000000000002,Templado,True,2013,5
2013-05-30,150.0,23.4,10.5,17.3,0.0,False,12.899999999999999,Templado,True,2013,5
2013-05-31,151.0,26.0,8.1,18.4,0.0,False,17.9,Templado,True,2013,5
2013-06-01,152.0,24.4,9.5,17.4,0.0,False,14.899999999999999,Templado,True,2013,6
2013-06-02,153.0,26.2,9.5,17.9,0.0,False,16.7,Templado,True,2013,6
2013-06-03,154.0,25.4,9.7,18.0,0.0,False,15.7,Templado,True,2013,6
2013-06-04,155.0,27.3,9.6,19.3,0.0,False,17.700000000000003,Templado,True,2013,6
2013-06-05,156.0,28.6,13.0,21.5,0.0,False,15.600000000000001,Templado,True,2013,6
2013-06-06,157.0,27.9,11.0,20.1,0.0,False,16.9,Templado,True,2013,6
2013-06-07,158.0,26.3,11.9,19.4,0.0,False,14.4,Templado,True,2013,6
2013-06-08,159.0,25.3,10.2,18.2,0.0,False,15.100000000000001,Templado,True,2013,6
2013-06-09,160.0,25.1,9.3,17.9,0.0,False,15.8,Templado,True,2013,6
2013-06-10,161.0,26.7,11.2,19.5,0.0,False,15.5,Templado,True,2013,6
2013-06-11,162.0,29.8,12.2,21.9,0.0,False,17.6,Templado,True,2013,6
2013-06-12,163.0,32.1,14.5,24.5,0.0,False,17.6,Caluroso,True,2013,6
2013-06-13,164.0,32.4,15.9,24.6,0.0,False,16.5,Caluroso,True,2013,6
2013-06-14,165.0,31.5,15.7,23.9,0.0,False,15.8,Caluroso,True,2013,6
2013-06-15,166.0,33.2,15.5,24.8,0.0,False,17.700000000000003,Caluroso,True,2013,6
2013-06-16,167.0,35.2,15.6,24.8,0.0,True,19.6,Caluroso,True,2013,6
2013-06-17,168.0,34.1,16.1,24.7,0.0,False,18.0,Caluroso,True,2013,6
2013-06-18,169.0,26.5,15.5,21.2,0.0,False,11.0,Templado,True,2013,6
2013-06-19,170.0,26.4,11.6,19.3,0.0,False,14.799999999999999,Templado,True,2013,6
2013-06-20,171.0,27.3,11.3,20.3,0.0,False,16.0,Templado,True,2013,6
2013-06-21,172.0,28.1,12.0,20.5,0.0,False,16.1,Templado,True,2013,6
2013-06-22,173.0,27.5,12.4,20.9,0.0,False,15.1,Templado,True,2013,6
2013-06-23,174.0,30.6,12.4,22.4,0.0,False,18.200000000000003,Caluroso,True,2013,6
2013-06-24,175.0,26.4,14.9,20.5,0.0,False,11.499999999999998,Templado,True,2013,6
2013-06-25,176.0,25.6,14.5,19.7,0.0,False,11.100000000000001,Templado,True,2013,6
2013-06-26,177.0,25.0,11.9,18.5,0.0,False,13.1,Templado,True,2013,6
2013-06-27,178.0,24.2,14.0,18.6,0.0,False,10.2,Templado,True,2013,6
2013-06-28,179.0,24.6,11.3,18.7,0.0,False,13.3,Templado,True,2013,6
2013-06-29,180.0,26.9,12.4,19.8,0.0,False,14.499999999999998,Templado,True,2013,6
2013-06-30,181.0,28.7,14.9,21.7,0.0,False,13.799999999999999,Templado,True,2013,6
2013-07-01,182.0,27.5,14.4,21.3,0.0,False,13.1,Templado,True,2013,7
2013-07-02,183.0,28.3,14.3,21.1,0.0,False,14.0,Templado,True,2013,7
2013-07-03,184.0,32.2,13.8,23.7,0.0,False,18.400000000000002,Caluroso,True,2013,7
2013-07-04,185.0,30.0,17.1,23.4,0.0,False,12.899999999999999,Templado,True,2013,7
2013-07-05,186.0,28.5,17.5,22.8,0.0,False,11.0,Templado,True,2013,7
2013-07-06,187.0,29.4,15.6,22.7,0.0,False,13.799999999999999,Templado,True,2013,7
2013-07-07,188.0,30.3,15.3,23.3,0.0,False,15.0,Caluroso,True,2013,7
2013-07-08,189.0,31.7,12.9,23.6,0.0,False,18.799999999999997,Caluroso,True,2013,7
2013-07-09,190.0,31.8,16.3,24.5,0.0,False,15.5,Caluroso,True,2013,7
2013-07-10,191.0,33.3,17.6,24.8,0.0,False,15.699999999999996,Caluroso,True,2013,7
2013-07-11,192.0,33.9,16.0,24.8,0.0,False,17.9,Caluroso,True,2013,7
2013-07-12,193.0,29.5,16.2,23.8,0.0,False,13.3,Templado,True,2013,7
2013-07-13,194.0,33.0,17.5,25.6,0.0,False,15.5,Caluroso,True,2013,7
2013-07-14,195.0,32.9,14.8,23.7,0.0,False,18.099999999999998,Caluroso,True,2013,7
2013-07-15,196.0,30.2,16.9,22.9,0.0,False,13.3,Caluroso,True,2013,7
2013-07-16,197.0,32.0,14.2,23.9,0.0,False,17.8,Caluroso,True,2013,7
2013-07-17,198.0,32.6,14.3,24.5,0.0,False,18.3,Caluroso,True,2013,7
2013-07-18,199.0,32.4,16.0,24.3,0.0,False,16.4,Caluroso,True,2013,7
2013-07-19,200.0,32.9,15.8,24.5,0.0,False,17.099999999999998,Caluroso,True,2013,7
2013-07-20,201.0,31.2,15.7,24.0,0.0,False,15.5,Caluroso,True,2013,7
2013-07-21,202.0,31.0,15.9,23.9,0.0,False,15.1,Caluroso,True,2013,7
2013-07-22,203.0,31.6,17.1,24.3,0.0,False,14.5,Caluroso,True,2013,7
2013-07-23,204.0,32.6,14.8,25.0,0.0,False,17.8,Caluroso,True,2013,7
2013-07-24,205.0,34.0,16.7,25.9,0.0,False,17.3,Caluroso,True,2013,7
2013-07-25,206.0,34.6,16.4,26.0,0.0,False,18.200000000000003,Caluroso,True,2013,7
2013-07-26,207.0,35.8,18.4,26.6,0.0,True,17.4,Caluroso,True,2013,7
2013-07-27,208.0,36.6,16.8,27.2,0.0,True,19.8,Caluroso,True,2013,7
2013-07-28,209.0,33.5,17.7,26.1,0.0,False,15.8,Caluroso,True,2013,7
2013-07-29,210.0,31.8,16.7,24.3,0.0,False,15.100000000000001,Caluroso,True,2013,7
2013-07-30,211.0,30.8,15.0,23.7,0.0,False,15.8,Caluroso,True,2013,7
2013-07-31,212.0,31.2,15.2,23.7,0.0,False,16.0,Caluroso,True,2013,7
2013-08-01,213.0,33.1,16.3,24.7,0.0,False,16.8,Caluroso,True,2013,8
2013-08-02,214.0,34.4,17.3,26.4,0.0,False,17.099999999999998,Caluroso,True,2013,8
2013-08-03,215.0,34.3,19.4,26.3,0.0,False,14.899999999999999,Caluroso,True,2013,8
2013-08-04,216.0,32.9,16.9,25.0,0.0,False,16.0,Caluroso,True,2013,8
2013-08-05,217.0,35.0,18.1,26.0,0.0,False,16.9,Caluroso,True,2013,8
2013-08-06,218.0,38.2,18.4,27.9,0.0,True,19.800000000000004,Caluroso,True,2013,8
2013-08-07,219.0,37.2,16.3,28.2,0.0,True,20.900000000000002,Caluroso,True,2013,8
2013-08-08,220.0,29.5,19.6,24.6,0.0,False,9.899999999999999,Templado,True,2013,8
2013-08-09,221.0,30.4,16.5,23.4,0.0,False,13.899999999999999,Caluroso,True,2013,8
2013-08-10,222.0,32.3,15.9,24.1,0.0,False,16.4,Caluroso,True,2013,8
2013-08-11,223.0,32.8,17.1,24.0,0.0,False,15.699999999999996,Caluroso,True,2013,8
2013-08-12,224.0,33.3,17.3,24.5,0.0,False,15.999999999999996,Caluroso,True,2013,8
2013-08-13,225.0,30.7,17.3,23.2,0.0,False,13.399999999999999,Caluroso,True,2013,8
2013-08-14,226.0,30.7,17.0,24.0,0.0,False,13.7,Caluroso,True,2013,8
2013-08-15,227.0,31.7,16.3,24.3,0.0,False,15.399999999999999,Caluroso,True,2013,8
2013-08-16,228.0,32.8,17.6,25.1,0.0,False,15.199999999999996,Caluroso,True,2013,8
2013-08-17,229.0,32.0,17.7,24.1,0.0,False,14.3,Caluroso,True,2013,8
2013-08-18,230.0,33.1,18.3,24.9,0.0,False,14.8,Caluroso,True,2013,8
2013-08-19,231.0,33.1,16.3,25.4,0.0,False,16.8,Caluroso,True,2013,8
2013-08-20,232.0,32.3,17.7,24.6,0.0,False,14.599999999999998,Caluroso,True,2013,8
2013-08-21,233.0,31.9,17.8,24.0,0.0,False,14.099999999999998,Caluroso,True,2013,8
2013-08-22,234.0,33.2,17.2,24.3,0.0,False,16.000000000000004,Caluroso,True,2013,8
2013-08-23,235.0,32.3,17.9,24.1,0.0,False,14.399999999999999,Caluroso,True,2013,8
2013-08-24,236.0,32.3,17.3,24.4,0.0,False,14.999999999999996,Caluroso,True,2013,8
2013-08-25,237.0,30.7,20.5,24.6,0.0,False,10.2,Caluroso,True,2013,8
2013-08-26,238.0,28.7,20.2,23.5,0.0,False,8.5,Templado,True,2013,8
2013-08-27,239.0,28.9,18.7,23.0,0.0,False,10.2,Templado,True,2013,8
2013-08-28,240.0,27.9,17.5,22.4,2.0,False,10.399999999999999,Templado,False,2013,8
2013-08-29,241.0,25.6,16.4,20.8,0.6,False,9.200000000000003,Templado,False,2013,8
2013-08-30,242.0,25.4,14.6,18.9,22.2,False,10.799999999999999,Templado,False,2013,8
2013-08-31,243.0,26.5,14.2,20.5,0.0,False,12.3,Templado,True,2013,8
2013-09-01,244.0,27.3,14.4,20.4,0.2,False,12.9,Templado,False,2013,9
2013-09-02,245.0,27.7,13.1,20.5,0.0,False,14.6,Templado,True,2013,9
2013-09-03,246.0,27.9,14.4,20.8,0.2,False,13.499999999999998,Templado,False,2013,9
2013-09-04,247.0,26.8,17.4,21.8,0.0,False,9.400000000000002,Templado,True,2013,9
2013-09-05,248.0,27.7,14.3,20.6,0.2,False,13.399999999999999,Templado,False,2013,9
2013-09-06,249.0,30.0,15.9,22.4,0.0,False,14.1,Templado,True,2013,9
2013-09-07,250.0,22.3,16.0,18.6,9.8,False,6.300000000000001,Templado,False,2013,9
2013-09-08,251.0,27.9,14.9,21.0,0.0,False,12.999999999999998,Templado,True,2013,9
2013-09-09,252.0,27.2,15.2,20.0,4.0,False,12.0,Templado,False,2013,9
2013-09-10,253.0,27.5,15.4,20.9,0.2,False,12.1,Templado,False,2013,9
2013-09-11,254.0,27.5,14.5,20.8,0.0,False,13.0,Templado,True,2013,9
2013-09-12,255.0,27.1,16.6,21.4,0.0,False,10.5,Templado,True,2013,9
2013-09-13,256.0,26.9,17.7,21.3,0.0,False,9.2,Templado,True,2013,9
2013-09-14,257.0,26.6,15.7,20.5,0.0,False,10.900000000000002,Templado,True,2013,9
2013-09-15,258.0,31.7,15.0,22.5,0.0,False,16.7,Caluroso,True,2013,9
2013-09-16,259.0,30.1,17.7,22.7,0.0,False,12.400000000000002,Caluroso,True,2013,9
2013-09-17,260.0,31.9,16.8,23.5,0.0,False,15.099999999999998,Caluroso,True,2013,9
2013-09-18,261.0,28.4,16.6,20.8,5.0,False,11.799999999999997,Templado,False,2013,9
2013-09-19,262.0,29.7,15.8,22.2,0.2,False,13.899999999999999,Templado,False,2013,9
2013-09-20,263.0,27.2,16.3,20.7,0.0,False,10.899999999999999,Templado,True,2013,9
2013-09-21,264.0,27.6,15.9,20.6,0.0,False,11.700000000000001,Templado,True,2013,9
2013-09-22,265.0,26.4,14.5,19.9,0.2,False,11.899999999999999,Templado,False,2013,9
2013-09-23,266.0,26.3,14.9,19.6,0.0,False,11.4,Templado,True,2013,9
2013-09-24,267.0,29.0,13.2,20.6,0.0,False,15.8,Templado,True,2013,9
2013-09-25,268.0,30.7,13.8,21.5,0.0,False,16.9,Caluroso,True,2013,9
2013-09-26,269.0,29.5,14.6,21.7,0.0,False,14.9,Templado,True,2013,9
2013-09-27,270.0,30.2,14.0,21.4,0.2,False,16.2,Caluroso,False,2013,9
2013-09-28,271.0,24.7,17.6,21.8,0.0,False,7.099999999999998,Templado,True,2013,9
2013-09-29,272.0,24.9,16.9,21.4,0.0,False,8.0,Templado,True,2013,9
2013-09-30,273.0,31.8,16.5,23.5,0.0,False,15.3,Caluroso,True,2013,9
2013-10-01,274.0,31.8,16.2,23.5,0.0,False,15.600000000000001,Caluroso,True,2013,10
2013-10-02,275.0,33.1,16.1,23.7,0.0,False,17.0,Caluroso,True,2013,10
2013-10-03,276.0,29.8,17.7,23.1,0.0,False,12.100000000000001,Templado,True,2013,10
2013-10-04,277.0,29.5,16.7,22.3,0.0,False,12.8,Templado,True,2013,10
2013-10-05,278.0,27.7,16.5,21.4,0.0,False,11.2,Templado,True,2013,10
2013-10-06,279.0,25.4,17.2,20.6,0.0,False,8.2,Templado,True,2013,10
2013-10-07,280.0,25.4,14.4,19.3,0.0,False,10.999999999999998,Templado,True,2013,10
2013-10-08,281.0,24.6,14.9,19.4,0.0,False,9.700000000000001,Templado,True,2013,10
2013-10-09,282.0,24.0,12.2,18.1,0.0,False,11.8,Templado,True,2013,10
2013-10-10,283.0,25.2,12.6,18.3,0.0,False,12.6,Templado,True,2013,10
2013-10-11,284.0,27.5,11.0,18.4,0.0,False,16.5,Templado,True,2013,10
2013-10-12,285.0,25.5,11.0,18.0,0.0,False,14.5,Templado,True,2013,10
2013-10-13,286.0,26.3,10.3,17.1,0.0,False,16.0,Templado,True,2013,10
2013-10-14,287.0,24.9,9.2,17.0,0.0,False,15.7,Templado,True,2013,10
2013-10-15,288.0,28.0,11.6,18.4,0.0,False,16.4,Templado,True,2013,10
2013-10-16,289.0,29.9,10.3,19.5,0.0,False,19.599999999999998,Templado,True,2013,10
2013-10-17,290.0,27.5,14.0,19.7,0.0,False,13.5,Templado,True,2013,10
2013-10-18,291.0,28.9,11.5,19.0,0.0,False,17.4,Templado,True,2013,10
2013-10-19,292.0,26.5,12.2,18.4,0.0,False,14.3,Templado,True,2013,10
2013-10-20,293.0,27.8,11.9,18.7,0.0,False,15.9,Templado,True,2013,10
2013-10-21,294.0,27.4,10.7,18.3,0.0,False,16.7,Templado,True,2013,10
2013-10-22,295.0,24.7,10.2,18.3,0.0,False,14.5,Templado,True,2013,10
2013-10-23,296.0,24.8,13.6,18.6,0.8,False,11.200000000000001,Templado,False,2013,10
2013-10-24,297.0,26.6,12.4,18.5,0.0,False,14.200000000000001,Templado,True,2013,10
2013-10-25,298.0,27.5,11.8,19.0,0.0,False,15.7,Templado,True,2013,10
2013-10-26,299.0,25.7,12.6,18.8,0.0,False,13.1,Templado,True,2013,10
2013-10-27,300.0,26.5,12.0,18.4,0.0,False,14.5,Templado,True,2013,10
2013-10-28,301.0,28.5,10.1,18.4,0.0,False,18.4,Templado,True,2013,10
2013-10-29,302.0,24.4,10.1,17.3,1.8,False,14.299999999999999,Templado,False,2013,10
2013-10-30,303.0,19.6,5.2,11.8,0.0,False,14.400000000000002,Frío,True,2013,10
2013-10-31,304.0,19.7,3.4,11.0,0.0,False,16.3,Frío,True,2013,10
2013-11-01,305.0,21.9,3.2,11.3,0.0,False,18.7,Templado,True,2013,11
2013-11-02,306.0,24.3,4.3,13.5,0.0,False,20.0,Templado,True,2013,11
2013-11-03,307.0,24.6,7.0,14.8,0.0,False,17.6,Templado,True,2013,11
2013-11-04,308.0,23.0,7.7,16.6,0.0,False,15.3,Templado,True,2013,11
2013-11-05,309.0,27.2,11.4,19.4,0.0,False,15.799999999999999,Templado,True,2013,11
2013-11-06,310.0,27.7,8.2,17.3,0.0,False,19.5,Templado,True,2013,11
2013-11-07,311.0,24.8,8.3,15.0,0.0,False,16.5,Templado,True,2013,11
2013-11-08,312.0,24.6,6.7,14.6,0.0,False,17.900000000000002,Templado,True,2013,11
2013-11-09,313.0,21.7,7.3,13.6,0.0,False,14.399999999999999,Templado,True,2013,11
2013-11-10,314.0,22.9,4.3,13.0,0.0,False,18.599999999999998,Templado,True,2013,11
2013-11-11,315.0,24.4,6.9,14.3,0.0,False,17.5,Templado,True,2013,11
2013-11-12,316.0,21.6,6.7,13.6,0.0,False,14.900000000000002,Templado,True,2013,11
2013-11-13,317.0,19.9,6.3,12.6,13.8,False,13.599999999999998,Frío,False,2013,11
2013-11-14,318.0,17.9,7.9,12.6,2.6,False,9.999999999999998,Frío,False,2013,11
2013-11-15,319.0,17.2,3.4,10.2,0.2,False,13.799999999999999,Frío,False,2013,11
2013-11-16,320.0,12.4,-1.0,5.6,0.0,False,13.4,Frío,True,2013,11
2013-11-17,321.0,12.3,0.0,5.5,0.0,False,12.3,Frío,True,2013,11
2013-11-18,322.0,14.3,1.2,8.4,0.0,False,13.100000000000001,Frío,True,2013,11
2013-11-19,323.0,19.0,3.9,11.9,0.0,False,15.1,Frío,True,2013,11
2013-11-20,324.0,15.5,0.3,7.7,0.0,False,15.2,Frío,True,2013,11
2013-11-21,325.0,16.6,-1.2,8.3,0.0,False,17.8,Frío,True,2013,11
2013-11-22,326.0,15.5,2.8,9.9,0.0,False,12.7,Frío,True,2013,11
2013-11-23,327.0,16.4,0.0,6.6,0.0,False,16.4,Frío,True,2013,11
2013-11-24,328.0,14.0,-2.3,4.9,0.0,False,16.3,Frío,True,2013,11
2013-11-25,329.0,15.3,-1.4,5.9,0.0,False,16.7,Frío,True,2013,11
2013-11-26,330.0,13.8,-1.8,6.1,0.0,False,15.600000000000001,Frío,True,2013,11
2013-11-27,331.0,9.7,5.9,7.3,2.0,False,3.799999999999999,Muy frío,False,2013,11
2013-11-28,332.0,9.6,5.7,7.3,1.4,False,3.8999999999999995,Muy frío,False,2013,11
2013-11-29,333.0,12.2,-0.7,5.5,0.0,False,12.899999999999999,Frío,True,2013,11
2013-11-30,334.0,14.1,-3.2,6.4,0.2,False,17.3,Frío,False,2013,11
2013-12-01,335.0,12.3,5.4,8.6,0.0,False,6.9,Frío,True,2013,12
2013-12-02,336.0,14.5,0.6,7.0,0.0,False,13.9,Frío,True,2013,12
2013-12-03,337.0,12.5,1.5,7.5,0.0,False,11.0,Frío,True,2013,12
2013-12-04,338.0,14.5,4.4,9.7,0.8,False,10.1,Frío,False,2013,12
2013-12-05,339.0,17.6,1.2,8.0,0.2,False,16.400000000000002,Frío,False,2013,12
2013-12-06,340.0,15.8,-0.2,7.2,0.2,False,16.0,Frío,False,2013,12
2013-12-07,341.0,15.3,-0.1,6.4,0.2,False,15.4,Frío,False,2013,12
2013-12-08,342.0,14.1,-0.2,6.0,0.2,False,14.299999999999999,Frío,False,2013,12
2013-12-09,343.0,13.7,2.2,7.7,0.0,False,11.5,Frío,True,2013,12
2013-12-10,344.0,13.7,2.5,8.5,0.2,False,11.2,Frío,False,2013,12
2013-12-11,345.0,13.3,4.9,9.3,0.0,False,8.4,Frío,True,2013,12
2013-12-12,346.0,15.7,1.8,7.6,0.2,False,13.899999999999999,Frío,False,2013,12
2013-12-13,347.0,16.6,0.1,8.1,0.0,False,16.5,Frío,True,2013,12
2013-12-14,348.0,14.1,4.6,8.9,0.0,False,9.5,Frío,True,2013,12
2013-12-15,349.0,14.0,3.7,8.1,0.2,False,10.3,Frío,False,2013,12
2013-12-16,350.0,12.9,2.6,7.7,0.2,False,10.3,Frío,False,2013,12
2013-12-17,351.0,15.2,2.6,9.0,0.0,False,12.6,Frío,True,2013,12
2013-12-18,352.0,15.8,1.9,8.1,0.2,False,13.9,Frío,False,2013,12
2013-12-19,353.0,15.3,7.0,10.6,3.4,False,8.3,Frío,False,2013,12
2013-12-20,354.0,12.0,5.6,9.4,0.0,False,6.4,Frío,True,2013,12
2013-12-21,355.0,13.1,3.6,9.5,0.0,False,9.5,Frío,True,2013,12
2013-12-22,356.0,16.4,0.4,7.7,0.2,False,15.999999999999998,Frío,False,2013,12
2013-12-23,357.0,15.4,0.4,7.2,0.2,False,15.0,Frío,False,2013,12
2013-12-24,358.0,16.6,0.6,8.8,0.2,False,16.0,Frío,False,2013,12
2013-12-25,359.0,14.4,8.9,11.4,14.4,False,5.5,Frío,False,2013,12
2013-12-26,360.0,14.0,4.3,9.5,0.0,False,9.7,Frío,True,2013,12
2013-12-27,361.0,17.5,3.1,9.2,0.0,False,14.4,Frío,True,2013,12
2013-12-28,362.0,15.8,1.9,7.9,0.0,False,13.9,Frío,True,2013,12
2013-12-29,363.0,14.9,-1.3,6.1,0.0,False,16.2,Frío,True,2013,12
2013-12-30,364.0,13.4,-3.0,4.0,0.0,False,16.4,Frío,True,2013,12
2013-12-31,365.0,13.8,-2.1,4.8,0.2,False,15.9,Frío,False,2013,12
2014-01-01,1.0,18.2,4.5,10.4,0.0,False,13.7,Frío,True,2014,1
2014-01-02,2.0,14.8,8.4,11.4,0.0,False,6.4,Frío,True,2014,1
2014-01-03,3.0,21.0,6.7,13.1,0.0,False,14.3,Templado,True,2014,1
2014-01-04,4.0,20.8,7.7,13.8,0.0,False,13.100000000000001,Templado,True,2014,1
2014-01-05,5.0,19.1,3.5,11.1,0.0,False,15.600000000000001,Frío,True,2014,1
2014-01-06,6.0,19.1,2.0,9.1,0.0,False,17.1,Frío,True,2014,1
2014-01-07,7.0,20.6,2.8,10.0,0.0,False,17.8,Templado,True,2014,1
2014-01-08,8.0,19.8,1.4,9.3,0.0,False,18.400000000000002,Frío,True,2014,1
2014-01-09,9.0,17.0,3.4,8.7,0.0,False,13.6,Frío,True,2014,1
2014-01-10,10.0,13.1,4.9,8.9,0.0,False,8.2,Frío,True,2014,1
2014-01-11,11.0,13.7,6.7,9.2,0.2,False,6.999999999999999,Frío,False,2014,1
2014-01-12,12.0,17.4,2.0,9.2,0.0,False,15.399999999999999,Frío,True,2014,1
2014-01-13,13.0,15.0,3.8,9.3,0.2,False,11.2,Frío,False,2014,1
2014-01-14,14.0,14.2,6.6,11.0,0.0,False,7.6,Frío,True,2014,1
2014-01-15,15.0,18.8,3.1,9.9,0.0,False,15.700000000000001,Frío,True,2014,1
2014-01-16,16.0,14.7,3.9,9.7,0.2,False,10.799999999999999,Frío,False,2014,1
2014-01-17,17.0,13.5,0.8,7.5,0.0,False,12.7,Frío,True,2014,1
2014-01-18,18.0,12.8,4.1,8.7,2.2,False,8.700000000000001,Frío,False,2014,1
2014-01-19,19.0,12.4,4.6,7.6,3.4,False,7.800000000000001,Frío,False,2014,1
2014-01-20,20.0,14.4,1.0,8.2,0.0,False,13.4,Frío,True,2014,1
2014-01-21,21.0,13.2,-1.0,5.9,0.0,False,14.2,Frío,True,2014,1
2014-01-22,22.0,16.3,2.2,9.0,0.4,False,14.100000000000001,Frío,False,2014,1
2014-01-23,23.0,15.0,2.0,8.9,0.0,False,13.0,Frío,True,2014,1
2014-01-24,24.0,18.1,-0.8,8.2,0.2,False,18.900000000000002,Frío,False,2014,1
2014-01-25,25.0,21.0,6.7,14.5,0.0,False,14.3,Templado,True,2014,1
2014-01-26,26.0,20.3,2.8,12.7,0.0,False,17.5,Templado,True,2014,1
2014-01-27,27.0,19.2,8.3,14.4,0.0,False,10.899999999999999,Frío,True,2014,1
2014-01-28,28.0,14.5,-0.6,9.3,0.0,False,15.1,Frío,True,2014,1
2014-01-29,29.0,14.4,1.4,9.3,0.0,False,13.0,Frío,True,2014,1
2014-01-30,30.0,13.5,-1.2,6.8,0.0,False,14.7,Frío,True,2014,1
2014-01-31,31.0,15.8,4.2,9.4,0.0,False,11.600000000000001,Frío,True,2014,1
2014-02-01,32.0,17.5,3.6,10.0,0.0,False,13.9,Frío,True,2014,2
2014-02-02,33.0,13.8,0.1,7.0,0.0,False,13.700000000000001,Frío,True,2014,2
2014-02-03,34.0,15.1,-2.2,6.9,0.0,False,17.3,Frío,True,2014,2
2014-02-04,35.0,14.7,-1.6,6.1,0.0,False,16.3,Frío,True,2014,2
2014-02-05,36.0,21.7,2.4,12.2,0.0,False,19.3,Templado,True,2014,2
2014-02-06,37.0,21.8,4.2,13.9,0.0,False,17.6,Templado,True,2014,2
2014-02-07,38.0,16.7,4.7,11.0,0.0,False,12.0,Frío,True,2014,2
2014-02-08,39.0,20.0,1.2,10.9,0.0,False,18.8,Frío,True,2014,2
2014-02-09,40.0,16.3,3.7,12.6,1.2,False,12.600000000000001,Frío,False,2014,2
2014-02-10,41.0,14.2,6.7,9.5,0.4,False,7.499999999999999,Frío,False,2014,2
2014-02-11,42.0,14.5,2.7,9.7,0.0,False,11.8,Frío,True,2014,2
2014-02-12,43.0,20.5,5.9,14.3,0.0,False,14.6,Templado,True,2014,2
2014-02-13,44.0,22.9,10.2,17.5,0.0,False,12.7,Templado,True,2014,2
2014-02-14,45.0,24.3,5.9,15.5,0.0,False,18.4,Templado,True,2014,2
2014-02-15,46.0,21.4,7.2,16.0,0.0,False,14.2,Templado,True,2014,2
2014-02-16,47.0,18.4,8.0,12.3,0.0,False,10.399999999999999,Frío,True,2014,2
2014-02-17,48.0,11.2,7.7,9.5,0.0,False,3.499999999999999,Frío,True,2014,2
2014-02-18,49.0,12.8,6.5,9.0,0.2,False,6.300000000000001,Frío,False,2014,2
2014-02-19,50.0,17.4,2.5,9.4,0.0,False,14.899999999999999,Frío,True,2014,2
2014-02-20,51.0,20.5,0.0,10.3,0.0,False,20.5,Templado,True,2014,2
2014-02-21,52.0,20.8,4.5,11.9,0.0,False,16.3,Templado,True,2014,2
2014-02-22,53.0,16.5,1.1,8.4,0.0,False,15.4,Frío,True,2014,2
2014-02-23,54.0,16.0,-0.5,7.2,0.0,False,16.5,Frío,True,2014,2
2014-02-24,55.0,11.2,0.2,5.6,6.4,False,11.0,Frío,False,2014,2
2014-02-25,56.0,16.1,1.2,9.1,0.0,False,14.900000000000002,Frío,True,2014,2
2014-02-26,57.0,18.3,2.2,10.5,0.0,False,16.1,Frío,True,2014,2
2014-02-27,58.0,15.0,3.3,9.1,0.2,False,11.7,Frío,False,2014,2
2014-02-28,59.0,21.6,1.7,12.6,0.2,False,19.900000000000002,Templado,False,2014,2
2014-03-01,60.0,17.9,11.6,14.7,0.0,False,6.299999999999999,Frío,True,2014,3
2014-03-02,61.0,19.9,13.9,16.7,0.0,False,5.999999999999998,Frío,True,2014,3
2014-03-03,62.0,17.7,10.3,14.1,0.0,False,7.399999999999999,Frío,True,2014,3
2014-03-04,63.0,18.8,2.8,11.8,0.0,False,16.0,Frío,True,2014,3
2014-03-05,64.0,20.5,7.1,13.8,0.0,False,13.4,Templado,True,2014,3
2014-03-06,65.0,19.6,4.1,11.8,0.0,False,15.500000000000002,Frío,True,2014,3
2014-03-07,66.0,16.3,3.2,10.5,0.0,False,13.100000000000001,Frío,True,2014,3
2014-03-08,67.0,18.1,-0.5,8.8,0.0,False,18.6,Frío,True,2014,3
2014-03-09,68.0,17.3,4.9,10.8,0.0,False,12.4,Frío,True,2014,3
2014-03-10,69.0,15.1,2.3,9.1,0.0,False,12.8,Frío,True,2014,3
2014-03-11,70.0,17.2,2.2,9.6,0.0,False,15.0,Frío,True,2014,3
2014-03-12,71.0,12.2,8.1,9.8,0.2,False,4.1,Frío,False,2014,3
2014-03-13,72.0,15.5,4.5,10.1,0.0,False,11.0,Frío,True,2014,3
2014-03-14,73.0,14.9,3.4,9.7,0.0,False,11.5,Frío,True,2014,3
2014-03-15,74.0,19.4,1.2,10.0,0.0,False,18.2,Frío,True,2014,3
2014-03-16,75.0,24.0,1.6,12.4,0.0,False,22.4,Templado,True,2014,3
2014-03-17,76.0,23.4,5.9,14.3,0.0,False,17.5,Templado,True,2014,3
2014-03-18,77.0,24.9,4.4,14.6,0.0,False,20.5,Templado,True,2014,3
2014-03-19,78.0,18.7,6.5,12.2,0.0,False,12.2,Frío,True,2014,3
2014-03-20,79.0,19.0,6.5,11.5,0.0,False,12.5,Frío,True,2014,3
2014-03-21,80.0,21.8,4.1,12.8,0.2,False,17.700000000000003,Templado,False,2014,3
2014-03-22,81.0,24.2,5.7,15.3,0.0,False,18.5,Templado,True,2014,3
2014-03-23,82.0,18.4,4.7,12.3,0.0,False,13.7,Frío,True,2014,3
2014-03-24,83.0,20.7,1.8,12.8,0.0,False,18.9,Templado,True,2014,3
2014-03-25,84.0,22.5,10.3,15.9,0.0,False,12.2,Templado,True,2014,3
2014-03-26,85.0,16.5,5.1,11.5,0.0,False,11.4,Frío,True,2014,3
2014-03-27,86.0,17.6,2.0,9.7,0.0,False,15.600000000000001,Frío,True,2014,3
2014-03-28,87.0,16.7,3.4,10.8,0.0,False,13.299999999999999,Frío,True,2014,3
2014-03-29,88.0,14.0,8.7,11.6,3.4,False,5.300000000000001,Frío,False,2014,3
2014-03-30,89.0,19.1,2.5,11.0,0.0,False,16.6,Frío,True,2014,3
2014-03-31,90.0,21.2,4.0,12.6,0.0,False,17.2,Templado,True,2014,3
2014-04-01,91.0,19.9,6.7,13.1,0.0,False,13.2,Frío,True,2014,4
2014-04-02,92.0,18.5,9.7,13.4,0.0,False,8.8,Frío,True,2014,4
2014-04-03,93.0,17.3,9.8,13.1,0.0,False,7.5,Frío,True,2014,4
2014-04-04,94.0,21.5,6.6,15.4,0.0,False,14.9,Templado,True,2014,4
2014-04-05,95.0,24.3,9.8,17.5,0.0,False,14.5,Templado,True,2014,4
2014-04-06,96.0,25.9,7.5,17.0,0.0,False,18.4,Templado,True,2014,4
2014-04-07,97.0,28.2,8.8,18.3,0.0,False,19.4,Templado,True,2014,4
2014-04-08,98.0,29.3,8.4,19.3,0.0,False,20.9,Templado,True,2014,4
2014-04-09,99.0,24.5,9.3,16.6,0.0,False,15.2,Templado,True,2014,4
2014-04-10,100.0,27.8,9.1,18.5,0.0,False,18.700000000000003,Templado,True,2014,4
2014-04-11,101.0,29.0,12.2,20.1,0.0,False,16.8,Templado,True,2014,4
2014-04-12,102.0,22.5,9.8,16.3,0.0,False,12.7,Templado,True,2014,4
2014-04-13,103.0,23.8,8.7,15.9,0.0,False,15.100000000000001,Templado,True,2014,4
2014-04-14,104.0,21.9,8.8,14.8,0.0,False,13.099999999999998,Templado,True,2014,4
2014-04-15,105.0,25.6,8.4,16.4,0.0,False,17.200000000000003,Templado,True,2014,4
2014-04-16,106.0,27.5,10.1,18.6,0.0,False,17.4,Templado,True,2014,4
2014-04-17,107.0,26.2,10.4,17.6,0.0,False,15.799999999999999,Templado,True,2014,4
2014-04-18,108.0,26.7,7.7,17.1,0.0,False,19.0,Templado,True,2014,4
2014-04-19,109.0,27.4,11.0,19.6,0.0,False,16.4,Templado,True,2014,4
2014-04-20,110.0,23.7,13.7,17.2,0.4,False,10.0,Templado,False,2014,4
2014-04-21,111.0,21.7,12.2,16.4,0.0,False,9.5,Templado,True,2014,4
2014-04-22,112.0,23.8,6.1,16.2,0.0,False,17.700000000000003,Templado,True,2014,4
2014-04-23,113.0,24.2,7.5,16.3,0.0,False,16.7,Templado,True,2014,4
2014-04-24,114.0,26.5,9.3,18.1,0.0,False,17.2,Templado,True,2014,4
2014-04-25,115.0,23.3,10.8,16.8,0.0,False,12.5,Templado,True,2014,4
2014-04-26,116.0,26.8,8.6,19.5,0.0,False,18.200000000000003,Templado,True,2014,4
2014-04-27,117.0,25.6,13.5,19.8,0.0,False,12.100000000000001,Templado,True,2014,4
2014-04-28,118.0,26.4,10.3,18.7,0.0,False,16.099999999999998,Templado,True,2014,4
2014-04-29,119.0,29.1,9.5,20.4,0.0,False,19.6,Templado,True,2014,4
2014-04-30,120.0,27.7,11.8,20.2,0.0,False,15.899999999999999,Templado,True,2014,4
2014-05-01,121.0,26.7,11.6,18.0,0.0,False,15.1,Templado,True,2014,5
2014-05-02,122.0,28.3,9.2,18.0,0.0,False,19.1,Templado,True,2014,5
2014-05-03,123.0,22.8,8.5,15.8,0.0,False,14.3,Templado,True,2014,5
2014-05-04,124.0,26.1,7.5,16.6,0.0,False,18.6,Templado,True,2014,5
2014-05-05,125.0,24.4,9.6,16.6,0.0,False,14.799999999999999,Templado,True,2014,5
2014-05-06,126.0,27.3,8.3,18.3,0.0,False,19.0,Templado,True,2014,5
2014-05-07,127.0,29.7,10.1,20.4,0.0,False,19.6,Templado,True,2014,5
2014-05-08,128.0,26.2,13.3,18.6,0.0,False,12.899999999999999,Templado,True,2014,5
2014-05-09,129.0,26.4,11.6,18.6,0.0,False,14.799999999999999,Templado,True,2014,5
2014-05-10,130.0,29.2,11.3,20.8,0.0,False,17.9,Templado,True,2014,5
2014-05-11,131.0,33.3,13.8,23.4,0.0,False,19.499999999999996,Caluroso,True,2014,5
2014-05-12,132.0,27.1,14.3,20.0,0.0,False,12.8,Templado,True,2014,5
2014-05-13,133.0,23.6,14.0,17.7,0.0,False,9.600000000000001,Templado,True,2014,5
2014-05-14,134.0,21.0,12.7,16.4,0.0,False,8.3,Templado,True,2014,5
2014-05-15,135.0,21.0,10.3,15.2,0.0,False,10.7,Templado,True,2014,5
2014-05-16,136.0,20.7,10.5,15.3,0.0,False,10.2,Templado,True,2014,5
2014-05-17,137.0,19.3,11.6,15.1,0.0,False,7.700000000000001,Frío,True,2014,5
2014-05-18,138.0,21.6,8.4,15.1,0.0,False,13.200000000000001,Templado,True,2014,5
2014-05-19,139.0,26.4,7.6,17.4,0.0,False,18.799999999999997,Templado,True,2014,5
2014-05-20,140.0,26.2,11.1,19.6,0.0,False,15.1,Templado,True,2014,5
2014-05-21,141.0,23.9,12.5,18.8,0.0,False,11.399999999999999,Templado,True,2014,5
2014-05-22,142.0,24.0,9.7,17.3,0.0,False,14.3,Templado,True,2014,5
2014-05-23,143.0,25.2,8.7,17.2,0.0,False,16.5,Templado,True,2014,5
2014-05-24,144.0,19.3,9.6,14.3,0.2,False,9.700000000000001,Frío,False,2014,5
2014-05-25,145.0,23.9,11.0,17.4,0.0,False,12.899999999999999,Templado,True,2014,5
2014-05-26,146.0,26.3,8.7,17.8,0.0,False,17.6,Templado,True,2014,5
2014-05-27,147.0,24.3,11.2,17.1,0.0,False,13.100000000000001,Templado,True,2014,5
2014-05-28,148.0,26.2,10.5,18.7,0.0,False,15.7,Templado,True,2014,5
2014-05-29,149.0,26.0,11.8,19.3,0.0,False,14.2,Templado,True,2014,5
2014-05-30,150.0,29.6,12.0,20.9,0.0,False,17.6,Templado,True,2014,5
2014-05-31,151.0,22.5,13.3,17.2,1.4,False,9.2,Templado,False,2014,5
2014-06-01,152.0,21.8,11.8,17.1,0.0,False,10.0,Templado,True,2014,6
2014-06-02,153.0,23.9,9.8,17.6,0.0,False,14.099999999999998,Templado,True,2014,6
2014-06-03,154.0,29.6,9.2,20.1,0.0,False,20.400000000000002,Templado,True,2014,6
2014-06-04,155.0,32.6,11.2,23.5,0.0,False,21.400000000000002,Caluroso,True,2014,6
2014-06-05,156.0,25.2,15.1,20.4,0.0,False,10.1,Templado,True,2014,6
2014-06-06,157.0,31.8,17.6,24.4,0.0,False,14.2,Caluroso,True,2014,6
2014-06-07,158.0,32.2,14.8,23.2,0.0,False,17.400000000000002,Caluroso,True,2014,6
2014-06-08,159.0,30.4,14.9,23.4,0.0,False,15.499999999999998,Caluroso,True,2014,6
2014-06-09,160.0,28.8,15.3,22.2,0.0,False,13.5,Templado,True,2014,6
2014-06-10,161.0,27.7,15.6,20.8,0.0,False,12.1,Templado,True,2014,6
2014-06-11,162.0,28.4,16.3,22.1,0.0,False,12.099999999999998,Templado,True,2014,6
2014-06-12,163.0,29.3,14.5,22.5,0.0,False,14.8,Templado,True,2014,6
2014-06-13,164.0,31.7,13.0,23.7,0.0,False,18.7,Caluroso,True,2014,6
2014-06-14,165.0,35.1,15.3,26.1,0.0,True,19.8,Caluroso,True,2014,6
2014-06-15,166.0,26.9,16.7,21.9,0.0,False,10.2,Templado,True,2014,6
2014-06-16,167.0,25.4,14.7,19.2,6.8,False,10.7,Templado,False,2014,6
2014-06-17,168.0,24.7,14.4,19.1,2.2,False,10.299999999999999,Templado,False,2014,6
2014-06-18,169.0,30.4,15.3,22.3,0.0,False,15.099999999999998,Caluroso,True,2014,6
2014-06-19,170.0,27.7,15.3,20.9,0.0,False,12.399999999999999,Templado,True,2014,6
2014-06-20,171.0,27.4,14.9,21.6,0.0,False,12.499999999999998,Templado,True,2014,6
2014-06-21,172.0,30.4,15.7,23.2,0.0,False,14.7,Caluroso,True,2014,6
2014-06-22,173.0,30.8,15.6,23.4,0.0,False,15.200000000000001,Caluroso,True,2014,6
2014-06-23,174.0,30.4,15.9,23.4,2.4,False,14.499999999999998,Caluroso,False,2014,6
2014-06-24,175.0,24.6,15.2,19.7,6.0,False,9.400000000000002,Templado,False,2014,6
2014-06-25,176.0,26.9,12.5,20.6,0.0,False,14.399999999999999,Templado,True,2014,6
2014-06-26,177.0,30.3,13.9,22.7,0.0,False,16.4,Caluroso,True,2014,6
2014-06-27,178.0,31.2,14.8,23.7,0.0,False,16.4,Caluroso,True,2014,6
2014-06-28,179.0,34.0,13.8,25.1,0.0,False,20.2,Caluroso,True,2014,6
2014-06-29,180.0,31.0,17.5,25.3,0.0,False,13.5,Caluroso,True,2014,6
2014-06-30,181.0,30.4,15.7,22.7,0.0,False,14.7,Caluroso,True,2014,6
2014-07-01,182.0,32.1,13.1,24.6,0.0,False,19.0,Caluroso,True,2014,7
2014-07-02,183.0,28.9,17.1,23.4,0.0,False,11.799999999999997,Templado,True,2014,7
2014-07-03,184.0,27.1,13.6,20.9,0.0,False,13.500000000000002,Templado,True,2014,7
2014-07-04,185.0,30.6,14.1,23.2,0.0,False,16.5,Caluroso,True,2014,7
2014-07-05,186.0,32.9,15.2,25.0,0.0,False,17.7,Caluroso,True,2014,7
2014-07-06,187.0,32.4,14.6,25.2,0.0,False,17.799999999999997,Caluroso,True,2014,7
2014-07-07,188.0,31.3,18.0,24.9,0.0,False,13.3,Caluroso,True,2014,7
2014-07-08,189.0,29.7,17.9,22.6,0.0,False,11.8,Templado,True,2014,7
2014-07-09,190.0,29.9,16.2,22.5,0.0,False,13.7,Templado,True,2014,7
2014-07-10,191.0,29.5,16.6,22.4,0.0,False,12.899999999999999,Templado,True,2014,7
2014-07-11,192.0,30.9,15.3,22.9,0.0,False,15.599999999999998,Caluroso,True,2014,7
2014-07-12,193.0,32.0,15.8,23.1,0.0,False,16.2,Caluroso,True,2014,7
2014-07-13,194.0,31.7,17.6,23.8,0.0,False,14.099999999999998,Caluroso,True,2014,7
2014-07-14,195.0,35.2,15.8,26.1,0.0,True,19.400000000000002,Caluroso,True,2014,7
2014-07-15,196.0,30.8,17.9,24.1,0.0,False,12.900000000000002,Caluroso,True,2014,7
2014-07-16,197.0,32.8,18.0,25.2,0.0,False,14.799999999999997,Caluroso,True,2014,7
2014-07-17,198.0,34.5,19.2,26.5,0.0,False,15.3,Caluroso,True,2014,7
2014-07-18,199.0,38.4,21.0,28.5,0.0,True,17.4,Caluroso,True,2014,7
2014-07-19,200.0,36.7,17.7,28.2,0.0,True,19.000000000000004,Caluroso,True,2014,7
2014-07-20,201.0,32.0,17.1,25.6,0.0,False,14.899999999999999,Caluroso,True,2014,7
2014-07-21,202.0,30.1,16.9,24.2,0.0,False,13.200000000000003,Caluroso,True,2014,7
2014-07-22,203.0,33.2,16.9,25.3,0.0,False,16.300000000000004,Caluroso,True,2014,7
2014-07-23,204.0,36.2,15.4,25.9,0.0,True,20.800000000000004,Caluroso,True,2014,7
2014-07-24,205.0,34.2,17.4,25.6,0.0,False,16.800000000000004,Caluroso,True,2014,7
2014-07-25,206.0,31.6,19.4,25.2,0.0,False,12.200000000000003,Caluroso,True,2014,7
2014-07-26,207.0,31.1,17.8,24.3,0.0,False,13.3,Caluroso,True,2014,7
2014-07-27,208.0,32.4,16.7,25.2,0.0,False,15.7,Caluroso,True,2014,7
2014-07-28,209.0,34.9,18.1,26.2,0.0,False,16.799999999999997,Caluroso,True,2014,7
2014-07-29,210.0,29.7,18.9,23.8,0.0,False,10.8,Templado,True,2014,7
2014-07-30,211.0,30.4,20.2,24.7,0.0,False,10.2,Caluroso,True,2014,7
2014-07-31,212.0,33.6,18.7,24.9,0.0,False,14.900000000000002,Caluroso,True,2014,7
2014-08-01,213.0,35.4,16.4,27.1,0.0,True,19.0,Caluroso,True,2014,8
2014-08-02,214.0,32.1,17.9,25.7,0.0,False,14.200000000000003,Caluroso,True,2014,8
2014-08-03,215.0,32.4,16.9,25.2,0.0,False,15.5,Caluroso,True,2014,8
2014-08-04,216.0,32.6,15.3,24.5,0.0,False,17.3,Caluroso,True,2014,8
2014-08-05,217.0,31.6,16.8,24.9,0.0,False,14.8,Caluroso,True,2014,8
2014-08-06,218.0,32.7,18.6,24.8,0.0,False,14.100000000000001,Caluroso,True,2014,8
2014-08-07,219.0,34.2,17.6,25.7,0.0,False,16.6,Caluroso,True,2014,8
2014-08-08,220.0,35.5,17.3,26.0,0.0,True,18.2,Caluroso,True,2014,8
2014-08-09,221.0,35.2,17.8,26.4,0.0,True,17.400000000000002,Caluroso,True,2014,8
2014-08-10,222.0,37.9,17.1,27.3,0.0,True,20.799999999999997,Caluroso,True,2014,8
2014-08-11,223.0,35.6,18.5,27.7,0.0,True,17.1,Caluroso,True,2014,8
2014-08-12,224.0,32.8,19.1,25.4,0.0,False,13.699999999999996,Caluroso,True,2014,8
2014-08-13,225.0,35.7,18.4,27.3,0.0,True,17.300000000000004,Caluroso,True,2014,8
2014-08-14,226.0,30.0,21.2,24.4,0.0,False,8.8,Templado,True,2014,8
2014-08-15,227.0,29.4,20.6,24.2,0.0,False,8.799999999999997,Templado,True,2014,8
2014-08-16,228.0,28.5,20.8,23.6,0.0,False,7.699999999999999,Templado,True,2014,8
2014-08-17,229.0,26.8,19.3,22.9,0.0,False,7.5,Templado,True,2014,8
2014-08-18,230.0,31.2,17.1,23.7,0.0,False,14.099999999999998,Caluroso,True,2014,8
2014-08-19,231.0,33.4,16.9,24.7,0.0,False,16.5,Caluroso,True,2014,8
2014-08-20,232.0,32.3,16.3,23.8,0.0,False,15.999999999999996,Caluroso,True,2014,8
2014-08-21,233.0,31.2,16.7,23.9,0.0,False,14.5,Caluroso,True,2014,8
2014-08-22,234.0,33.3,14.5,24.0,0.0,False,18.799999999999997,Caluroso,True,2014,8
2014-08-23,235.0,29.4,16.5,23.3,0.0,False,12.899999999999999,Templado,True,2014,8
2014-08-24,236.0,30.2,17.1,23.4,0.0,False,13.099999999999998,Caluroso,True,2014,8
2014-08-25,237.0,33.3,15.3,25.2,0.0,False,17.999999999999996,Caluroso,True,2014,8
2014-08-26,238.0,36.4,16.1,26.2,0.0,True,20.299999999999997,Caluroso,True,2014,8
2014-08-27,239.0,36.7,17.5,27.4,0.0,True,19.200000000000003,Caluroso,True,2014,8
2014-08-28,240.0,32.9,17.9,25.9,0.0,False,15.0,Caluroso,True,2014,8
2014-08-29,241.0,33.6,19.4,26.1,0.0,False,14.200000000000003,Caluroso,True,2014,8
2014-08-30,242.0,29.9,18.8,23.8,0.0,False,11.099999999999998,Templado,True,2014,8
2014-08-31,243.0,29.8,19.4,23.7,0.0,False,10.400000000000002,Templado,True,2014,8
2014-09-01,244.0,32.4,17.7,25.0,0.0,False,14.7,Caluroso,True,2014,9
2014-09-02,245.0,36.9,17.1,27.5,0.0,True,19.799999999999997,Caluroso,True,2014,9
2014-09-03,246.0,36.4,19.8,27.0,0.0,True,16.599999999999998,Caluroso,True,2014,9
2014-09-04,247.0,33.9,16.7,25.4,0.0,False,17.2,Caluroso,True,2014,9
2014-09-05,248.0,32.0,15.7,24.3,0.0,False,16.3,Caluroso,True,2014,9
2014-09-06,249.0,32.9,17.5,25.0,0.0,False,15.399999999999999,Caluroso,True,2014,9
2014-09-07,250.0,33.9,14.8,25.1,0.0,False,19.099999999999998,Caluroso,True,2014,9
2014-09-08,251.0,31.3,15.7,24.4,0.0,False,15.600000000000001,Caluroso,True,2014,9
2014-09-09,252.0,30.1,16.3,23.2,0.0,False,13.8,Caluroso,True,2014,9
2014-09-10,253.0,31.6,17.5,23.8,0.0,False,14.100000000000001,Caluroso,True,2014,9
2014-09-11,254.0,32.2,14.4,24.3,0.0,False,17.800000000000004,Caluroso,True,2014,9
2014-09-12,255.0,31.2,16.3,23.9,0.0,False,14.899999999999999,Caluroso,True,2014,9
2014-09-13,256.0,33.4,15.5,24.1,0.0,False,17.9,Caluroso,True,2014,9
2014-09-14,257.0,33.3,14.4,23.9,0.0,False,18.9,Caluroso,True,2014,9
2014-09-15,258.0,31.7,13.8,22.2,0.0,False,17.9,Caluroso,True,2014,9
2014-09-16,259.0,27.9,13.0,21.3,0.0,False,14.899999999999999,Templado,True,2014,9
2014-09-17,260.0,28.9,17.6,23.9,0.0,False,11.299999999999997,Templado,True,2014,9
2014-09-18,261.0,29.3,14.0,22.4,0.0,False,15.3,Templado,True,2014,9
2014-09-19,262.0,27.7,15.3,22.3,0.0,False,12.399999999999999,Templado,True,2014,9
2014-09-20,263.0,29.9,16.5,22.9,0.0,False,13.399999999999999,Templado,True,2014,9
2014-09-21,264.0,29.1,16.7,22.9,0.0,False,12.400000000000002,Templado,True,2014,9
2014-09-22,265.0,27.4,17.1,21.5,1.2,False,10.299999999999997,Templado,False,2014,9
2014-09-23,266.0,27.1,12.7,20.0,0.0,False,14.400000000000002,Templado,True,2014,9
2014-09-24,267.0,28.3,12.0,20.7,0.0,False,16.3,Templado,True,2014,9
2014-09-25,268.0,23.9,14.0,18.2,0.0,False,9.899999999999999,Templado,True,2014,9
2014-09-26,269.0,24.8,14.5,19.1,2.4,False,10.3,Templado,False,2014,9
2014-09-27,270.0,19.5,16.2,18.0,4.8,False,3.3000000000000007,Frío,False,2014,9
2014-09-28,271.0,23.7,15.2,19.3,0.0,False,8.5,Templado,True,2014,9
2014-09-29,272.0,23.3,13.8,17.6,28.0,False,9.5,Templado,False,2014,9
2014-09-30,273.0,24.1,13.3,18.8,0.8,False,10.8,Templado,False,2014,9
2014-10-01,274.0,22.4,17.1,19.5,7.8,False,5.299999999999997,Templado,False,2014,10
2014-10-02,275.0,22.3,17.3,19.4,0.2,False,5.0,Templado,False,2014,10
2014-10-03,276.0,24.5,14.3,18.8,0.0,False,10.2,Templado,True,2014,10
2014-10-04,277.0,25.0,12.8,18.5,0.0,False,12.2,Templado,True,2014,10
2014-10-05,278.0,27.7,13.9,20.0,0.2,False,13.799999999999999,Templado,False,2014,10
2014-10-06,279.0,26.7,14.0,20.1,0.0,False,12.7,Templado,True,2014,10
2014-10-07,280.0,27.2,11.8,18.9,0.0,False,15.399999999999999,Templado,True,2014,10
2014-10-08,281.0,28.3,11.2,19.3,0.0,False,17.1,Templado,True,2014,10
2014-10-09,282.0,29.5,11.5,20.0,0.0,False,18.0,Templado,True,2014,10
2014-10-10,283.0,28.2,9.7,19.0,0.0,False,18.5,Templado,True,2014,10
2014-10-11,284.0,23.5,12.4,17.9,5.6,False,11.1,Templado,False,2014,10
2014-10-12,285.0,22.5,11.4,17.1,0.0,False,11.1,Templado,True,2014,10
2014-10-13,286.0,21.0,7.3,14.6,0.0,False,13.7,Templado,True,2014,10
2014-10-14,287.0,19.6,10.0,14.6,6.4,False,9.600000000000001,Frío,False,2014,10
2014-10-15,288.0,21.8,7.8,14.6,0.0,False,14.0,Templado,True,2014,10
2014-10-16,289.0,27.2,10.2,17.7,0.0,False,17.0,Templado,True,2014,10
2014-10-17,290.0,28.2,12.0,19.2,0.0,False,16.2,Templado,True,2014,10
2014-10-18,291.0,28.2,12.3,19.9,0.0,False,15.899999999999999,Templado,True,2014,10
2014-10-19,292.0,26.3,13.8,19.5,0.0,False,12.5,Templado,True,2014,10
2014-10-20,293.0,27.9,12.8,19.7,0.0,False,15.099999999999998,Templado,True,2014,10
2014-10-21,294.0,31.3,11.8,20.5,0.0,False,19.5,Caluroso,True,2014,10
2014-10-22,295.0,30.0,13.0,19.3,0.0,False,17.0,Templado,True,2014,10
2014-10-23,296.0,25.2,10.0,16.3,0.0,False,15.2,Templado,True,2014,10
2014-10-24,297.0,25.4,9.9,17.0,0.0,False,15.499999999999998,Templado,True,2014,10
2014-10-25,298.0,25.6,8.7,16.8,0.0,False,16.900000000000002,Templado,True,2014,10
2014-10-26,299.0,25.1,8.9,17.0,0.0,False,16.200000000000003,Templado,True,2014,10
2014-10-27,300.0,24.2,10.2,16.7,0.0,False,14.0,Templado,True,2014,10
2014-10-28,301.0,22.1,11.0,15.5,0.2,False,11.100000000000001,Templado,False,2014,10
2014-10-29,302.0,22.9,10.2,15.5,0.2,False,12.7,Templado,False,2014,10
2014-10-30,303.0,23.5,9.3,15.3,0.0,False,14.2,Templado,True,2014,10
2014-10-31,304.0,20.6,8.7,14.2,0.0,False,11.900000000000002,Templado,True,2014,10
2014-11-01,305.0,22.3,9.1,15.3,0.2,False,13.200000000000001,Templado,False,2014,11
2014-11-02,306.0,20.8,11.2,15.4,0.0,False,9.600000000000001,Templado,True,2014,11
2014-11-03,307.0,21.8,10.7,16.1,0.0,False,11.100000000000001,Templado,True,2014,11
2014-11-04,308.0,16.8,8.9,13.6,8.8,False,7.9,Frío,False,2014,11
2014-11-05,309.0,17.1,5.2,10.2,0.0,False,11.900000000000002,Frío,True,2014,11
2014-11-06,310.0,18.2,2.1,10.1,0.0,False,16.099999999999998,Frío,True,2014,11
2014-11-07,311.0,21.6,6.2,13.6,0.0,False,15.400000000000002,Templado,True,2014,11
2014-11-08,312.0,21.6,8.1,14.1,0.0,False,13.500000000000002,Templado,True,2014,11
2014-11-09,313.0,17.3,6.9,10.2,1.6,False,10.4,Frío,False,2014,11
2014-11-10,314.0,15.7,3.5,8.8,0.0,False,12.2,Frío,True,2014,11
2014-11-11,315.0,14.6,5.3,10.2,2.2,False,9.3,Frío,False,2014,11
2014-11-12,316.0,20.4,8.5,14.9,0.0,False,11.899999999999999,Templado,True,2014,11
2014-11-13,317.0,20.8,6.1,12.8,0.0,False,14.700000000000001,Templado,True,2014,11
2014-11-14,318.0,19.5,9.4,14.9,0.2,False,10.1,Frío,False,2014,11
2014-11-15,319.0,19.4,6.8,14.0,0.0,False,12.599999999999998,Frío,True,2014,11
2014-11-16,320.0,18.7,4.6,10.8,0.0,False,14.1,Frío,True,2014,11
2014-11-17,321.0,17.8,2.2,9.5,0.0,False,15.600000000000001,Frío,True,2014,11
2014-11-18,322.0,18.8,2.1,9.2,0.0,False,16.7,Frío,True,2014,11
2014-11-19,323.0,19.8,4.5,11.2,0.2,False,15.3,Frío,False,2014,11
2014-11-20,324.0,17.1,6.7,11.9,0.2,False,10.400000000000002,Frío,False,2014,11
2014-11-21,325.0,18.1,9.7,13.3,0.0,False,8.400000000000002,Frío,True,2014,11
2014-11-22,326.0,20.3,11.8,15.9,0.0,False,8.5,Templado,True,2014,11
2014-11-23,327.0,22.2,10.8,16.6,0.2,False,11.399999999999999,Templado,False,2014,11
2014-11-24,328.0,20.6,10.1,14.4,0.0,False,10.500000000000002,Templado,True,2014,11
2014-11-25,329.0,19.3,8.7,13.4,2.6,False,10.600000000000001,Frío,False,2014,11
2014-11-26,330.0,18.5,5.4,11.6,0.0,False,13.1,Frío,True,2014,11
2014-11-27,331.0,16.7,5.5,10.7,0.2,False,11.2,Frío,False,2014,11
2014-11-28,332.0,15.1,7.5,11.4,1.4,False,7.6,Frío,False,2014,11
2014-11-29,333.0,14.4,6.4,10.3,1.0,False,8.0,Frío,False,2014,11
2014-11-30,334.0,17.8,7.3,11.8,0.2,False,10.5,Frío,False,2014,11
2014-12-01,335.0,19.6,10.8,14.5,0.0,False,8.8,Frío,True,2014,12
2014-12-02,336.0,16.3,5.3,10.9,0.4,False,11.0,Frío,False,2014,12
2014-12-03,337.0,15.8,3.7,9.0,0.2,False,12.100000000000001,Frío,False,2014,12
2014-12-04,338.0,15.4,2.0,7.7,0.0,False,13.4,Frío,True,2014,12
2014-12-05,339.0,15.5,1.6,7.4,0.2,False,13.9,Frío,False,2014,12
2014-12-06,340.0,15.2,-0.7,6.6,0.0,False,15.899999999999999,Frío,True,2014,12
2014-12-07,341.0,14.1,-0.6,6.9,0.0,False,14.7,Frío,True,2014,12
2014-12-08,342.0,14.8,-2.3,5.3,0.0,False,17.1,Frío,True,2014,12
2014-12-09,343.0,15.0,0.4,8.2,0.0,False,14.6,Frío,True,2014,12
2014-12-10,344.0,13.6,-2.5,5.3,0.0,False,16.1,Frío,True,2014,12
2014-12-11,345.0,17.5,-1.6,6.4,0.0,False,19.1,Frío,True,2014,12
2014-12-12,346.0,16.5,-1.5,6.4,0.0,False,18.0,Frío,True,2014,12
2014-12-13,347.0,16.8,2.1,8.8,0.0,False,14.700000000000001,Frío,True,2014,12
2014-12-14,348.0,9.5,5.1,7.1,9.2,False,4.4,Muy frío,False,2014,12
2014-12-15,349.0,12.5,3.2,7.6,1.8,False,9.3,Frío,False,2014,12
2014-12-16,350.0,17.0,1.4,9.1,0.0,False,15.6,Frío,True,2014,12
2014-12-17,351.0,17.6,1.1,8.6,0.2,False,16.5,Frío,False,2014,12
2014-12-18,352.0,19.7,2.0,9.4,0.0,False,17.7,Frío,True,2014,12
2014-12-19,353.0,18.8,2.8,9.5,0.0,False,16.0,Frío,True,2014,12
2014-12-20,354.0,17.5,2.8,10.3,0.2,False,14.7,Frío,False,2014,12
2014-12-21,355.0,14.7,2.7,8.7,0.0,False,12.0,Frío,True,2014,12
2014-12-22,356.0,12.0,3.8,8.3,0.0,False,8.2,Frío,True,2014,12
2014-12-23,357.0,14.2,3.2,7.8,0.2,False,11.0,Frío,False,2014,12
2014-12-24,358.0,16.3,1.1,7.9,0.2,False,15.200000000000001,Frío,False,2014,12
2014-12-25,359.0,14.8,1.8,7.7,0.0,False,13.0,Frío,True,2014,12
2014-12-26,360.0,15.5,0.2,6.8,0.2,False,15.3,Frío,False,2014,12
2014-12-27,361.0,16.9,-0.9,6.9,0.2,False,17.799999999999997,Frío,False,2014,12
2014-12-28,362.0,16.6,3.5,10.7,0.0,False,13.100000000000001,Frío,True,2014,12
2014-12-29,363.0,9.6,-3.2,5.7,0.0,False,12.8,Muy frío,True,2014,12
2014-12-30,364.0,11.5,-6.7,1.5,0.0,False,18.2,Frío,True,2014,12
2014-12-31,365.0,14.3,-5.9,2.9,0.0,False,20.200000000000003,Frío,True,2014,12
2015-01-01,1.0,11.9,-1.6,5.3,0.0,False,13.5,Frío,True,2015,1
2015-01-02,2.0,16.0,-3.0,4.8,0.2,False,19.0,Frío,False,2015,1
2015-01-03,3.0,17.4,-1.6,6.4,0.0,False,19.0,Frío,True,2015,1
2015-01-04,4.0,20.9,0.0,8.8,0.0,False,20.9,Templado,True,2015,1
2015-01-05,5.0,16.5,2.8,8.5,0.0,False,13.7,Frío,True,2015,1
2015-01-06,6.0,17.3,-1.2,6.3,0.0,False,18.5,Frío,True,2015,1
2015-01-07,7.0,13.4,2.5,7.0,0.0,False,10.9,Frío,True,2015,1
2015-01-08,8.0,13.6,0.1,6.2,0.2,False,13.5,Frío,False,2015,1
2015-01-09,9.0,15.5,0.2,6.5,0.0,False,15.3,Frío,True,2015,1
2015-01-10,10.0,20.7,-2.0,7.2,0.0,False,22.7,Templado,True,2015,1
2015-01-11,11.0,21.2,1.4,10.8,0.0,False,19.8,Templado,True,2015,1
2015-01-12,12.0,14.4,4.3,8.8,0.0,False,10.100000000000001,Frío,True,2015,1
2015-01-13,13.0,17.1,4.5,8.7,0.0,False,12.600000000000001,Frío,True,2015,1
2015-01-14,14.0,19.1,5.1,10.7,0.0,False,14.000000000000002,Frío,True,2015,1
2015-01-15,15.0,18.9,2.5,10.4,0.0,False,16.4,Frío,True,2015,1
2015-01-16,16.0,14.0,2.3,9.8,0.0,False,11.7,Frío,True,2015,1
2015-01-17,17.0,13.2,-2.2,4.6,0.0,False,15.399999999999999,Frío,True,2015,1
2015-01-18,18.0,10.6,-3.8,4.2,2.2,False,14.399999999999999,Frío,False,2015,1
2015-01-19,19.0,12.1,1.9,6.4,1.2,False,10.2,Frío,False,2015,1
2015-01-20,20.0,11.6,-2.1,5.2,0.0,False,13.7,Frío,True,2015,1
2015-01-21,21.0,12.6,-0.6,6.6,0.0,False,13.2,Frío,True,2015,1
2015-01-22,22.0,11.4,3.4,7.3,0.2,False,8.0,Frío,False,2015,1
2015-01-23,23.0,13.1,-1.1,7.3,0.0,False,14.2,Frío,True,2015,1
2015-01-24,24.0,15.2,-3.8,5.2,0.0,False,19.0,Frío,True,2015,1
2015-01-25,25.0,17.1,-2.7,7.1,0.0,False,19.8,Frío,True,2015,1
2015-01-26,26.0,15.8,-1.8,6.6,0.0,False,17.6,Frío,True,2015,1
2015-01-27,27.0,17.1,0.0,7.8,0.0,False,17.1,Frío,True,2015,1
2015-01-28,28.0,16.4,0.8,8.0,0.0,False,15.599999999999998,Frío,True,2015,1
2015-01-29,29.0,19.8,-1.4,10.7,0.0,False,21.2,Frío,True,2015,1
2015-01-30,30.0,19.0,13.6,16.0,0.0,False,5.4,Frío,True,2015,1
2015-01-31,31.0,17.5,6.1,13.3,0.0,False,11.4,Frío,True,2015,1
2015-02-01,32.0,11.8,1.0,7.1,0.0,False,10.8,Frío,True,2015,2
2015-02-02,33.0,13.3,-0.4,7.2,0.0,False,13.700000000000001,Frío,True,2015,2
2015-02-03,34.0,15.6,8.5,11.0,0.0,False,7.1,Frío,True,2015,2
2015-02-04,35.0,9.7,2.8,6.3,0.2,False,6.8999999999999995,Muy frío,False,2015,2
2015-02-05,36.0,9.7,1.3,5.0,0.0,False,8.399999999999999,Muy frío,True,2015,2
2015-02-06,37.0,10.5,-3.0,4.7,0.0,False,13.5,Frío,True,2015,2
2015-02-07,38.0,10.6,-5.2,2.2,2.0,False,15.8,Frío,False,2015,2
2015-02-08,39.0,10.0,-2.0,4.1,0.2,False,12.0,Muy frío,False,2015,2
2015-02-09,40.0,11.0,-2.6,4.5,1.0,False,13.6,Frío,False,2015,2
2015-02-10,41.0,10.2,3.6,6.9,1.0,False,6.6,Frío,False,2015,2
2015-02-11,42.0,14.2,0.0,7.2,0.0,False,14.2,Frío,True,2015,2
2015-02-12,43.0,8.7,5.6,6.7,12.8,False,3.0999999999999996,Muy frío,False,2015,2
2015-02-13,44.0,15.5,2.2,8.2,0.0,False,13.3,Frío,True,2015,2
2015-02-14,45.0,14.6,2.7,10.3,0.2,False,11.899999999999999,Frío,False,2015,2
2015-02-15,46.0,16.8,4.8,12.1,0.0,False,12.0,Frío,True,2015,2
2015-02-16,47.0,19.0,3.4,10.5,0.0,False,15.6,Frío,True,2015,2
2015-02-17,48.0,9.2,6.3,7.6,6.6,False,2.8999999999999995,Muy frío,False,2015,2
2015-02-18,49.0,10.4,7.2,8.4,5.4,False,3.2,Frío,False,2015,2
2015-02-19,50.0,11.7,7.1,8.6,0.0,False,4.6,Frío,True,2015,2
2015-02-20,51.0,11.5,2.3,7.9,0.2,False,9.2,Frío,False,2015,2
2015-02-21,52.0,15.6,-0.5,8.1,0.2,False,16.1,Frío,False,2015,2
2015-02-22,53.0,17.6,2.0,11.0,0.0,False,15.600000000000001,Frío,True,2015,2
2015-02-23,54.0,23.2,4.9,13.9,0.0,False,18.299999999999997,Templado,True,2015,2
2015-02-24,55.0,17.3,3.5,11.5,0.0,False,13.8,Frío,True,2015,2
2015-02-25,56.0,15.1,7.9,11.6,0.0,False,7.199999999999999,Frío,True,2015,2
2015-02-26,57.0,20.7,11.2,15.5,0.0,False,9.5,Templado,True,2015,2
2015-02-27,58.0,21.2,5.6,13.8,0.0,False,15.6,Templado,True,2015,2
2015-02-28,59.0,17.7,3.7,10.8,0.0,False,14.0,Frío,True,2015,2
2015-03-01,60.0,21.2,4.3,12.1,0.0,False,16.9,Templado,True,2015,3
2015-03-02,61.0,24.9,5.9,14.8,0.0,False,19.0,Templado,True,2015,3
2015-03-03,62.0,24.4,7.7,15.9,0.0,False,16.7,Templado,True,2015,3
2015-03-04,63.0,22.9,8.0,14.1,0.0,False,14.899999999999999,Templado,True,2015,3
2015-03-05,64.0,14.5,-0.8,8.5,0.0,False,15.3,Frío,True,2015,3
2015-03-06,65.0,16.3,-2.5,6.3,0.0,False,18.8,Frío,True,2015,3
2015-03-07,66.0,19.6,-1.9,8.6,0.0,False,21.5,Frío,True,2015,3
2015-03-08,67.0,15.1,1.8,8.9,0.0,False,13.299999999999999,Frío,True,2015,3
2015-03-09,68.0,18.1,2.5,9.4,0.0,False,15.600000000000001,Frío,True,2015,3
2015-03-10,69.0,22.4,2.8,11.7,0.0,False,19.599999999999998,Templado,True,2015,3
2015-03-11,70.0,25.4,3.2,13.5,0.0,False,22.2,Templado,True,2015,3
2015-03-12,71.0,26.0,5.9,15.2,0.0,False,20.1,Templado,True,2015,3
2015-03-13,72.0,17.1,7.3,11.3,0.0,False,9.8,Frío,True,2015,3
2015-03-14,73.0,14.5,6.9,10.0,0.6,False,7.6,Frío,False,2015,3
2015-03-15,74.0,14.3,6.7,9.8,0.2,False,7.6000000000000005,Frío,False,2015,3
2015-03-16,75.0,14.0,1.8,8.5,0.0,False,12.2,Frío,True,2015,3
2015-03-17,76.0,12.8,6.6,8.8,1.2,False,6.200000000000001,Frío,False,2015,3
2015-03-18,77.0,10.8,6.2,8.4,5.4,False,4.6000000000000005,Frío,False,2015,3
2015-03-19,78.0,13.5,9.1,10.8,1.0,False,4.4,Frío,False,2015,3
2015-03-20,79.0,12.0,6.9,10.0,20.6,False,5.1,Frío,False,2015,3
2015-03-21,80.0,15.0,3.9,9.5,0.2,False,11.1,Frío,False,2015,3
2015-03-22,81.0,16.8,4.1,9.8,0.2,False,12.700000000000001,Frío,False,2015,3
2015-03-23,82.0,15.7,4.8,10.2,0.0,False,10.899999999999999,Frío,True,2015,3
2015-03-24,83.0,12.6,5.9,9.0,10.2,False,6.699999999999999,Frío,False,2015,3
2015-03-25,84.0,12.2,5.1,8.5,3.0,False,7.1,Frío,False,2015,3
2015-03-26,85.0,16.2,1.6,10.0,0.0,False,14.6,Frío,True,2015,3
2015-03-27,86.0,23.3,10.2,17.0,0.0,False,13.100000000000001,Templado,True,2015,3
2015-03-28,87.0,27.1,8.5,17.5,0.0,False,18.6,Templado,True,2015,3
2015-03-29,88.0,27.3,9.6,18.5,0.0,False,17.700000000000003,Templado,True,2015,3
2015-03-30,89.0,27.9,8.9,18.7,0.0,False,19.0,Templado,True,2015,3
2015-03-31,90.0,28.7,10.7,20.2,0.0,False,18.0,Templado,True,2015,3
2015-04-01,91.0,21.0,8.9,15.7,0.0,False,12.1,Templado,True,2015,4
2015-04-02,92.0,18.7,6.9,12.5,0.0,False,11.799999999999999,Frío,True,2015,4
2015-04-03,93.0,22.0,6.8,14.0,0.0,False,15.2,Templado,True,2015,4
2015-04-04,94.0,20.1,7.7,13.0,0.0,False,12.400000000000002,Templado,True,2015,4
2015-04-05,95.0,22.1,8.3,14.2,0.0,False,13.8,Templado,True,2015,4
2015-04-06,96.0,13.8,9.3,11.3,0.0,False,4.5,Frío,True,2015,4
2015-04-07,97.0,12.8,8.6,9.7,1.4,False,4.200000000000001,Frío,False,2015,4
2015-04-08,98.0,13.6,8.0,10.1,0.0,False,5.6,Frío,True,2015,4
2015-04-09,99.0,14.2,5.8,9.8,1.4,False,8.399999999999999,Frío,False,2015,4
2015-04-10,100.0,17.1,5.1,10.6,0.0,False,12.000000000000002,Frío,True,2015,4
2015-04-11,101.0,13.8,8.7,10.7,8.2,False,5.100000000000001,Frío,False,2015,4
2015-04-12,102.0,16.6,9.1,12.6,4.2,False,7.500000000000002,Frío,False,2015,4
2015-04-13,103.0,20.2,12.0,15.4,0.0,False,8.2,Templado,True,2015,4
2015-04-14,104.0,20.9,14.0,17.5,0.0,False,6.899999999999999,Templado,True,2015,4
2015-04-15,105.0,17.7,10.5,13.2,13.4,False,7.199999999999999,Frío,False,2015,4
2015-04-16,106.0,20.8,10.1,14.8,0.2,False,10.700000000000001,Templado,False,2015,4
2015-04-17,107.0,21.2,8.2,14.6,0.0,False,13.0,Templado,True,2015,4
2015-04-18,108.0,23.4,7.7,15.1,0.2,False,15.7,Templado,False,2015,4
2015-04-19,109.0,20.8,7.9,14.5,0.0,False,12.9,Templado,True,2015,4
2015-04-20,110.0,19.9,9.7,14.1,0.0,False,10.2,Frío,True,2015,4
2015-04-21,111.0,19.7,10.5,14.0,0.0,False,9.2,Frío,True,2015,4
2015-04-22,112.0,22.3,10.2,15.5,0.0,False,12.100000000000001,Templado,True,2015,4
2015-04-23,113.0,24.2,9.6,17.3,0.0,False,14.6,Templado,True,2015,4
2015-04-24,114.0,25.2,8.9,16.5,0.0,False,16.299999999999997,Templado,True,2015,4
2015-04-25,115.0,22.5,9.6,16.6,0.0,False,12.9,Templado,True,2015,4
2015-04-26,116.0,24.5,9.9,16.5,3.2,False,14.6,Templado,False,2015,4
2015-04-27,117.0,22.5,11.3,16.6,0.2,False,11.2,Templado,False,2015,4
2015-04-28,118.0,21.7,7.3,15.4,0.0,False,14.399999999999999,Templado,True,2015,4
2015-04-29,119.0,25.6,7.1,16.6,0.0,False,18.5,Templado,True,2015,4
2015-04-30,120.0,24.2,9.5,17.4,0.0,False,14.7,Templado,True,2015,4
2015-05-01,121.0,29.2,9.7,19.2,0.0,False,19.5,Templado,True,2015,5
2015-05-02,122.0,31.0,13.2,22.0,0.0,False,17.8,Caluroso,True,2015,5
2015-05-03,123.0,34.7,11.2,23.4,0.0,False,23.500000000000004,Caluroso,True,2015,5
2015-05-04,124.0,33.8,16.1,25.0,0.0,False,17.699999999999996,Caluroso,True,2015,5
2015-05-05,125.0,27.4,14.7,22.1,0.0,False,12.7,Templado,True,2015,5
2015-05-06,126.0,25.8,12.7,19.2,0.0,False,13.100000000000001,Templado,True,2015,5
2015-05-07,127.0,26.2,10.4,18.3,0.0,False,15.799999999999999,Templado,True,2015,5
2015-05-08,128.0,30.0,8.6,19.7,0.0,False,21.4,Templado,True,2015,5
2015-05-09,129.0,29.0,11.6,20.7,0.0,False,17.4,Templado,True,2015,5
2015-05-10,130.0,26.2,12.6,19.3,0.0,False,13.6,Templado,True,2015,5
2015-05-11,131.0,28.8,11.6,19.8,0.0,False,17.200000000000003,Templado,True,2015,5
2015-05-12,132.0,30.6,12.0,21.5,0.0,False,18.6,Caluroso,True,2015,5
2015-05-13,133.0,35.7,13.6,24.6,0.0,True,22.1,Caluroso,True,2015,5
2015-05-14,134.0,38.0,15.5,27.5,0.0,True,22.5,Caluroso,True,2015,5
2015-05-15,135.0,28.3,12.8,21.0,0.0,False,15.5,Templado,True,2015,5
2015-05-16,136.0,23.2,10.0,17.0,0.0,False,13.2,Templado,True,2015,5
2015-05-17,137.0,25.9,8.6,17.7,0.0,False,17.299999999999997,Templado,True,2015,5
2015-05-18,138.0,25.9,8.8,18.8,0.0,False,17.099999999999998,Templado,True,2015,5
2015-05-19,139.0,31.2,12.8,21.2,0.0,False,18.4,Caluroso,True,2015,5
2015-05-20,140.0,19.3,13.6,15.4,3.2,False,5.700000000000001,Frío,False,2015,5
2015-05-21,141.0,20.1,11.2,15.5,0.0,False,8.900000000000002,Templado,True,2015,5
2015-05-22,142.0,20.2,10.0,14.8,0.0,False,10.2,Templado,True,2015,5
2015-05-23,143.0,21.7,9.3,15.4,0.0,False,12.399999999999999,Templado,True,2015,5
2015-05-24,144.0,19.0,11.8,14.9,0.0,False,7.199999999999999,Frío,True,2015,5
2015-05-25,145.0,20.3,9.2,16.0,0.0,False,11.100000000000001,Templado,True,2015,5
2015-05-26,146.0,26.1,7.5,18.1,0.0,False,18.6,Templado,True,2015,5
2015-05-27,147.0,26.4,10.6,18.3,0.0,False,15.799999999999999,Templado,True,2015,5
2015-05-28,148.0,25.4,11.7,18.3,0.0,False,13.7,Templado,True,2015,5
2015-05-29,149.0,26.2,14.3,19.8,0.0,False,11.899999999999999,Templado,True,2015,5
2015-05-30,150.0,28.3,12.2,20.0,0.0,False,16.1,Templado,True,2015,5
2015-05-31,151.0,28.5,11.7,20.7,0.0,False,16.8,Templado,True,2015,5
2015-06-01,152.0,26.6,14.5,20.1,0.0,False,12.100000000000001,Templado,True,2015,6
2015-06-02,153.0,28.1,12.1,21.0,0.0,False,16.0,Templado,True,2015,6
2015-06-03,154.0,27.7,12.1,20.5,0.0,False,15.6,Templado,True,2015,6
2015-06-04,155.0,26.9,12.0,20.1,0.0,False,14.899999999999999,Templado,True,2015,6
2015-06-05,156.0,28.9,12.3,20.8,0.0,False,16.599999999999998,Templado,True,2015,6
2015-06-06,157.0,27.5,14.0,21.1,0.0,False,13.5,Templado,True,2015,6
2015-06-07,158.0,27.4,13.5,20.8,0.0,False,13.899999999999999,Templado,True,2015,6
2015-06-08,159.0,28.3,10.8,21.0,0.0,False,17.5,Templado,True,2015,6
2015-06-09,160.0,28.2,14.0,21.5,0.0,False,14.2,Templado,True,2015,6
2015-06-10,161.0,28.1,13.3,21.4,0.0,False,14.8,Templado,True,2015,6
2015-06-11,162.0,25.1,15.2,19.8,3.0,False,9.900000000000002,Templado,False,2015,6
2015-06-12,163.0,27.7,13.0,21.2,0.0,False,14.7,Templado,True,2015,6
2015-06-13,164.0,27.5,12.2,20.5,0.0,False,15.3,Templado,True,2015,6
2015-06-14,165.0,24.2,11.2,18.5,0.0,False,13.0,Templado,True,2015,6
2015-06-15,166.0,25.5,10.8,18.4,0.0,False,14.7,Templado,True,2015,6
2015-06-16,167.0,25.4,10.5,19.2,0.0,False,14.899999999999999,Templado,True,2015,6
2015-06-17,168.0,26.9,11.6,20.5,0.0,False,15.299999999999999,Templado,True,2015,6
2015-06-18,169.0,26.0,14.7,20.1,0.0,False,11.3,Templado,True,2015,6
2015-06-19,170.0,29.6,12.5,21.8,0.0,False,17.1,Templado,True,2015,6
2015-06-20,171.0,30.4,14.6,22.8,0.0,False,15.799999999999999,Caluroso,True,2015,6
2015-06-21,172.0,30.8,15.6,23.3,0.0,False,15.200000000000001,Caluroso,True,2015,6
2015-06-22,173.0,34.3,15.7,25.3,0.0,False,18.599999999999998,Caluroso,True,2015,6
2015-06-23,174.0,33.2,16.9,24.1,0.2,False,16.300000000000004,Caluroso,False,2015,6
2015-06-24,175.0,29.2,15.1,22.3,0.0,False,14.1,Templado,True,2015,6
2015-06-25,176.0,28.9,15.2,22.0,0.2,False,13.7,Templado,False,2015,6
2015-06-26,177.0,32.4,15.3,24.2,0.0,False,17.099999999999998,Caluroso,True,2015,6
2015-06-27,178.0,34.7,17.3,26.2,0.0,False,17.400000000000002,Caluroso,True,2015,6
2015-06-28,179.0,38.1,17.2,28.4,0.0,True,20.900000000000002,Caluroso,True,2015,6
2015-06-29,180.0,35.0,18.5,27.2,0.0,False,16.5,Caluroso,True,2015,6
2015-06-30,181.0,34.9,18.7,27.1,0.0,False,16.2,Caluroso,True,2015,6
2015-07-01,182.0,32.8,18.8,26.0,0.2,False,13.999999999999996,Caluroso,False,2015,7
2015-07-02,183.0,33.2,20.6,25.6,0.0,False,12.600000000000001,Caluroso,True,2015,7
2015-07-03,184.0,32.6,19.4,24.8,0.0,False,13.200000000000003,Caluroso,True,2015,7
2015-07-04,185.0,34.7,18.7,25.7,0.0,False,16.000000000000004,Caluroso,True,2015,7
2015-07-05,186.0,36.7,18.4,28.0,0.0,True,18.300000000000004,Caluroso,True,2015,7
2015-07-06,187.0,37.0,20.2,29.1,0.0,True,16.8,Caluroso,True,2015,7
2015-07-07,188.0,38.8,19.0,29.9,0.0,True,19.799999999999997,Caluroso,True,2015,7
2015-07-08,189.0,41.1,20.2,30.8,0.0,True,20.900000000000002,Extremo,True,2015,7
2015-07-09,190.0,33.8,19.8,25.9,0.0,False,13.999999999999996,Caluroso,True,2015,7
2015-07-10,191.0,35.2,17.2,25.7,0.0,True,18.000000000000004,Caluroso,True,2015,7
2015-07-11,192.0,34.6,18.2,25.9,0.0,False,16.400000000000002,Caluroso,True,2015,7
2015-07-12,193.0,33.9,18.6,26.1,0.0,False,15.299999999999997,Caluroso,True,2015,7
2015-07-13,194.0,33.6,18.0,26.3,0.0,False,15.600000000000001,Caluroso,True,2015,7
2015-07-14,195.0,35.1,18.7,26.8,0.0,True,16.400000000000002,Caluroso,True,2015,7
2015-07-15,196.0,34.7,18.4,26.4,0.0,False,16.300000000000004,Caluroso,True,2015,7
2015-07-16,197.0,35.3,18.2,27.2,0.0,True,17.099999999999998,Caluroso,True,2015,7
2015-07-17,198.0,36.2,19.0,26.8,0.0,True,17.200000000000003,Caluroso,True,2015,7
2015-07-18,199.0,33.8,20.5,27.0,0.0,False,13.299999999999997,Caluroso,True,2015,7
2015-07-19,200.0,35.8,18.8,27.8,0.0,True,16.999999999999996,Caluroso,True,2015,7
2015-07-20,201.0,34.7,19.7,27.3,0.0,False,15.000000000000004,Caluroso,True,2015,7
2015-07-21,202.0,37.1,19.7,27.8,0.0,True,17.400000000000002,Caluroso,True,2015,7
2015-07-22,203.0,36.2,18.3,27.0,0.0,True,17.900000000000002,Caluroso,True,2015,7
2015-07-23,204.0,33.9,19.4,26.6,0.0,False,14.5,Caluroso,True,2015,7
2015-07-24,205.0,37.2,21.6,28.2,0.0,True,15.600000000000001,Caluroso,True,2015,7
2015-07-25,206.0,33.2,20.8,27.2,0.0,False,12.400000000000002,Caluroso,True,2015,7
2015-07-26,207.0,33.0,20.7,26.4,0.0,False,12.3,Caluroso,True,2015,7
2015-07-27,208.0,38.7,18.4,28.4,0.0,True,20.300000000000004,Caluroso,True,2015,7
2015-07-28,209.0,34.2,21.0,26.9,0.2,False,13.200000000000003,Caluroso,False,2015,7
2015-07-29,210.0,38.3,20.6,28.0,0.0,True,17.699999999999996,Caluroso,True,2015,7
2015-07-30,211.0,33.5,21.2,26.5,0.0,False,12.3,Caluroso,True,2015,7
2015-07-31,212.0,31.5,21.2,25.3,0.0,False,10.3,Caluroso,True,2015,7
2015-08-01,213.0,31.8,18.2,24.5,0.0,False,13.600000000000001,Caluroso,True,2015,8
2015-08-02,214.0,30.1,19.1,24.3,0.0,False,11.0,Caluroso,True,2015,8
2015-08-03,215.0,35.0,19.7,26.6,0.0,False,15.3,Caluroso,True,2015,8
2015-08-04,216.0,34.5,20.0,27.3,0.0,False,14.5,Caluroso,True,2015,8
2015-08-05,217.0,33.7,19.3,26.9,0.0,False,14.400000000000002,Caluroso,True,2015,8
2015-08-06,218.0,34.3,23.7,28.1,0.0,False,10.599999999999998,Caluroso,True,2015,8
2015-08-07,219.0,35.5,22.9,28.8,0.0,True,12.600000000000001,Caluroso,True,2015,8
2015-08-08,220.0,34.5,23.3,28.0,0.0,False,11.2,Caluroso,True,2015,8
2015-08-09,221.0,31.4,20.1,25.6,0.0,False,11.299999999999997,Caluroso,True,2015,8
2015-08-10,222.0,34.2,22.3,27.1,0.2,False,11.900000000000002,Caluroso,False,2015,8
2015-08-11,223.0,34.3,22.1,26.9,0.0,False,12.199999999999996,Caluroso,True,2015,8
2015-08-12,224.0,36.5,21.9,28.5,0.0,True,14.600000000000001,Caluroso,True,2015,8
2015-08-13,225.0,37.0,20.1,28.5,0.0,True,16.9,Caluroso,True,2015,8
2015-08-14,226.0,30.4,16.2,24.3,0.0,False,14.2,Caluroso,True,2015,8
2015-08-15,227.0,32.0,15.8,24.3,0.0,False,16.2,Caluroso,True,2015,8
2015-08-16,228.0,29.5,17.6,23.2,0.0,False,11.899999999999999,Templado,True,2015,8
2015-08-17,229.0,32.9,16.4,24.9,0.0,False,16.5,Caluroso,True,2015,8
2015-08-18,230.0,30.5,17.9,24.2,0.0,False,12.600000000000001,Caluroso,True,2015,8
2015-08-19,231.0,29.7,18.9,23.9,0.0,False,10.8,Templado,True,2015,8
2015-08-20,232.0,29.6,19.6,24.2,0.0,False,10.0,Templado,True,2015,8
2015-08-21,233.0,31.0,19.6,24.8,0.0,False,11.399999999999999,Caluroso,True,2015,8
2015-08-22,234.0,31.0,17.9,24.5,0.0,False,13.100000000000001,Caluroso,True,2015,8
2015-08-23,235.0,31.9,15.1,24.9,0.0,False,16.799999999999997,Caluroso,True,2015,8
2015-08-24,236.0,31.8,16.0,24.6,0.0,False,15.8,Caluroso,True,2015,8
2015-08-25,237.0,30.3,15.7,23.2,0.0,False,14.600000000000001,Caluroso,True,2015,8
2015-08-26,238.0,30.8,15.5,23.5,0.0,False,15.3,Caluroso,True,2015,8
2015-08-27,239.0,31.8,17.3,24.4,0.0,False,14.5,Caluroso,True,2015,8
2015-08-28,240.0,31.0,17.0,24.1,0.0,False,14.0,Caluroso,True,2015,8
2015-08-29,241.0,28.7,17.8,23.1,0.0,False,10.899999999999999,Templado,True,2015,8
2015-08-30,242.0,30.2,19.8,24.5,0.0,False,10.399999999999999,Caluroso,True,2015,8
2015-08-31,243.0,32.4,18.8,25.2,0.0,False,13.599999999999998,Caluroso,True,2015,8
2015-09-01,244.0,34.0,20.8,25.7,0.0,False,13.2,Caluroso,True,2015,9
2015-09-02,245.0,32.5,19.0,25.0,0.0,False,13.5,Caluroso,True,2015,9
2015-09-03,246.0,32.4,15.5,23.7,0.0,False,16.9,Caluroso,True,2015,9
2015-09-04,247.0,28.9,14.6,22.8,0.0,False,14.299999999999999,Templado,True,2015,9
2015-09-05,248.0,25.6,20.0,21.7,0.0,False,5.600000000000001,Templado,True,2015,9
2015-09-06,249.0,23.7,16.9,19.2,24.2,False,6.800000000000001,Templado,False,2015,9
2015-09-07,250.0,23.0,17.5,19.5,6.2,False,5.5,Templado,False,2015,9
2015-09-08,251.0,25.7,16.0,19.7,2.8,False,9.7,Templado,False,2015,9
2015-09-09,252.0,28.1,14.2,20.7,0.2,False,13.900000000000002,Templado,False,2015,9
2015-09-10,253.0,30.3,17.1,23.2,0.0,False,13.2,Caluroso,True,2015,9
2015-09-11,254.0,31.3,15.2,22.8,0.0,False,16.1,Caluroso,True,2015,9
2015-09-12,255.0,28.2,16.7,22.6,0.0,False,11.5,Templado,True,2015,9
2015-09-13,256.0,30.9,15.3,23.1,0.2,False,15.599999999999998,Caluroso,False,2015,9
2015-09-14,257.0,30.6,17.2,23.4,0.0,False,13.400000000000002,Caluroso,True,2015,9
2015-09-15,258.0,30.1,13.8,22.1,0.0,False,16.3,Caluroso,True,2015,9
2015-09-16,259.0,31.8,13.7,23.1,0.0,False,18.1,Caluroso,True,2015,9
2015-09-17,260.0,28.5,16.8,22.4,0.0,False,11.7,Templado,True,2015,9
2015-09-18,261.0,24.5,13.7,19.6,0.0,False,10.8,Templado,True,2015,9
2015-09-19,262.0,25.0,16.1,20.4,0.0,False,8.899999999999999,Templado,True,2015,9
2015-09-20,263.0,27.7,13.9,20.0,0.0,False,13.799999999999999,Templado,True,2015,9
2015-09-21,264.0,30.9,15.1,21.6,0.0,False,15.799999999999999,Caluroso,True,2015,9
2015-09-22,265.0,32.6,17.1,24.7,0.0,False,15.5,Caluroso,True,2015,9
2015-09-23,266.0,27.7,13.8,21.1,0.0,False,13.899999999999999,Templado,True,2015,9
2015-09-24,267.0,25.1,13.8,20.0,0.0,False,11.3,Templado,True,2015,9
2015-09-25,268.0,28.1,11.2,19.2,0.0,False,16.900000000000002,Templado,True,2015,9
2015-09-26,269.0,28.3,11.8,19.9,0.0,False,16.5,Templado,True,2015,9
2015-09-27,270.0,26.6,12.3,18.6,0.0,False,14.3,Templado,True,2015,9
2015-09-28,271.0,23.5,12.7,17.9,0.0,False,10.8,Templado,True,2015,9
2015-09-29,272.0,19.7,13.5,16.7,0.6,False,6.199999999999999,Frío,False,2015,9
2015-09-30,273.0,23.7,10.8,16.4,0.6,False,12.899999999999999,Templado,False,2015,9
2015-10-01,274.0,26.1,11.2,18.2,0.0,False,14.900000000000002,Templado,True,2015,10
2015-10-02,275.0,28.2,10.8,19.4,0.0,False,17.4,Templado,True,2015,10
2015-10-03,276.0,27.8,15.7,20.9,0.0,False,12.100000000000001,Templado,True,2015,10
2015-10-04,277.0,32.8,13.4,22.0,0.0,False,19.4,Caluroso,True,2015,10
2015-10-05,278.0,31.5,17.7,24.3,0.0,False,13.8,Caluroso,True,2015,10
2015-10-06,279.0,29.1,15.3,23.0,0.0,False,13.8,Templado,True,2015,10
2015-10-07,280.0,25.2,12.0,18.3,0.0,False,13.2,Templado,True,2015,10
2015-10-08,281.0,23.0,13.1,17.4,0.0,False,9.9,Templado,True,2015,10
2015-10-09,282.0,21.8,10.7,16.5,0.0,False,11.100000000000001,Templado,True,2015,10
2015-10-10,283.0,24.4,9.7,16.8,0.0,False,14.7,Templado,True,2015,10
2015-10-11,284.0,26.4,11.1,18.7,0.0,False,15.299999999999999,Templado,True,2015,10
2015-10-12,285.0,26.0,11.3,18.7,0.0,False,14.7,Templado,True,2015,10
2015-10-13,286.0,24.7,13.6,19.0,0.0,False,11.1,Templado,True,2015,10
2015-10-14,287.0,23.9,13.8,17.8,0.0,False,10.099999999999998,Templado,True,2015,10
2015-10-15,288.0,24.3,10.8,17.4,0.0,False,13.5,Templado,True,2015,10
2015-10-16,289.0,23.9,12.4,17.1,0.0,False,11.499999999999998,Templado,True,2015,10
2015-10-17,290.0,24.4,12.5,18.0,0.2,False,11.899999999999999,Templado,False,2015,10
2015-10-18,291.0,23.5,12.2,17.8,8.8,False,11.3,Templado,False,2015,10
2015-10-19,292.0,23.7,12.6,17.6,0.2,False,11.1,Templado,False,2015,10
2015-10-20,293.0,20.5,15.1,16.7,11.8,False,5.4,Templado,False,2015,10
2015-10-21,294.0,22.8,13.1,16.2,0.2,False,9.700000000000001,Templado,False,2015,10
2015-10-22,295.0,20.8,8.0,14.6,0.2,False,12.8,Templado,False,2015,10
2015-10-23,296.0,23.5,9.7,15.9,0.2,False,13.8,Templado,False,2015,10
2015-10-24,297.0,16.8,12.3,14.6,0.0,False,4.5,Frío,True,2015,10
2015-10-25,298.0,17.2,13.9,15.1,0.6,False,3.299999999999999,Frío,False,2015,10
2015-10-26,299.0,17.6,12.3,14.5,18.4,False,5.300000000000001,Frío,False,2015,10
2015-10-27,300.0,21.4,11.0,15.7,0.2,False,10.399999999999999,Templado,False,2015,10
2015-10-28,301.0,21.1,7.5,14.3,0.0,False,13.600000000000001,Templado,True,2015,10
2015-10-29,302.0,20.8,7.9,14.1,0.0,False,12.9,Templado,True,2015,10
2015-10-30,303.0,21.3,10.3,15.2,0.0,False,11.0,Templado,True,2015,10
2015-10-31,304.0,19.1,11.2,15.3,0.2,False,7.900000000000002,Frío,False,2015,10
2015-11-01,305.0,19.3,14.0,16.0,8.4,False,5.300000000000001,Frío,False,2015,11
2015-11-02,306.0,16.6,7.5,12.4,6.8,False,9.100000000000001,Frío,False,2015,11
2015-11-03,307.0,20.6,6.7,13.7,0.0,False,13.900000000000002,Templado,True,2015,11
2015-11-04,308.0,22.5,11.1,15.5,0.2,False,11.4,Templado,False,2015,11
2015-11-05,309.0,22.2,9.7,15.0,0.0,False,12.5,Templado,True,2015,11
2015-11-06,310.0,22.5,9.7,15.4,0.2,False,12.8,Templado,False,2015,11
2015-11-07,311.0,20.9,9.9,14.8,0.0,False,10.999999999999998,Templado,True,2015,11
2015-11-08,312.0,19.6,8.7,13.5,0.2,False,10.900000000000002,Frío,False,2015,11
2015-11-09,313.0,21.5,7.3,13.9,0.2,False,14.2,Templado,False,2015,11
2015-11-10,314.0,23.5,7.7,14.3,0.2,False,15.8,Templado,False,2015,11
2015-11-11,315.0,22.1,7.1,13.7,0.2,False,15.000000000000002,Templado,False,2015,11
2015-11-12,316.0,19.0,6.1,11.3,0.2,False,12.9,Frío,False,2015,11
2015-11-13,317.0,19.5,7.7,13.1,0.0,False,11.8,Frío,True,2015,11
2015-11-14,318.0,19.0,9.7,13.9,0.0,False,9.3,Frío,True,2015,11
2015-11-15,319.0,20.7,8.5,14.2,0.0,False,12.2,Templado,True,2015,11
2015-11-16,320.0,22.1,5.9,13.2,0.2,False,16.200000000000003,Templado,False,2015,11
2015-11-17,321.0,22.4,6.0,12.5,0.0,False,16.4,Templado,True,2015,11
2015-11-18,322.0,20.4,5.5,12.1,0.2,False,14.899999999999999,Templado,False,2015,11
2015-11-19,323.0,22.9,4.9,12.4,0.2,False,18.0,Templado,False,2015,11
2015-11-20,324.0,23.5,7.1,14.1,0.0,False,16.4,Templado,True,2015,11
2015-11-21,325.0,22.4,10.3,16.9,0.4,False,12.099999999999998,Templado,False,2015,11
2015-11-22,326.0,14.8,2.5,9.4,0.0,False,12.3,Frío,True,2015,11
2015-11-23,327.0,13.8,-0.6,6.5,1.0,False,14.4,Frío,False,2015,11
2015-11-24,328.0,14.4,-1.4,5.9,0.2,False,15.8,Frío,False,2015,11
2015-11-25,329.0,18.2,0.7,9.7,0.0,False,17.5,Frío,True,2015,11
2015-11-26,330.0,22.5,6.7,14.8,0.0,False,15.8,Templado,True,2015,11
2015-11-27,331.0,18.5,4.3,10.9,0.0,False,14.2,Frío,True,2015,11
2015-11-28,332.0,19.9,2.7,9.8,0.0,False,17.2,Frío,True,2015,11
2015-11-29,333.0,16.8,3.9,9.3,0.2,False,12.9,Frío,False,2015,11
2015-11-30,334.0,17.5,2.5,8.7,0.0,False,15.0,Frío,True,2015,11
2015-12-01,335.0,19.7,1.9,9.5,0.2,False,17.8,Frío,False,2015,12
2015-12-02,336.0,19.7,3.2,9.9,0.0,False,16.5,Frío,True,2015,12
2015-12-03,337.0,18.3,4.7,10.8,0.0,False,13.600000000000001,Frío,True,2015,12
2015-12-04,338.0,19.6,4.4,10.9,0.2,False,15.200000000000001,Frío,False,2015,12
2015-12-05,339.0,18.3,4.7,10.0,0.0,False,13.600000000000001,Frío,True,2015,12
2015-12-06,340.0,15.7,6.6,10.8,0.2,False,9.1,Frío,False,2015,12
2015-12-07,341.0,16.1,4.0,10.1,0.0,False,12.100000000000001,Frío,True,2015,12
2015-12-08,342.0,18.9,4.6,10.5,0.0,False,14.299999999999999,Frío,True,2015,12
2015-12-09,343.0,16.1,6.5,11.8,0.0,False,9.600000000000001,Frío,True,2015,12
2015-12-10,344.0,16.1,10.6,12.7,0.0,False,5.500000000000002,Frío,True,2015,12
2015-12-11,345.0,15.2,9.1,11.8,0.0,False,6.1,Frío,True,2015,12
2015-12-12,346.0,15.5,5.5,10.1,0.0,False,10.0,Frío,True,2015,12
2015-12-13,347.0,17.5,3.8,9.4,0.0,False,13.7,Frío,True,2015,12
2015-12-14,348.0,19.8,3.8,10.1,0.2,False,16.0,Frío,False,2015,12
2015-12-15,349.0,21.5,3.1,11.0,0.0,False,18.4,Templado,True,2015,12
2015-12-16,350.0,23.8,5.3,12.8,0.0,False,18.5,Templado,True,2015,12
2015-12-17,351.0,21.2,5.4,12.2,0.0,False,15.799999999999999,Templado,True,2015,12
2015-12-18,352.0,22.9,5.7,12.3,0.0,False,17.2,Templado,True,2015,12
2015-12-19,353.0,22.4,4.7,11.7,0.0,False,17.7,Templado,True,2015,12
2015-12-20,354.0,20.8,3.5,10.9,0.0,False,17.3,Templado,True,2015,12
2015-12-21,355.0,17.3,3.0,9.4,0.0,False,14.3,Frío,True,2015,12
2015-12-22,356.0,16.1,5.7,10.3,0.0,False,10.400000000000002,Frío,True,2015,12
2015-12-23,357.0,16.2,6.1,9.7,0.2,False,10.1,Frío,False,2015,12
2015-12-24,358.0,16.7,3.2,8.9,0.2,False,13.5,Frío,False,2015,12
2015-12-25,359.0,16.2,2.2,8.8,0.0,False,14.0,Frío,True,2015,12
2015-12-26,360.0,15.8,4.3,9.4,0.2,False,11.5,Frío,False,2015,12
2015-12-27,361.0,15.3,3.2,9.5,0.2,False,12.100000000000001,Frío,False,2015,12
2015-12-28,362.0,17.7,4.6,10.4,0.0,False,13.1,Frío,True,2015,12
2015-12-29,364.0,18.7,3.4,9.7,0.0,False,15.299999999999999,Frío,True,2015,12
2015-12-29,363.0,18.7,3.6,10.1,0.0,False,15.1,Frío,True,2015,12
2015-12-30,365.0,20.0,3.0,10.4,0.2,False,17.0,Frío,False,2015,12
2015-12-31,,,,,,False,,,False,2015,12
2016-01-01,1.0,18.2,4.1,10.9,0.0,False,14.1,Frío,True,2016,1
2016-01-02,2.0,20.9,5.8,13.2,0.2,False,15.099999999999998,Templado,False,2016,1
2016-01-03,3.0,19.5,7.3,14.0,0.0,False,12.2,Frío,True,2016,1
2016-01-04,4.0,22.8,13.9,18.1,0.0,False,8.9,Templado,True,2016,1
2016-01-05,5.0,17.2,6.2,12.7,0.4,False,11.0,Frío,False,2016,1
2016-01-06,6.0,14.3,6.0,10.2,0.0,False,8.3,Frío,True,2016,1
2016-01-07,7.0,22.9,7.1,14.9,0.0,False,15.799999999999999,Templado,True,2016,1
2016-01-08,8.0,21.2,4.5,13.7,0.0,False,16.7,Templado,True,2016,1
2016-01-09,9.0,20.6,8.2,15.8,0.0,False,12.400000000000002,Templado,True,2016,1
2016-01-10,10.0,19.2,1.8,11.9,0.0,False,17.4,Frío,True,2016,1
2016-01-11,11.0,20.2,12.1,15.5,0.0,False,8.1,Templado,True,2016,1
2016-01-12,12.0,17.3,4.2,10.4,0.0,False,13.100000000000001,Frío,True,2016,1
2016-01-13,13.0,15.8,1.0,7.5,0.0,False,14.8,Frío,True,2016,1
2016-01-14,14.0,15.4,0.1,8.0,0.0,False,15.3,Frío,True,2016,1
2016-01-15,15.0,15.0,1.7,10.1,0.8,False,13.3,Frío,False,2016,1
2016-01-16,16.0,14.4,-2.1,5.4,0.0,False,16.5,Frío,True,2016,1
2016-01-17,17.0,12.0,-3.7,3.9,0.0,False,15.7,Frío,True,2016,1
2016-01-18,18.0,19.6,1.7,10.1,0.0,False,17.900000000000002,Frío,True,2016,1
2016-01-19,19.0,15.2,3.0,9.1,0.0,False,12.2,Frío,True,2016,1
2016-01-20,20.0,16.1,1.8,9.1,0.2,False,14.3,Frío,False,2016,1
2016-01-21,21.0,15.6,1.5,8.4,0.0,False,14.1,Frío,True,2016,1
2016-01-22,22.0,18.8,3.3,9.8,0.2,False,15.5,Frío,False,2016,1
2016-01-23,23.0,18.1,5.7,11.1,0.0,False,12.400000000000002,Frío,True,2016,1
2016-01-24,24.0,18.2,5.4,10.7,0.0,False,12.799999999999999,Frío,True,2016,1
2016-01-25,25.0,18.0,3.2,10.0,0.2,False,14.8,Frío,False,2016,1
2016-01-26,26.0,14.1,4.4,9.6,0.0,False,9.7,Frío,True,2016,1
2016-01-27,27.0,15.7,2.2,8.3,0.2,False,13.5,Frío,False,2016,1
2016-01-28,28.0,16.7,1.2,8.6,0.0,False,15.5,Frío,True,2016,1
2016-01-29,29.0,12.6,6.4,10.1,0.0,False,6.199999999999999,Frío,True,2016,1
2016-01-30,30.0,17.0,4.3,10.6,1.2,False,12.7,Frío,False,2016,1
2016-01-31,31.0,21.2,0.7,10.4,0.0,False,20.5,Templado,True,2016,1
2016-02-01,32.0,21.5,4.4,12.1,0.0,False,17.1,Templado,True,2016,2
2016-02-02,33.0,20.8,3.2,10.9,0.0,False,17.6,Templado,True,2016,2
2016-02-03,34.0,18.5,4.7,10.7,0.0,False,13.8,Frío,True,2016,2
2016-02-04,35.0,14.2,6.7,9.7,0.2,False,7.499999999999999,Frío,False,2016,2
2016-02-05,36.0,14.4,5.3,9.1,0.0,False,9.100000000000001,Frío,True,2016,2
2016-02-06,37.0,18.7,4.3,10.7,0.0,False,14.399999999999999,Frío,True,2016,2
2016-02-07,38.0,17.6,9.3,13.4,0.0,False,8.3,Frío,True,2016,2
2016-02-08,39.0,20.0,4.8,11.4,0.0,False,15.2,Frío,True,2016,2
2016-02-09,40.0,22.6,1.6,12.7,0.0,False,21.0,Templado,True,2016,2
2016-02-10,41.0,22.9,14.7,17.9,0.0,False,8.2,Templado,True,2016,2
2016-02-11,42.0,22.2,15.5,18.3,0.0,False,6.699999999999999,Templado,True,2016,2
2016-02-12,43.0,22.5,14.0,18.3,0.0,False,8.5,Templado,True,2016,2
2016-02-13,44.0,24.2,16.6,19.2,0.0,False,7.599999999999998,Templado,True,2016,2
2016-02-14,45.0,16.9,6.1,12.5,0.6,False,10.799999999999999,Frío,False,2016,2
2016-02-15,46.0,11.9,5.7,8.7,0.0,False,6.2,Frío,True,2016,2
2016-02-16,47.0,12.4,-2.2,5.6,0.0,False,14.600000000000001,Frío,True,2016,2
2016-02-17,48.0,13.2,-2.6,6.0,0.0,False,15.799999999999999,Frío,True,2016,2
2016-02-18,49.0,13.9,2.2,8.0,0.0,False,11.7,Frío,True,2016,2
2016-02-19,50.0,10.1,7.5,9.0,0.2,False,2.5999999999999996,Frío,False,2016,2
2016-02-20,51.0,11.4,8.6,9.7,0.0,False,2.8000000000000007,Frío,True,2016,2
2016-02-21,52.0,15.6,8.7,11.1,0.0,False,6.9,Frío,True,2016,2
2016-02-22,53.0,21.2,4.9,12.7,0.0,False,16.299999999999997,Templado,True,2016,2
2016-02-23,54.0,20.6,4.6,13.5,0.0,False,16.0,Templado,True,2016,2
2016-02-24,55.0,20.4,2.6,11.9,0.0,False,17.799999999999997,Templado,True,2016,2
2016-02-25,56.0,18.3,4.7,12.6,0.0,False,13.600000000000001,Frío,True,2016,2
2016-02-26,57.0,15.1,0.6,9.3,1.4,False,14.5,Frío,False,2016,2
2016-02-27,58.0,11.3,1.2,7.0,0.0,False,10.100000000000001,Frío,True,2016,2
2016-02-28,59.0,13.6,1.2,8.4,0.0,False,12.4,Frío,True,2016,2
2016-02-29,60.0,14.3,4.0,9.8,0.0,False,10.3,Frío,True,2016,2
2016-03-01,61.0,20.5,0.0,9.9,0.0,False,20.5,Templado,True,2016,3
2016-03-02,62.0,23.5,2.9,13.6,0.0,False,20.6,Templado,True,2016,3
2016-03-03,63.0,20.9,2.9,12.5,0.0,False,18.0,Templado,True,2016,3
2016-03-04,64.0,20.3,2.0,12.6,0.0,False,18.3,Templado,True,2016,3
2016-03-05,65.0,17.3,7.1,12.5,0.0,False,10.200000000000001,Frío,True,2016,3
2016-03-06,66.0,15.5,2.8,9.1,0.0,False,12.7,Frío,True,2016,3
2016-03-07,67.0,13.3,1.6,8.0,0.0,False,11.700000000000001,Frío,True,2016,3
2016-03-08,68.0,14.1,1.8,8.8,0.0,False,12.299999999999999,Frío,True,2016,3
2016-03-09,69.0,16.7,-0.6,9.6,0.0,False,17.3,Frío,True,2016,3
2016-03-10,70.0,13.8,4.5,10.4,0.0,False,9.3,Frío,True,2016,3
2016-03-11,71.0,15.7,-0.4,7.8,0.0,False,16.099999999999998,Frío,True,2016,3
2016-03-12,72.0,16.9,-0.8,8.1,0.0,False,17.7,Frío,True,2016,3
2016-03-13,73.0,17.1,-0.7,8.6,0.0,False,17.8,Frío,True,2016,3
2016-03-14,74.0,17.8,0.8,8.9,0.0,False,17.0,Frío,True,2016,3
2016-03-15,75.0,18.5,2.2,10.4,0.0,False,16.3,Frío,True,2016,3
2016-03-16,76.0,18.6,4.9,11.9,0.8,False,13.700000000000001,Frío,False,2016,3
2016-03-17,77.0,18.6,2.5,10.5,0.0,False,16.1,Frío,True,2016,3
2016-03-18,78.0,16.7,8.9,11.9,0.0,False,7.799999999999999,Frío,True,2016,3
2016-03-19,79.0,17.5,7.3,12.6,0.0,False,10.2,Frío,True,2016,3
2016-03-20,80.0,18.5,4.9,11.3,0.0,False,13.6,Frío,True,2016,3
2016-03-21,81.0,13.5,4.9,9.3,1.0,False,8.6,Frío,False,2016,3
2016-03-22,82.0,14.6,5.9,9.3,3.2,False,8.7,Frío,False,2016,3
2016-03-23,83.0,17.8,3.6,10.8,0.2,False,14.200000000000001,Frío,False,2016,3
2016-03-24,84.0,19.0,2.8,11.0,0.0,False,16.2,Frío,True,2016,3
2016-03-25,85.0,25.5,3.4,14.6,0.0,False,22.1,Templado,True,2016,3
2016-03-26,86.0,24.7,6.7,16.5,0.0,False,18.0,Templado,True,2016,3
2016-03-27,87.0,22.7,9.0,16.2,0.0,False,13.7,Templado,True,2016,3
2016-03-28,88.0,23.1,5.3,14.6,0.0,False,17.8,Templado,True,2016,3
2016-03-29,89.0,24.2,5.3,14.9,0.0,False,18.9,Templado,True,2016,3
2016-03-30,90.0,26.7,5.7,16.4,0.0,False,21.0,Templado,True,2016,3
2016-03-31,91.0,22.5,6.9,14.5,0.0,False,15.6,Templado,True,2016,3
2016-04-01,92.0,17.5,5.6,12.2,0.0,False,11.9,Frío,True,2016,4
2016-04-02,93.0,18.3,3.1,11.5,0.0,False,15.200000000000001,Frío,True,2016,4
2016-04-03,94.0,20.8,5.5,12.8,0.0,False,15.3,Templado,True,2016,4
2016-04-04,95.0,19.1,8.8,13.4,2.2,False,10.3,Frío,False,2016,4
2016-04-05,96.0,15.1,8.5,12.6,0.0,False,6.6,Frío,True,2016,4
2016-04-06,97.0,18.7,10.3,14.3,0.0,False,8.399999999999999,Frío,True,2016,4
2016-04-07,98.0,21.4,7.4,14.2,0.0,False,13.999999999999998,Templado,True,2016,4
2016-04-08,99.0,18.7,5.3,12.3,0.0,False,13.399999999999999,Frío,True,2016,4
2016-04-09,100.0,20.3,1.0,11.6,0.0,False,19.3,Templado,True,2016,4
2016-04-10,101.0,22.4,3.9,14.6,0.0,False,18.5,Templado,True,2016,4
2016-04-11,102.0,21.0,7.6,15.4,0.0,False,13.4,Templado,True,2016,4
2016-04-12,103.0,21.3,6.7,15.3,0.0,False,14.600000000000001,Templado,True,2016,4
2016-04-13,104.0,22.7,8.7,15.5,0.0,False,14.0,Templado,True,2016,4
2016-04-14,105.0,24.1,6.5,15.9,0.0,False,17.6,Templado,True,2016,4
2016-04-15,106.0,25.6,6.4,17.7,0.0,False,19.200000000000003,Templado,True,2016,4
2016-04-16,107.0,26.0,7.1,18.4,0.0,False,18.9,Templado,True,2016,4
2016-04-17,108.0,24.1,13.8,18.6,0.0,False,10.3,Templado,True,2016,4
2016-04-18,109.0,21.4,12.6,16.6,0.0,False,8.799999999999999,Templado,True,2016,4
2016-04-19,110.0,20.5,13.4,15.7,0.0,False,7.1,Templado,True,2016,4
2016-04-20,111.0,17.9,9.2,13.7,1.4,False,8.7,Frío,False,2016,4
2016-04-21,112.0,21.6,5.1,14.4,0.0,False,16.5,Templado,True,2016,4
2016-04-22,113.0,21.9,9.5,15.8,0.0,False,12.399999999999999,Templado,True,2016,4
2016-04-23,114.0,24.6,7.8,16.8,0.0,False,16.8,Templado,True,2016,4
2016-04-24,115.0,23.4,10.2,16.6,0.0,False,13.2,Templado,True,2016,4
2016-04-25,116.0,20.5,8.9,14.9,0.0,False,11.6,Templado,True,2016,4
2016-04-26,117.0,25.0,7.3,16.0,0.0,False,17.7,Templado,True,2016,4
2016-04-27,118.0,26.5,8.7,17.7,0.0,False,17.8,Templado,True,2016,4
2016-04-28,119.0,22.1,13.0,16.4,0.0,False,9.100000000000001,Templado,True,2016,4
2016-04-29,120.0,19.6,12.6,14.6,0.0,False,7.000000000000002,Frío,True,2016,4
2016-04-30,121.0,22.9,11.8,15.8,0.2,False,11.099999999999998,Templado,False,2016,4
2016-05-01,122.0,19.8,11.4,14.9,0.0,False,8.4,Frío,True,2016,5
2016-05-02,123.0,20.2,6.9,13.8,0.0,False,13.299999999999999,Templado,True,2016,5
2016-05-03,124.0,23.7,5.5,15.6,0.0,False,18.2,Templado,True,2016,5
2016-05-04,125.0,23.0,8.5,16.4,0.0,False,14.5,Templado,True,2016,5
2016-05-05,126.0,21.1,11.0,15.9,0.0,False,10.100000000000001,Templado,True,2016,5
2016-05-06,127.0,21.0,7.7,14.4,0.0,False,13.3,Templado,True,2016,5
2016-05-07,128.0,22.5,8.0,16.4,0.0,False,14.5,Templado,True,2016,5
2016-05-08,129.0,20.0,12.6,15.6,0.6,False,7.4,Frío,False,2016,5
2016-05-09,130.0,18.9,10.9,14.3,9.6,False,7.999999999999998,Frío,False,2016,5
2016-05-10,131.0,19.6,10.6,15.2,1.0,False,9.000000000000002,Frío,False,2016,5
2016-05-11,132.0,21.0,7.7,14.9,0.0,False,13.3,Templado,True,2016,5
2016-05-12,133.0,20.7,6.5,14.2,2.0,False,14.2,Templado,False,2016,5
2016-05-13,134.0,21.7,10.8,16.0,0.0,False,10.899999999999999,Templado,True,2016,5
2016-05-14,135.0,24.0,7.9,17.1,0.0,False,16.1,Templado,True,2016,5
2016-05-15,136.0,23.4,9.1,17.2,0.0,False,14.299999999999999,Templado,True,2016,5
2016-05-16,137.0,25.6,10.8,18.4,0.0,False,14.8,Templado,True,2016,5
2016-05-17,138.0,25.0,10.3,17.9,0.0,False,14.7,Templado,True,2016,5
2016-05-18,139.0,25.8,13.8,19.2,0.0,False,12.0,Templado,True,2016,5
2016-05-19,140.0,29.1,11.2,21.4,0.0,False,17.900000000000002,Templado,True,2016,5
2016-05-20,141.0,25.2,14.0,19.3,0.0,False,11.2,Templado,True,2016,5
2016-05-21,142.0,26.2,11.7,19.0,0.0,False,14.5,Templado,True,2016,5
2016-05-22,143.0,32.1,9.9,22.3,0.0,False,22.200000000000003,Caluroso,True,2016,5
2016-05-23,144.0,23.6,14.2,18.7,0.0,False,9.400000000000002,Templado,True,2016,5
2016-05-24,145.0,31.7,11.2,19.9,0.0,False,20.5,Caluroso,True,2016,5
2016-05-25,146.0,32.6,13.9,22.0,0.0,False,18.700000000000003,Caluroso,True,2016,5
2016-05-26,147.0,27.7,13.9,20.1,0.0,False,13.799999999999999,Templado,True,2016,5
2016-05-27,148.0,31.2,12.9,23.4,0.0,False,18.299999999999997,Caluroso,True,2016,5
2016-05-28,149.0,29.6,16.0,23.0,0.0,False,13.600000000000001,Templado,True,2016,5
2016-05-29,150.0,26.2,15.0,20.3,0.0,False,11.2,Templado,True,2016,5
2016-05-30,151.0,25.4,12.3,19.3,0.0,False,13.099999999999998,Templado,True,2016,5
2016-05-31,152.0,26.0,12.8,19.8,0.0,False,13.2,Templado,True,2016,5
2016-06-01,153.0,29.2,11.4,20.7,0.0,False,17.799999999999997,Templado,True,2016,6
2016-06-02,154.0,29.1,11.6,20.8,0.0,False,17.5,Templado,True,2016,6
2016-06-03,155.0,29.6,12.6,21.8,0.0,False,17.0,Templado,True,2016,6
2016-06-04,156.0,28.7,15.7,22.3,0.0,False,13.0,Templado,True,2016,6
2016-06-05,157.0,28.5,13.8,21.7,0.0,False,14.7,Templado,True,2016,6
2016-06-06,158.0,29.7,13.2,22.5,0.0,False,16.5,Templado,True,2016,6
2016-06-07,159.0,29.7,15.0,22.7,0.0,False,14.7,Templado,True,2016,6
2016-06-08,160.0,32.9,15.8,24.7,0.0,False,17.099999999999998,Caluroso,True,2016,6
2016-06-09,161.0,37.8,15.9,27.3,0.0,True,21.9,Caluroso,True,2016,6
2016-06-10,162.0,34.7,17.1,26.4,0.0,False,17.6,Caluroso,True,2016,6
2016-06-11,163.0,29.3,18.3,23.5,0.0,False,11.0,Templado,True,2016,6
2016-06-12,164.0,31.4,15.2,23.9,0.0,False,16.2,Caluroso,True,2016,6
2016-06-13,165.0,36.6,17.3,29.2,0.0,True,19.3,Caluroso,True,2016,6
2016-06-14,166.0,34.0,20.6,28.6,0.0,False,13.399999999999999,Caluroso,True,2016,6
2016-06-15,167.0,32.8,20.0,26.2,0.0,False,12.799999999999997,Caluroso,True,2016,6
2016-06-16,168.0,26.4,14.9,20.8,0.0,False,11.499999999999998,Templado,True,2016,6
2016-06-17,169.0,25.8,11.6,19.4,0.0,False,14.200000000000001,Templado,True,2016,6
2016-06-18,170.0,28.7,11.6,20.6,0.0,False,17.1,Templado,True,2016,6
2016-06-19,171.0,26.9,14.4,20.4,0.0,False,12.499999999999998,Templado,True,2016,6
2016-06-20,172.0,26.7,12.6,19.9,0.0,False,14.1,Templado,True,2016,6
2016-06-21,173.0,26.8,13.8,20.2,0.0,False,13.0,Templado,True,2016,6
2016-06-22,174.0,28.7,12.8,21.4,0.0,False,15.899999999999999,Templado,True,2016,6
2016-06-23,175.0,30.4,14.0,22.9,0.0,False,16.4,Caluroso,True,2016,6
2016-06-24,176.0,35.1,14.8,25.0,0.0,True,20.3,Caluroso,True,2016,6
2016-06-25,177.0,35.3,15.6,25.0,0.0,True,19.699999999999996,Caluroso,True,2016,6
2016-06-26,178.0,27.9,17.7,22.3,0.0,False,10.2,Templado,True,2016,6
2016-06-27,179.0,27.9,17.1,22.4,0.0,False,10.799999999999997,Templado,True,2016,6
2016-06-28,180.0,30.7,17.9,23.3,0.2,False,12.8,Caluroso,False,2016,6
2016-06-29,181.0,31.9,15.6,24.5,0.0,False,16.299999999999997,Caluroso,True,2016,6
2016-06-30,182.0,33.0,17.9,25.8,0.0,False,15.100000000000001,Caluroso,True,2016,6
2016-07-01,183.0,34.9,17.9,26.3,0.0,False,17.0,Caluroso,True,2016,7
2016-07-02,184.0,32.9,17.7,26.3,0.0,False,15.2,Caluroso,True,2016,7
2016-07-03,185.0,32.4,20.7,26.4,0.0,False,11.7,Caluroso,True,2016,7
2016-07-04,186.0,29.7,18.8,24.8,0.0,False,10.899999999999999,Templado,True,2016,7
2016-07-05,187.0,32.0,16.6,24.8,0.0,False,15.399999999999999,Caluroso,True,2016,7
2016-07-06,188.0,31.4,18.4,24.9,0.0,False,13.0,Caluroso,True,2016,7
2016-07-07,189.0,27.7,20.3,25.0,0.0,False,7.399999999999999,Templado,True,2016,7
2016-07-08,190.0,33.7,18.6,26.6,0.0,False,15.100000000000001,Caluroso,True,2016,7
2016-07-09,191.0,32.2,19.4,26.6,0.0,False,12.800000000000004,Caluroso,True,2016,7
2016-07-10,192.0,33.3,18.8,26.6,0.0,False,14.499999999999996,Caluroso,True,2016,7
2016-07-11,193.0,35.8,18.8,27.7,0.0,True,16.999999999999996,Caluroso,True,2016,7
2016-07-12,194.0,37.4,19.5,28.1,0.0,True,17.9,Caluroso,True,2016,7
2016-07-13,195.0,28.8,19.6,23.9,0.0,False,9.2,Templado,True,2016,7
2016-07-14,196.0,28.3,18.5,22.7,0.0,False,9.8,Templado,True,2016,7
2016-07-15,197.0,26.4,17.3,21.3,0.0,False,9.099999999999998,Templado,True,2016,7
2016-07-16,198.0,26.1,16.5,21.2,0.0,False,9.600000000000001,Templado,True,2016,7
2016-07-17,199.0,28.2,14.0,21.3,0.0,False,14.2,Templado,True,2016,7
2016-07-18,200.0,29.2,15.1,22.3,0.0,False,14.1,Templado,True,2016,7
2016-07-19,201.0,32.0,17.3,24.5,0.0,False,14.7,Caluroso,True,2016,7
2016-07-20,202.0,35.4,18.5,26.1,0.0,True,16.9,Caluroso,True,2016,7
2016-07-21,203.0,36.3,19.1,26.8,0.0,True,17.199999999999996,Caluroso,True,2016,7
2016-07-22,204.0,35.0,16.3,25.7,0.0,False,18.7,Caluroso,True,2016,7
2016-07-23,205.0,28.1,18.2,22.8,0.0,False,9.900000000000002,Templado,True,2016,7
2016-07-24,206.0,28.8,15.4,22.6,0.0,False,13.4,Templado,True,2016,7
2016-07-25,207.0,31.7,17.1,24.1,0.0,False,14.599999999999998,Caluroso,True,2016,7
2016-07-26,208.0,33.9,17.7,25.5,0.0,False,16.2,Caluroso,True,2016,7
2016-07-27,209.0,33.9,18.7,25.9,0.0,False,15.2,Caluroso,True,2016,7
2016-07-28,210.0,32.3,19.0,25.4,0.0,False,13.299999999999997,Caluroso,True,2016,7
2016-07-29,211.0,33.3,17.4,25.9,0.0,False,15.899999999999999,Caluroso,True,2016,7
2016-07-30,212.0,37.7,19.1,27.7,0.0,True,18.6,Caluroso,True,2016,7
2016-07-31,213.0,38.8,21.5,30.4,0.0,True,17.299999999999997,Caluroso,True,2016,7
2016-08-01,214.0,31.2,20.2,25.6,0.0,False,11.0,Caluroso,True,2016,8
2016-08-02,215.0,32.1,19.4,25.0,0.0,False,12.700000000000003,Caluroso,True,2016,8
2016-08-03,216.0,34.0,18.6,26.2,0.0,False,15.399999999999999,Caluroso,True,2016,8
2016-08-04,217.0,37.2,16.6,26.9,0.0,True,20.6,Caluroso,True,2016,8
2016-08-05,218.0,30.3,20.0,24.5,0.0,False,10.3,Caluroso,True,2016,8
2016-08-06,219.0,29.1,18.8,23.3,0.0,False,10.3,Templado,True,2016,8
2016-08-07,220.0,28.7,17.1,22.3,0.0,False,11.599999999999998,Templado,True,2016,8
2016-08-08,221.0,29.1,15.5,23.0,0.0,False,13.600000000000001,Templado,True,2016,8
2016-08-09,222.0,30.4,16.8,23.4,0.0,False,13.599999999999998,Caluroso,True,2016,8
2016-08-10,223.0,27.1,15.8,21.1,0.0,False,11.3,Templado,True,2016,8
2016-08-11,224.0,26.6,18.6,21.7,0.0,False,8.0,Templado,True,2016,8
2016-08-12,225.0,26.8,16.1,21.0,0.0,False,10.7,Templado,True,2016,8
2016-08-13,226.0,27.6,14.5,21.4,0.0,False,13.100000000000001,Templado,True,2016,8
2016-08-14,227.0,27.8,16.4,21.9,0.0,False,11.400000000000002,Templado,True,2016,8
2016-08-15,228.0,30.1,15.9,22.8,0.0,False,14.200000000000001,Caluroso,True,2016,8
2016-08-16,229.0,29.9,19.2,23.8,1.0,False,10.7,Templado,False,2016,8
2016-08-17,230.0,34.9,16.5,25.3,0.0,False,18.4,Caluroso,True,2016,8
2016-08-18,231.0,36.9,18.7,27.5,0.0,True,18.2,Caluroso,True,2016,8
2016-08-19,232.0,37.0,19.8,27.5,0.0,True,17.2,Caluroso,True,2016,8
2016-08-20,233.0,36.6,19.2,28.1,0.0,True,17.400000000000002,Caluroso,True,2016,8
2016-08-21,234.0,28.6,21.6,24.2,0.0,False,7.0,Templado,True,2016,8
2016-08-22,235.0,29.1,18.1,23.1,0.0,False,11.0,Templado,True,2016,8
2016-08-23,236.0,29.3,15.7,22.3,0.0,False,13.600000000000001,Templado,True,2016,8
2016-08-24,237.0,29.5,16.0,22.3,0.0,False,13.5,Templado,True,2016,8
2016-08-25,238.0,29.1,13.6,21.7,0.0,False,15.500000000000002,Templado,True,2016,8
2016-08-26,239.0,28.9,15.5,22.0,0.0,False,13.399999999999999,Templado,True,2016,8
2016-08-27,240.0,32.5,17.4,24.1,0.0,False,15.100000000000001,Caluroso,True,2016,8
2016-08-28,241.0,35.7,17.7,25.6,0.0,True,18.000000000000004,Caluroso,True,2016,8
2016-08-29,242.0,34.0,18.1,25.6,0.0,False,15.899999999999999,Caluroso,True,2016,8
2016-08-30,243.0,29.7,18.8,23.5,0.0,False,10.899999999999999,Templado,True,2016,8
2016-08-31,244.0,29.0,19.5,23.3,0.0,False,9.5,Templado,True,2016,8
2016-09-01,245.0,29.3,16.8,22.7,0.0,False,12.5,Templado,True,2016,9
2016-09-02,246.0,31.8,16.3,23.2,0.0,False,15.5,Caluroso,True,2016,9
2016-09-03,247.0,33.0,17.5,25.2,0.0,False,15.5,Caluroso,True,2016,9
2016-09-04,248.0,37.3,16.3,26.9,0.0,True,20.999999999999996,Caluroso,True,2016,9
2016-09-05,249.0,39.9,19.4,29.7,0.0,True,20.5,Caluroso,True,2016,9
2016-09-06,250.0,35.7,21.3,27.8,0.0,True,14.400000000000002,Caluroso,True,2016,9
2016-09-07,251.0,34.0,17.4,25.2,0.0,False,16.6,Caluroso,True,2016,9
2016-09-08,252.0,32.9,17.3,24.4,0.0,False,15.599999999999998,Caluroso,True,2016,9
2016-09-09,253.0,30.6,17.4,23.4,0.0,False,13.200000000000003,Caluroso,True,2016,9
2016-09-10,254.0,30.4,17.7,23.7,0.0,False,12.7,Caluroso,True,2016,9
2016-09-11,255.0,29.0,16.4,22.0,0.0,False,12.600000000000001,Templado,True,2016,9
2016-09-12,256.0,29.1,15.5,22.0,0.0,False,13.600000000000001,Templado,True,2016,9
2016-09-13,257.0,29.0,15.6,22.5,0.2,False,13.4,Templado,False,2016,9
2016-09-14,258.0,24.5,11.5,18.5,0.0,False,13.0,Templado,True,2016,9
2016-09-15,259.0,25.2,9.9,17.7,0.0,False,15.299999999999999,Templado,True,2016,9
2016-09-16,260.0,25.8,10.3,18.4,0.0,False,15.5,Templado,True,2016,9
2016-09-17,261.0,27.9,11.2,19.8,0.0,False,16.7,Templado,True,2016,9
2016-09-18,262.0,28.1,13.3,19.6,0.0,False,14.8,Templado,True,2016,9
2016-09-19,263.0,27.4,12.5,19.4,0.0,False,14.899999999999999,Templado,True,2016,9
2016-09-20,264.0,27.0,14.0,20.1,0.6,False,13.0,Templado,False,2016,9
2016-09-21,265.0,30.2,12.5,21.1,0.0,False,17.7,Caluroso,True,2016,9
2016-09-22,266.0,29.7,14.0,21.2,0.0,False,15.7,Templado,True,2016,9
2016-09-23,267.0,29.4,13.2,20.6,0.0,False,16.2,Templado,True,2016,9
2016-09-24,268.0,26.2,14.0,19.7,0.0,False,12.2,Templado,True,2016,9
2016-09-25,269.0,27.7,12.6,20.3,0.0,False,15.1,Templado,True,2016,9
2016-09-26,270.0,26.0,16.6,20.1,0.0,False,9.399999999999999,Templado,True,2016,9
2016-09-27,271.0,25.8,16.3,20.3,0.0,False,9.5,Templado,True,2016,9
2016-09-28,272.0,22.5,14.8,17.9,3.2,False,7.699999999999999,Templado,False,2016,9
2016-09-29,273.0,21.9,16.4,18.2,5.4,False,5.5,Templado,False,2016,9
2016-09-30,274.0,23.2,12.5,18.1,0.0,False,10.7,Templado,True,2016,9
2016-10-01,275.0,27.9,11.2,19.3,0.2,False,16.7,Templado,False,2016,10
2016-10-02,276.0,28.5,12.6,19.9,0.0,False,15.9,Templado,True,2016,10
2016-10-03,277.0,25.7,11.7,19.0,0.2,False,14.0,Templado,False,2016,10
2016-10-04,278.0,26.8,13.6,19.5,0.0,False,13.200000000000001,Templado,True,2016,10
2016-10-05,279.0,26.0,14.7,19.4,0.0,False,11.3,Templado,True,2016,10
2016-10-06,280.0,28.7,11.4,19.3,0.2,False,17.299999999999997,Templado,False,2016,10
2016-10-07,281.0,27.6,13.6,19.9,0.0,False,14.000000000000002,Templado,True,2016,10
2016-10-08,282.0,29.9,12.0,20.8,0.2,False,17.9,Templado,False,2016,10
2016-10-09,283.0,25.5,15.3,18.7,2.4,False,10.2,Templado,False,2016,10
2016-10-10,284.0,26.0,12.6,18.3,0.2,False,13.4,Templado,False,2016,10
2016-10-11,285.0,27.7,11.4,18.9,0.2,False,16.299999999999997,Templado,False,2016,10
2016-10-12,286.0,23.5,8.9,15.7,3.2,False,14.6,Templado,False,2016,10
2016-10-13,287.0,19.4,12.0,15.0,9.6,False,7.399999999999999,Frío,False,2016,10
2016-10-14,288.0,21.5,10.3,15.8,0.0,False,11.2,Templado,True,2016,10
2016-10-15,289.0,22.1,7.7,15.0,0.2,False,14.400000000000002,Templado,False,2016,10
2016-10-16,290.0,23.4,10.7,16.7,0.0,False,12.7,Templado,True,2016,10
2016-10-17,291.0,26.6,11.4,18.3,0.0,False,15.200000000000001,Templado,True,2016,10
2016-10-18,292.0,22.3,15.7,18.1,0.0,False,6.600000000000001,Templado,True,2016,10
2016-10-19,293.0,23.9,16.7,19.0,0.0,False,7.199999999999999,Templado,True,2016,10
2016-10-20,294.0,22.7,15.9,18.6,0.0,False,6.799999999999999,Templado,True,2016,10
2016-10-21,295.0,22.8,14.6,18.2,0.0,False,8.200000000000001,Templado,True,2016,10
2016-10-22,296.0,24.6,13.6,19.1,0.2,False,11.000000000000002,Templado,False,2016,10
2016-10-23,297.0,24.2,13.5,19.5,0.0,False,10.7,Templado,True,2016,10
2016-10-24,298.0,25.6,13.2,18.5,0.2,False,12.400000000000002,Templado,False,2016,10
2016-10-25,299.0,23.0,16.5,19.2,0.4,False,6.5,Templado,False,2016,10
2016-10-26,300.0,26.3,15.5,20.1,0.0,False,10.8,Templado,True,2016,10
2016-10-27,301.0,23.6,14.6,18.6,0.0,False,9.000000000000002,Templado,True,2016,10
2016-10-28,302.0,20.6,13.8,17.0,0.0,False,6.800000000000001,Templado,True,2016,10
2016-10-29,303.0,21.9,8.1,14.8,0.2,False,13.799999999999999,Templado,False,2016,10
2016-10-30,304.0,23.1,5.2,14.2,0.0,False,17.900000000000002,Templado,True,2016,10
2016-10-31,305.0,20.2,8.3,14.4,0.0,False,11.899999999999999,Templado,True,2016,10
2016-11-01,306.0,22.0,7.5,14.3,0.2,False,14.5,Templado,False,2016,11
2016-11-02,307.0,25.0,9.8,15.6,0.0,False,15.2,Templado,True,2016,11
2016-11-03,308.0,27.0,9.3,17.9,0.0,False,17.7,Templado,True,2016,11
2016-11-04,309.0,22.5,12.8,17.6,0.0,False,9.7,Templado,True,2016,11
2016-11-05,310.0,23.1,12.5,18.3,0.0,False,10.600000000000001,Templado,True,2016,11
2016-11-06,311.0,20.8,6.6,14.8,0.0,False,14.200000000000001,Templado,True,2016,11
2016-11-07,312.0,16.9,3.6,9.8,0.0,False,13.299999999999999,Frío,True,2016,11
2016-11-08,313.0,15.9,4.2,9.9,0.0,False,11.7,Frío,True,2016,11
2016-11-09,314.0,21.3,7.7,15.1,0.0,False,13.600000000000001,Templado,True,2016,11
2016-11-10,315.0,19.6,6.1,13.6,0.0,False,13.500000000000002,Frío,True,2016,11
2016-11-11,316.0,19.8,3.3,10.2,0.0,False,16.5,Frío,True,2016,11
2016-11-12,317.0,19.8,4.4,11.2,0.0,False,15.4,Frío,True,2016,11
2016-11-13,318.0,18.1,5.6,11.2,0.0,False,12.500000000000002,Frío,True,2016,11
2016-11-14,319.0,19.0,4.1,10.6,0.0,False,14.9,Frío,True,2016,11
2016-11-15,320.0,16.8,4.9,12.5,0.0,False,11.9,Frío,True,2016,11
2016-11-16,321.0,19.5,4.2,11.0,0.0,False,15.3,Frío,True,2016,11
2016-11-17,322.0,19.0,1.4,9.5,0.0,False,17.6,Frío,True,2016,11
2016-11-18,323.0,20.1,3.2,10.5,0.0,False,16.900000000000002,Templado,True,2016,11
2016-11-19,324.0,19.7,6.0,12.0,0.0,False,13.7,Frío,True,2016,11
2016-11-20,325.0,19.8,3.7,11.4,0.0,False,16.1,Frío,True,2016,11
2016-11-21,326.0,18.5,12.3,15.3,0.4,False,6.199999999999999,Frío,False,2016,11
2016-11-22,327.0,13.6,7.8,10.1,32.6,False,5.8,Frío,False,2016,11
2016-11-23,328.0,14.3,4.1,8.7,12.0,False,10.200000000000001,Frío,False,2016,11
2016-11-24,329.0,11.8,2.0,5.9,0.0,False,9.8,Frío,True,2016,11
2016-11-25,330.0,13.2,1.6,7.6,0.8,False,11.6,Frío,False,2016,11
2016-11-26,331.0,13.2,7.5,9.9,1.4,False,5.699999999999999,Frío,False,2016,11
2016-11-27,332.0,14.2,8.1,10.4,2.8,False,6.1,Frío,False,2016,11
2016-11-28,333.0,13.9,5.5,9.0,0.0,False,8.4,Frío,True,2016,11
2016-11-29,334.0,13.8,4.3,9.4,0.2,False,9.5,Frío,False,2016,11
2016-11-30,335.0,14.0,10.7,12.1,0.0,False,3.3000000000000007,Frío,True,2016,11
2016-12-01,336.0,13.6,9.2,11.1,3.2,False,4.4,Frío,False,2016,12
2016-12-02,337.0,17.2,5.5,10.8,0.0,False,11.7,Frío,True,2016,12
2016-12-03,338.0,13.4,8.7,11.1,1.0,False,4.700000000000001,Frío,False,2016,12
2016-12-04,339.0,11.8,10.1,10.9,23.8,False,1.700000000000001,Frío,False,2016,12
2016-12-05,340.0,16.6,7.9,11.7,0.0,False,8.700000000000001,Frío,True,2016,12
2016-12-06,341.0,17.7,7.1,13.4,0.0,False,10.6,Frío,True,2016,12
2016-12-07,342.0,15.7,6.1,10.1,0.2,False,9.6,Frío,False,2016,12
2016-12-08,343.0,14.5,5.4,10.4,0.0,False,9.1,Frío,True,2016,12
2016-12-09,344.0,13.6,9.5,11.2,1.8,False,4.1,Frío,False,2016,12
2016-12-10,345.0,16.4,6.3,10.9,0.2,False,10.099999999999998,Frío,False,2016,12
2016-12-11,346.0,16.9,5.0,10.2,0.2,False,11.899999999999999,Frío,False,2016,12
2016-12-12,347.0,15.9,3.0,8.7,0.2,False,12.9,Frío,False,2016,12
2016-12-13,348.0,14.6,4.0,8.9,0.2,False,10.6,Frío,False,2016,12
